1.000000000 0.000000000 0.000000000 0.000000000 0.000000000 1.000000000 0.000000000 0.000000000 0.000000000 0.000000000 1.000000000 0.000000000
0.999995492 -0.002673178 -0.001367265 0.479724352 0.002666595 0.999984954 -0.004793804 -0.083480730 0.001380059 0.004790137 0.999987575 0.012882425
0.999958913 -0.008134788 -0.003999769 1.221561049 0.008122015 0.999961898 -0.003199313 -0.086512176 0.004025643 0.003166696 0.999986883 0.051569255
0.999901912 -0.013220566 -0.004624258 1.994269589 0.013203970 0.999906339 -0.003601054 -0.120194715 0.004671433 0.003539642 0.999982824 0.057423749
0.999814538 -0.018566834 -0.005114979 2.712098171 0.018561929 0.999827208 -0.001004862 -0.093915559 0.005132752 0.000909731 0.999986414 0.044564979
0.999749708 -0.021820583 -0.004937941 3.423817210 0.021807558 0.999758605 -0.002676378 -0.034660008 0.004995149 0.002568023 0.999984227 0.055676106
0.999654104 -0.025579906 -0.006110699 4.153876817 0.025566172 0.999670451 -0.002315183 0.033385738 0.006167908 0.002158155 0.999978649 0.074118312
0.999510666 -0.030813114 -0.005383399 4.926932455 0.030808469 0.999524861 -0.000943565 0.055884276 0.005409915 0.000777249 0.999985064 0.071607902
0.999361163 -0.035420635 -0.004758699 5.750405276 0.035427760 0.999371229 0.001421237 0.068094126 0.004705365 -0.001588919 0.999987667 0.074093287
0.999216519 -0.039419456 -0.003528992 6.594133547 0.039427897 0.999219643 0.002355099 0.067140909 0.003433401 -0.002492395 0.999991000 0.100094901
0.999085784 -0.042698589 -0.002103929 7.437119190 0.042698543 0.999087999 -0.000066767 0.081561586 0.002104861 -0.000023129 0.999997785 0.088164322
0.998970366 -0.045364731 -0.000499694 8.221986363 0.045364746 0.998970490 0.000019269 0.165657497 0.000498306 -0.000041918 0.999999875 0.071975965
0.998874466 -0.047422535 -0.000950894 9.009479494 0.047423598 0.998874231 0.001128242 0.193182628 0.000896320 -0.001172067 0.999998911 0.067926939
0.998786988 -0.049224134 -0.001239512 9.828319838 0.049225411 0.998787172 0.001022177 0.223342085 0.001187693 -0.001081953 0.999998709 0.075477179
0.998604571 -0.052806152 -0.000649493 10.763401401 0.052806489 0.998604632 0.000513520 0.287637748 0.000621470 -0.000547100 0.999999657 0.086887764
0.998448020 -0.055688449 -0.000589630 11.669053083 0.055687986 0.998447920 -0.000774499 0.372177041 0.000631846 0.000740462 0.999999526 0.084105609
0.998399349 -0.056493596 -0.002685732 12.503346158 0.056490830 0.998402518 -0.001094760 0.398848361 0.002743289 0.000941289 0.999995794 0.116345547
0.998249902 -0.058949806 -0.004696056 13.380009536 0.058955705 0.998259963 0.001127611 0.492842246 0.004621412 -0.001402497 0.999988338 0.098268051
0.998177621 -0.059926281 -0.007090744 14.276126147 0.059957684 0.998191649 0.004302067 0.554668157 0.006820115 -0.004719371 0.999965606 0.146415923
0.998043925 -0.062164104 -0.006629298 15.187400800 0.062195008 0.998053591 0.004561947 0.601272341 0.006332805 -0.004965332 0.999967620 0.137575281
0.997972405 -0.063465112 -0.004822713 16.123513343 0.063488214 0.997971053 0.004798385 0.671982480 0.004508398 -0.005094841 0.999976858 0.122351909
0.998006641 -0.062976156 -0.004092547 16.982856843 0.062996446 0.998001056 0.005033912 0.746356842 0.003767350 -0.005281693 0.999978955 0.178697591
0.997965998 -0.063664351 -0.003273786 17.904099373 0.063681437 0.997955610 0.005410674 0.824302581 0.002922626 -0.005608148 0.999980003 0.176010429
0.997832182 -0.065694076 -0.003901938 18.785283260 0.065706255 0.997834257 0.003079450 0.864757808 0.003691186 -0.003329156 0.999987646 0.176957437
0.997807982 -0.066022431 -0.004502206 19.685803724 0.066035617 0.997813209 0.002845541 0.909198977 0.004304491 -0.003136609 0.999985816 0.205340853
0.997736595 -0.067123159 -0.004021072 20.588066464 0.067124509 0.997744586 0.000201447 0.986339775 0.003998481 -0.000470904 0.999991895 0.205746355
0.997678438 -0.068097190 -0.000711574 21.599216834 0.068098437 0.997676788 0.001905273 1.062410726 0.000580177 -0.001949307 0.999997932 0.203167410
0.997789717 -0.066419446 0.002034154 22.537136587 0.066417586 0.997791444 0.000968937 1.119067418 -0.002094018 -0.000831691 0.999997462 0.226495952
0.997879861 -0.064850903 0.005490352 23.468608879 0.064830420 0.997888945 0.003830022 1.221716776 -0.005727142 -0.003465960 0.999977593 0.187438842
0.998000098 -0.062884107 0.006433799 24.387562927 0.062866779 0.998017826 0.002861146 1.267881494 -0.006600966 -0.002450951 0.999975210 0.207719433
0.998113272 -0.061224278 0.004635113 25.264257541 0.061202653 0.998114426 0.004671975 1.277269678 -0.004912412 -0.004379479 0.999978344 0.173400197
0.998253028 -0.059072506 0.001153936 26.088167119 0.059065761 0.998240568 0.005196597 1.320274657 -0.001458881 -0.005119360 0.999985832 0.195928911
0.998284242 -0.058490689 -0.002722232 27.008421659 0.058509238 0.998260009 0.007322792 1.351321615 0.002289180 -0.007469504 0.999969483 0.266586595
0.998328678 -0.057784693 -0.000882899 28.071826455 0.057787880 0.998320231 0.004156591 1.451835689 0.000641229 -0.004200665 0.999990972 0.240910573
0.998340196 -0.057508786 0.003097292 29.151316777 0.057518829 0.998339108 -0.003257314 1.537179626 -0.002904824 0.003430060 0.999989898 0.210766559
0.998337639 -0.057314719 0.006081178 30.236231857 0.057341538 0.998345225 -0.004331190 1.620063169 -0.005822874 0.004672694 0.999972130 0.237589256
0.998264394 -0.058510574 0.006686728 31.159011691 0.058577069 0.998230539 -0.010223361 1.680531103 -0.006076722 0.010597306 0.999925382 0.240042574
0.998214058 -0.059667948 0.002903543 32.071363863 0.059693159 0.998171086 -0.009550419 1.683713219 -0.002328379 0.009706685 0.999950178 0.265117810
0.998095767 -0.061670300 0.001270305 33.015759867 0.061680917 0.998028322 -0.011616069 1.711583748 -0.000551434 0.011672303 0.999931724 0.253521895
0.997959585 -0.063847909 -0.000332775 33.995858080 0.063837540 0.997868181 -0.013559601 1.842495716 0.001197818 0.013510690 0.999908009 0.279972657
0.997960297 -0.063837449 0.000162109 35.013284171 0.063834406 0.997880670 -0.012622912 1.857962200 0.000644049 0.012607513 0.999920315 0.341887921
0.997789208 -0.066413282 0.002443798 36.001663957 0.066432784 0.997750074 -0.009026323 1.935710359 -0.001838832 0.009168716 0.999956276 0.317612053
0.997750765 -0.066966259 0.002988569 36.953698581 0.066977034 0.997747790 -0.003663917 1.997054643 -0.002736479 0.003855841 0.999988822 0.374366551
0.997782926 -0.066258485 0.006248641 37.952846258 0.066308986 0.997764995 -0.008254273 2.113427551 -0.005687760 0.008650314 0.999946409 0.290830510
0.997791398 -0.065853190 0.008699633 38.997657334 0.065917980 0.997797730 -0.007383023 2.199776269 -0.008194279 0.007940179 0.999934902 0.319402543
0.997591092 -0.068399987 0.011552282 40.056231120 0.068421198 0.997655470 -0.001450471 2.267434583 -0.011425985 0.002237398 0.999932218 0.316103201
0.997569581 -0.068876177 0.010535794 41.090958233 0.068828353 0.997616792 0.004836832 2.298346848 -0.010843828 -0.004099915 0.999932799 0.354899057
0.997562853 -0.069155696 0.009265251 41.981188451 0.069085758 0.997581259 0.007667477 2.324446682 -0.009773090 -0.007008693 0.999927680 0.377852601
0.997691473 -0.067471907 0.007698453 42.911798663 0.067421122 0.997702271 0.006676114 2.441861244 -0.008131214 -0.006141664 0.999948080 0.345229500
0.997745330 -0.066718958 0.007268928 43.938401155 0.066670060 0.997752083 0.006773738 2.522782726 -0.007704525 -0.006273846 0.999950638 0.370363110
0.997671524 -0.067686518 0.008370502 44.952327248 0.067634309 0.997689838 0.006370904 2.594448281 -0.008782389 -0.005789936 0.999944672 0.391281574
0.997526201 -0.069729760 0.008901663 45.981794082 0.069678242 0.997551639 0.005972495 2.660634410 -0.009296329 -0.005337468 0.999942543 0.380605566
0.997490441 -0.070480782 0.006728960 46.919482630 0.070415739 0.997472891 0.009458091 2.731980340 -0.007378569 -0.008960530 0.999932631 0.393557050
0.997531641 -0.070188792 0.002039361 47.889308929 0.070158798 0.997460818 0.012233579 2.814248297 -0.002892842 -0.012060303 0.999923087 0.397611406
0.997481623 -0.070919678 0.000900537 48.901804130 0.070895956 0.997353010 0.016147333 2.888259447 -0.002043317 -0.016042823 0.999869218 0.411747803
0.997457608 -0.071209833 0.002735062 49.928232622 0.071163382 0.997360538 0.014412853 2.995163583 -0.003754180 -0.014181573 0.999892389 0.426626535
0.997446150 -0.071084320 0.006942454 50.833135766 0.070993412 0.997397648 0.012564551 3.038994910 -0.007817530 -0.012039594 0.999896962 0.446840169
0.997416272 -0.071299099 0.008787382 51.763550884 0.071206677 0.997407190 0.010416691 3.102915580 -0.009507299 -0.009764057 0.999907133 0.437835779
0.997467476 -0.070717706 0.007592181 52.727502787 0.070662316 0.997473348 0.007331872 3.217264675 -0.008091491 -0.006776822 0.999944300 0.446591907
0.997422289 -0.071530730 0.005668581 53.707327461 0.071506427 0.997430521 0.004380247 3.295961918 -0.005967338 -0.003963616 0.999974340 0.469908228
0.997276938 -0.073360971 0.007541728 54.626573885 0.073312365 0.997287640 0.006531522 3.334933140 -0.008000431 -0.005960834 0.999950230 0.462231568
0.997123698 -0.074750726 0.012516379 55.677417619 0.074783816 0.997197351 -0.002196260 3.449874695 -0.012317128 0.003125966 0.999919255 0.451838313
0.997030103 -0.075314448 0.016084368 56.718289362 0.075467351 0.997106565 -0.009120098 3.500987749 -0.015350953 0.010306857 0.999829044 0.398920711
0.996969275 -0.075606557 0.018327912 57.637360670 0.075746869 0.997101906 -0.007085307 3.565545786 -0.017739100 0.008452115 0.999806924 0.338612228
0.996860204 -0.077517521 0.016148315 58.530220276 0.077577319 0.996981490 -0.003109230 3.652009543 -0.015858552 0.004352210 0.999864773 0.369073020
0.996855084 -0.078875966 0.007650076 59.354348631 0.078908301 0.996873770 -0.004020750 3.707107037 -0.007309020 0.004611759 0.999962654 0.417621921
0.996804951 -0.079805534 0.003311532 60.223384558 0.079815543 0.996805108 -0.003009209 3.816861382 -0.003060801 0.003263906 0.999989989 0.419431757
0.996829736 -0.079495111 0.003317277 61.129805012 0.079486298 0.996832278 0.002708971 3.865231836 -0.003522119 -0.002436705 0.999990829 0.376814709
0.996680410 -0.081283575 0.004597849 62.045189625 0.081250792 0.996669687 0.006916888 3.945045162 -0.005144766 -0.006520347 0.999965508 0.383926658
0.996549105 -0.082615376 0.008036182 62.970633847 0.082575837 0.996571560 0.005133991 4.037977060 -0.008432777 -0.004452680 0.999954530 0.416508657
0.996442451 -0.083923562 0.007699136 63.872575825 0.083866072 0.996448742 0.007509069 4.146500163 -0.008301982 -0.006836659 0.999942167 0.431602743
0.996251293 -0.086156341 0.007774686 64.711635640 0.086091112 0.996252128 0.008367636 4.216669448 -0.008466472 -0.007666937 0.999934766 0.422292842
0.996230079 -0.086275753 0.009062227 65.479412079 0.086246719 0.996267492 0.003547922 4.262679491 -0.009334502 -0.002752959 0.999952643 0.393541378
0.996033946 -0.088357563 0.010455600 66.305250756 0.088322693 0.996084848 0.003752043 4.373522071 -0.010746186 -0.002813696 0.999938299 0.413371248
0.996016844 -0.088552523 0.010435353 67.144490690 0.088543854 0.996071443 0.001290817 4.439872140 -0.010508662 -0.000361689 0.999944717 0.380763433
0.995856659 -0.090048297 0.012681442 67.983375530 0.090012598 0.995934961 0.003359396 4.529074269 -0.012932399 -0.002203988 0.999913944 0.388097352
0.995640472 -0.091898859 0.015957784 68.747488904 0.091820006 0.995759833 0.005607199 4.608468818 -0.016405416 -0.004117511 0.999856944 0.394918015
0.995522182 -0.092928583 0.017316565 69.466135285 0.092744287 0.995627418 0.011159807 4.657391123 -0.018277911 -0.009503823 0.999787775 0.394820717
0.995518688 -0.093355920 0.015073601 70.211964547 0.093184216 0.995579913 0.011719190 4.740365782 -0.016101030 -0.010262051 0.999817707 0.426140600
0.995523988 -0.094147635 0.008259018 70.945908182 0.094057618 0.995509422 0.010684360 4.830650757 -0.009227838 -0.009859713 0.999908812 0.438868504
0.995237966 -0.097441794 0.002547122 71.702000552 0.097398861 0.995153347 0.013537995 4.915276483 -0.003853943 -0.013225440 0.999905113 0.434682099
0.995181218 -0.098052601 0.000176647 72.405063424 0.098042811 0.995104287 0.012452501 5.005007362 -0.001396782 -0.012375176 0.999922449 0.429951235
0.995137325 -0.098475868 0.002051084 73.107859059 0.098441913 0.995060599 0.012790378 5.077921255 -0.003300497 -0.012526270 0.999916096 0.438704349
0.995142840 -0.098286337 0.005524818 73.782792198 0.098212399 0.995088768 0.012355932 5.132554812 -0.006712104 -0.011753312 0.999908399 0.478132821
0.994985067 -0.099973534 0.003163663 74.384314200 0.099925867 0.994913464 0.012728741 5.188975742 -0.004420108 -0.012348776 0.999913981 0.480093902
0.994905991 -0.100805595 -0.000548441 74.978194220 0.100806866 0.994877684 0.007507967 5.235301817 -0.000211213 -0.007525008 0.999971664 0.493353822
0.995033465 -0.099480201 -0.003477405 75.568929415 0.099483259 0.995038977 0.000717298 5.284613588 0.003388796 -0.001059680 0.999993697 0.470284105
0.995381390 -0.095842657 -0.005483886 76.154828457 0.095821875 0.995390719 -0.003935073 5.366145661 0.005835757 0.003391422 0.999977221 0.473630867
0.995856561 -0.090871463 -0.003476730 76.717363663 0.090868300 0.995862357 -0.001057549 5.435629501 0.003558445 0.000737243 0.999993397 0.505182941
0.996293575 -0.085994306 -0.002022795 77.279240145 0.085997187 0.996294419 0.001383279 5.441907456 0.001896345 -0.001552107 0.999996997 0.507970957
0.996779240 -0.080139863 0.002957837 77.889282571 0.080147179 0.996780045 -0.002443635 5.478696528 -0.002752480 0.002672827 0.999992640 0.515168514
0.997272169 -0.073391156 0.007871436 78.400681527 0.073435537 0.997284770 -0.005505357 5.533733416 -0.007446019 0.006068383 0.999953865 0.543116465
0.997973790 -0.063179841 0.007524801 78.891655628 0.063187554 0.998001356 -0.000791396 5.556835001 -0.007459762 0.001265266 0.999971375 0.586785382
0.998781544 -0.048949523 0.006274619 79.453376338 0.048918353 0.998790122 0.005028576 5.629686145 -0.006513174 -0.004715504 0.999967671 0.599176722
0.999477496 -0.031273407 0.008167558 80.018256995 0.031196680 0.999469452 0.009358469 5.685718429 -0.008455896 -0.009098778 0.999922852 0.548282346
0.999917786 -0.009346617 0.008778468 80.510461288 0.009273630 0.999922398 0.008318500 5.677237556 -0.008855537 -0.008236408 0.999926868 0.548538718
0.999816650 0.016757307 0.009266019 81.002166427 -0.016795805 0.999850564 0.004092649 5.724177741 -0.009196052 -0.004247529 0.999948694 0.533372944
0.998857025 0.046434062 0.011336767 81.420505614 -0.046467288 0.998916203 0.002685060 5.658264276 -0.011199802 -0.003208780 0.999932132 0.530824319
0.996766432 0.079042043 0.014458036 81.807487846 -0.079073886 0.996867404 0.001643279 5.568181484 -0.014282857 -0.002781218 0.999894127 0.510670625
0.993029904 0.116799761 0.015793213 82.237789584 -0.116838006 0.993149826 0.001517850 5.507930902 -0.015507742 -0.003352518 0.999874127 0.526804084
0.987223535 0.158583185 0.015526302 82.673341454 -0.158610248 0.987341136 0.000519606 5.442103945 -0.015247356 -0.002975598 0.999879325 0.516356596
0.979293749 0.201831226 0.015745168 83.149007857 -0.201839669 0.979417995 -0.001067560 5.369510034 -0.015636567 -0.002132545 0.999875467 0.525441909
0.967880273 0.250896985 0.016077304 83.541317037 -0.250933953 0.968004166 0.000292129 5.252398978 -0.015489603 -0.004317088 0.999870709 0.543233303
0.952185883 0.305119034 0.015633918 83.867291879 -0.305199784 0.952283584 0.003011314 5.122475196 -0.013969115 -0.007638799 0.999873248 0.571611468
0.932674764 0.360406068 0.015008347 84.211997269 -0.360473940 0.932767142 0.001999521 4.916434549 -0.013278654 -0.007275021 0.999885369 0.531794992
0.908788070 0.417003587 0.014568857 84.639653251 -0.417086569 0.908861570 0.003072523 4.715062157 -0.011959821 -0.008868747 0.999889148 0.548224879
0.880077816 0.474653716 0.012918515 84.991053317 -0.474719715 0.880133633 0.002445356 4.550171860 -0.010209322 -0.008284777 0.999913562 0.551292528
0.847360271 0.530892449 0.011566252 85.314349414 -0.530936174 0.847411378 0.000857535 4.223109016 -0.009346115 -0.006867583 0.999932741 0.575099135
0.810458168 0.585696892 0.010803217 85.563832003 -0.585742283 0.810496257 0.001340235 3.974229960 -0.007970995 -0.007414105 0.999940745 0.557327115
0.770755980 0.637016912 0.012028060 85.858365363 -0.637050345 0.770821090 -0.001305852 3.656299625 -0.010103332 -0.006655986 0.999926808 0.564333469
0.728081030 0.685331866 0.014773213 86.132490745 -0.685390969 0.728173927 -0.001396658 3.390536288 -0.011714643 -0.009108546 0.999889895 0.553808054
0.683361104 0.729906503 0.015940450 86.341616785 -0.729963964 0.683479277 -0.002947726 3.140391712 -0.013046532 -0.009621593 0.999868598 0.531250935
0.636734099 0.770945253 0.014598079 86.574469094 -0.770975839 0.636847415 -0.004650337 2.826270551 -0.012881904 -0.008293739 0.999882628 0.545868357
0.589673380 0.807573199 0.010527768 86.739550532 -0.807550249 0.589752713 -0.007371017 2.507504809 -0.012161416 -0.004155209 0.999917414 0.578345878
0.542798097 0.839807015 0.009716147 86.976060731 -0.839807917 0.542858791 -0.005195667 2.152263307 -0.009637853 -0.005339499 0.999939299 0.557079239
0.495681569 0.868423762 0.011830138 87.097013684 -0.868454386 0.495753163 -0.003972457 1.816318846 -0.009314604 -0.008304861 0.999922131 0.542824915
0.449699048 0.893068974 0.014091601 87.274849128 -0.893150485 0.449756713 -0.001053346 1.477353859 -0.007278503 -0.012112231 0.999900154 0.557423879
0.406386707 0.913651777 0.009501294 87.428424182 -0.913675186 0.406431610 -0.003316721 1.122799595 -0.006891954 -0.007333225 0.999949361 0.554010230
0.367679569 0.929952445 -0.000429772 87.492558490 -0.929890734 0.367649763 -0.011699313 0.797670168 -0.010721799 0.004701240 0.999931468 0.566445328
0.332692490 0.943019722 -0.005432383 87.551942031 -0.942947469 0.332577311 -0.015569270 0.434505012 -0.012875441 0.010302231 0.999864034 0.567623799
0.298613876 0.954362947 -0.004595399 87.654145243 -0.954308171 0.298533256 -0.013183683 0.038524372 -0.011210140 0.008322257 0.999902532 0.575337425
0.267581792 0.963530348 0.003041971 87.769505886 -0.963512210 0.267595873 -0.006055530 -0.310033517 -0.006648706 -0.001310626 0.999977038 0.583536611
0.238610201 0.971070775 0.009312406 87.844099680 -0.971107518 0.238635989 -0.001747602 -0.678882797 -0.003919320 -0.008626352 0.999955111 0.563186107
0.213056065 0.976997537 0.009106338 87.936136292 -0.977036064 0.213072331 -0.000843750 -1.037117933 -0.002764650 -0.008717455 0.999958180 0.579916679
0.189996438 0.981774422 0.004509844 87.986094710 -0.981784646 0.189996803 0.000351298 -1.438751813 -0.000511960 -0.004494441 0.999989769 0.608905255
0.169464607 0.985531360 -0.003112018 88.002108907 -0.985523958 0.169477430 0.004464118 -1.810157654 0.004926945 0.002310459 0.999985193 0.602941732
0.150295214 0.988611430 -0.007667442 88.101868686 -0.988566577 0.150374619 0.011117386 -2.198530276 0.012143763 0.005908888 0.999908803 0.590493561
0.132515903 0.991165774 -0.005472152 88.194389473 -0.991093349 0.132575550 0.012557754 -2.626343933 0.013172289 0.003759311 0.999906175 0.572967094
0.116544744 0.993183679 -0.001871444 88.244873294 -0.993140891 0.116557156 0.009252016 -3.153879063 0.009407081 0.000780334 0.999955448 0.583732796
0.101310994 0.994852870 0.001962083 88.238550763 -0.994839987 0.101298524 0.005657617 -3.665191129 0.005429741 -0.002525138 0.999982071 0.588717963
0.087855412 0.996133008 0.000675756 88.236154015 -0.996128936 0.087853018 0.002998412 -4.122901976 0.002927450 -0.000936567 0.999995276 0.630517771
0.076824727 0.997044560 -0.000326866 88.334293430 -0.997044057 0.076825027 0.001031381 -4.595246531 0.001053444 0.000246664 0.999999415 0.656775622
0.065365305 0.997861150 -0.000708425 88.353977870 -0.997859134 0.065366653 0.002085442 -5.102794347 0.002127289 0.000570592 0.999997575 0.666670304
0.056635366 0.998394440 -0.000988430 88.371324921 -0.998392094 0.056637536 0.002327046 -5.618690635 0.002379292 0.000855047 0.999996804 0.681621937
0.051521820 0.998670217 -0.001816290 88.396549194 -0.998669553 0.051525533 0.002060132 -6.152392013 0.002150978 0.001707732 0.999996228 0.693579024
0.046942180 0.998884963 -0.005026103 88.423309283 -0.998890898 0.046959714 0.003429272 -6.699781728 0.003661473 0.004859551 0.999981489 0.693728917
0.041211508 0.999097015 -0.010332743 88.466075819 -0.999137279 0.041261850 0.004707108 -7.277391628 0.005129206 0.010129842 0.999935537 0.636336223
0.036364956 0.999163086 -0.018727448 88.477049606 -0.999329069 0.036439967 0.003679772 -7.903859525 0.004359119 0.018581069 0.999817854 0.627602008
0.032988854 0.999251100 -0.020223131 88.517850138 -0.999448510 0.033058719 0.003130098 -8.568039138 0.003796305 0.020108719 0.999790592 0.669814799
0.030764771 0.999349005 -0.018843954 88.547924427 -0.999520754 0.030823889 0.002854778 -9.233080095 0.003433764 0.018747096 0.999818361 0.643453833
0.028345067 0.999481615 -0.015266259 88.522079844 -0.999593492 0.028388489 0.002635135 -9.893803881 0.003067155 0.015185360 0.999879991 0.673383593
0.027557262 0.999449768 -0.018459629 88.512412717 -0.999613625 0.027619496 0.003124872 -10.566395761 0.003632998 0.018366384 0.999824723 0.686967971
0.026906223 0.999386386 -0.022425596 88.538662741 -0.999634531 0.026958140 0.002015943 -11.222234415 0.002619258 0.022363159 0.999746482 0.625249614
0.028898468 0.999241577 -0.026098844 88.574954660 -0.999579451 0.028951437 0.001653888 -11.912963040 0.002408233 0.026040073 0.999657999 0.658602203
0.033355625 0.998742948 -0.037415596 88.589887275 -0.999440832 0.033419395 0.001080067 -12.644957374 0.002329116 0.037358648 0.999299208 0.653585246
0.037934834 0.998549292 -0.038213356 88.634599782 -0.999278525 0.037977350 0.000387060 -13.450720398 0.001837740 0.038171103 0.999269528 0.645150537
0.042285000 0.998622441 -0.031067642 88.649830595 -0.999103215 0.042332239 0.000864060 -14.196282400 0.002178033 0.031003245 0.999516911 0.660027412
0.046869637 0.998547816 -0.026561190 88.698616002 -0.998901014 0.046853709 -0.001222064 -14.977322356 0.000024201 0.026589277 0.999646442 0.692724158
0.051316518 0.998407206 -0.023444952 88.742109335 -0.998678152 0.051233365 -0.004134155 -15.785728165 -0.002926407 0.023626111 0.999716581 0.659979447
0.054898168 0.998123562 -0.027120969 88.771351055 -0.998487175 0.054793572 -0.004585451 -16.577183576 -0.003090792 0.027331672 0.999621642 0.688154359
0.058712291 0.997804546 -0.030642374 88.889761594 -0.998272675 0.058619026 -0.003933927 -17.316421001 -0.002129064 0.030820414 0.999522671 0.683025236
0.062326626 0.997697837 -0.026728604 88.916489050 -0.998054387 0.062349333 0.000016156 -18.098200460 0.001682629 0.026675594 0.999642727 0.704001937
0.063706755 0.997697309 -0.023270772 88.996459279 -0.997950078 0.063830550 0.004615555 -18.946825490 0.006090313 0.022929027 0.999718544 0.687873202
0.064491691 0.997776108 -0.016842230 89.000366562 -0.997874452 0.064637788 0.008278571 -19.752563415 0.009348805 0.016272532 0.999823887 0.675654316
0.065354310 0.997723713 -0.016619435 89.023702389 -0.997820440 0.065494743 0.008050322 -20.553505753 0.009120483 0.016057089 0.999829479 0.683454436
0.064196031 0.997741330 -0.019776473 89.153927428 -0.997910548 0.064326828 0.006049535 -21.399180039 0.007308029 0.019346795 0.999786124 0.722704527
0.063978296 0.997745196 -0.020280545 89.290087806 -0.997929953 0.064096606 0.005237679 -22.292399628 0.006525783 0.019903465 0.999780609 0.730334504
0.064511022 0.997692071 -0.021186285 89.312181348 -0.997903677 0.064605303 0.003795476 -23.102708835 0.005155463 0.020897021 0.999768341 0.736585973
0.064122115 0.997833060 -0.014749197 89.312059878 -0.997926420 0.064196849 0.004650146 -23.884164754 0.005586921 0.014420437 0.999880412 0.815676113
0.065789489 0.997730009 -0.014372599 89.399449036 -0.997818280 0.065861279 0.004579523 -24.651675860 0.005515725 0.014039957 0.999886222 0.768935006
0.065040827 0.997814755 -0.011636358 89.420267563 -0.997856492 0.065119061 0.006475233 -25.480449402 0.007218832 0.011190261 0.999911329 0.798731265
0.062241589 0.998030611 -0.007802815 89.441517450 -0.998038141 0.062291297 0.006297861 -26.319536470 0.006771505 0.007395518 0.999949725 0.831597562
0.056656429 0.998354978 -0.008796998 89.576300163 -0.998375037 0.056707092 0.005620514 -27.155017795 0.006110121 0.008464265 0.999945510 0.838986683
0.048977383 0.998794924 0.003149004 89.646699308 -0.998786079 0.048959884 0.005412842 -28.077961455 0.005252145 -0.003410288 0.999980392 0.866014616
0.045938652 0.998942051 0.002102141 89.648111253 -0.998943039 0.045935200 0.001661951 -29.009009200 0.001563631 -0.002176267 0.999996409 0.862410065
0.038699210 0.999250849 -0.000333823 89.678273805 -0.999248509 0.038699846 0.002176782 -29.825226745 0.002188071 0.000249332 0.999997575 0.850047199
0.029065906 0.999561671 0.005624912 89.733004151 -0.999573990 0.029050437 0.002812620 -30.675335057 0.002647981 -0.005704267 0.999980225 0.873924627
0.016745220 0.999844752 0.005483478 89.779715634 -0.999855472 0.016728780 0.003030348 -31.471841809 0.002938146 -0.005533430 0.999980374 0.879441952
0.004357812 0.999971918 0.006096902 89.762458271 -0.999986149 0.004339717 0.002977875 -32.217691373 0.002951332 -0.006109795 0.999976980 0.917360322
-0.003847642 0.999985436 0.003784641 89.770275142 -0.999991822 -0.003852327 0.001231386 -32.935937302 0.001245947 -0.003779872 0.999992080 0.891319863
-0.014100468 0.999895676 0.003132566 89.742761717 -0.999900283 -0.014102822 0.000730475 -33.632569981 0.000774577 -0.003121954 0.999994827 0.875859858
-0.023275422 0.999728972 0.000486408 89.732699432 -0.999728757 -0.023275014 -0.000828514 -34.374331184 -0.000816968 -0.000505560 0.999999538 0.902310331
-0.034070581 0.999418963 0.000965719 89.682372127 -0.999419388 -0.034070842 0.000254932 -35.140342763 0.000287687 -0.000956473 0.999999501 0.930371154
-0.046215653 0.998927347 0.002875634 89.696775064 -0.998931314 -0.046217143 0.000453645 -35.975011786 0.000586062 -0.002851596 0.999995762 0.961830568
-0.054458796 0.998505927 0.004489143 89.631022723 -0.998515362 -0.054463366 0.000901947 -36.753788467 0.001145093 -0.004433359 0.999989517 0.986086956
-0.063145566 0.998004109 0.000660002 89.623956632 -0.998002703 -0.063146642 0.001762646 -37.445558123 0.001800805 -0.000547381 0.999998229 1.002281899
-0.074278765 0.997234260 0.002548754 89.567123508 -0.997236736 -0.074281663 0.001061816 -38.156125609 0.001248205 -0.002462841 0.999996188 1.017077699
-0.085789015 0.996313313 0.000168113 89.514363296 -0.996312643 -0.085789152 0.001156777 -38.938425545 0.001166934 -0.000068254 0.999999317 1.051251892
-0.095470472 0.995430551 -0.001845884 89.456159983 -0.995432024 -0.095469001 0.000869582 -39.726104483 0.000689384 0.001920472 0.999997918 1.046310748
-0.102382213 0.994740245 -0.003119018 89.340979349 -0.994745059 -0.102382922 -0.000068030 -40.485417860 -0.000387006 0.003095662 0.999995134 1.038560048
-0.106317173 0.994327686 -0.003018404 89.240081470 -0.994331687 -0.106319903 -0.000758282 -41.258318730 -0.001074897 0.002920676 0.999995157 1.048198959
-0.110757403 0.993846964 -0.001004436 89.172479580 -0.993841674 -0.110760153 -0.003303757 -41.951261724 -0.003394680 0.000632335 0.999994038 1.069237936
-0.112510704 0.993648651 0.001923408 89.124712486 -0.993630835 -0.112496083 -0.006511112 -42.596511827 -0.006253382 -0.002643727 0.999976953 1.051084252
-0.114700447 0.993395905 -0.002895385 89.063669956 -0.993373707 -0.114718165 -0.006958481 -43.301743574 -0.007244679 0.002078058 0.999971598 1.066441623
-0.114791232 0.993382561 -0.003749871 88.929017093 -0.993363485 -0.114814783 -0.006822967 -43.959039067 -0.007208357 0.002941768 0.999969692 1.079103562
-0.113139502 0.993517095 -0.011101141 88.896363932 -0.993556324 -0.113205518 -0.005508394 -44.538218077 -0.006729395 0.010406392 0.999923208 1.095313378
-0.109625413 0.993923777 -0.009889130 88.849342555 -0.993958046 -0.109672865 -0.004389273 -45.295352829 -0.005447172 0.009348204 0.999941468 1.123544385
-0.106255726 0.994319318 -0.006230081 88.785523842 -0.994331470 -0.106276969 -0.003183194 -45.938182978 -0.003827225 0.005856533 0.999975526 1.118127214
-0.100267243 0.994912792 -0.009747600 88.694569208 -0.994955869 -0.100291985 -0.002082238 -46.509348385 -0.003049252 0.009489651 0.999950323 1.100995283
-0.090936831 0.995781433 -0.012240501 88.665293427 -0.995854206 -0.090957038 -0.001103236 -47.061170764 -0.002211942 0.012089430 0.999924474 1.109621721
-0.078458700 0.996838004 -0.012578769 88.610154622 -0.996914902 -0.078480308 -0.001232727 -47.571870086 -0.002216015 0.012443244 0.999920124 1.099600868
-0.059588275 0.998187722 -0.008396981 88.545294232 -0.998223038 -0.059586714 0.000436260 -48.225828595 -0.000064879 0.008408056 0.999964650 1.105203840
-0.038920229 0.999216518 -0.007180939 88.543948141 -0.999236557 -0.038894592 0.003675989 -48.725020636 0.003393809 0.007318527 0.999967460 1.089348904
-0.016874871 0.999816280 -0.009090875 88.422354810 -0.999836727 -0.016815058 0.006616174 -49.319563893 0.006462095 0.009201038 0.999936789 1.114222540
0.013448104 0.999866628 -0.009266852 88.474495190 -0.999875188 0.013523919 0.008167802 -49.904796129 0.008292037 0.009155854 0.999923703 1.155741312
0.048250881 0.998804080 -0.007890665 88.550827115 -0.998807431 0.048306989 0.007081695 -50.345488219 0.007454400 0.007539556 0.999943792 1.232068451
0.086941085 0.996176197 -0.008615804 88.671440883 -0.996188746 0.086996589 0.006290906 -50.891635678 0.007016397 0.008036029 0.999943095 1.198048332
0.128155396 0.991742295 -0.004838876 88.804815133 -0.991746010 0.128172532 0.003413650 -51.394642894 0.004005673 0.004361458 0.999982466 1.212088530
0.171044129 0.985261535 -0.001901069 88.911781526 -0.985263266 0.171042909 -0.000787574 -51.870866171 -0.000450802 0.002007763 0.999997883 1.191309736
0.219580244 0.975593712 -0.001193546 89.069509960 -0.975591889 0.219576706 -0.002556820 -52.329276374 -0.002232343 0.001725841 0.999996019 1.183157402
0.271839274 0.962330745 0.004790176 89.218069695 -0.962324054 0.271861607 -0.004866328 -52.797629033 -0.005985282 -0.003286843 0.999976686 1.203545448
0.325197142 0.945638923 0.003721111 89.356102781 -0.945626483 0.325213267 -0.005185182 -53.247588997 -0.006113465 -0.001832575 0.999979633 1.176883402
0.381523041 0.924351333 0.003844757 89.579491353 -0.924342166 0.381538003 -0.004506907 -53.654551183 -0.005632886 -0.001834383 0.999982453 1.197704190
0.440611563 0.897697813 0.000294218 89.818955325 -0.897695937 0.440611273 -0.001926103 -54.032697443 -0.001858694 0.000584545 0.999998102 1.231265455
0.500627570 0.865643052 -0.005843180 90.083139013 -0.865646978 0.500647806 0.002661661 -54.436130920 0.005229423 0.003725630 0.999979386 1.245981058
0.559455453 0.828836293 -0.006324204 90.334278471 -0.828816730 0.559488019 0.005998670 -54.824097333 0.008510232 0.001885618 0.999962009 1.240247116
0.615222997 0.788322901 -0.006904169 90.691892246 -0.788258242 0.615261231 0.010127305 -55.150384907 0.012231454 -0.000788283 0.999924882 1.238845500
0.667049939 0.744972672 -0.007752195 91.092854299 -0.744884680 0.667092058 0.011618939 -55.510375456 0.013827219 -0.001975921 0.999902447 1.261397775
0.716529394 0.697476726 -0.010575657 91.393096258 -0.697402382 0.716607431 0.010183665 -55.812748392 0.014681463 0.000078593 0.999892218 1.271980755
0.763217075 0.646093912 -0.007896406 91.698217081 -0.646066558 0.763257729 0.005970143 -56.127908595 0.009884267 0.000545089 0.999951001 1.312905057
0.805243826 0.592933756 -0.003455712 92.109652306 -0.592928408 0.805251240 0.002518548 -56.402902755 0.004276049 0.000020945 0.999990857 1.303707508
0.843388933 0.537301557 0.001464472 92.502503493 -0.537300055 0.843390144 -0.001309704 -56.667558436 -0.001938827 0.000317729 0.999998070 1.313997547
0.874722691 0.484579423 0.006557267 92.957243805 -0.484564040 0.874747244 -0.003866557 -56.840865244 -0.007609605 0.000204749 0.999971026 1.296644010
0.900828435 0.434018172 0.011677236 93.311853199 -0.434007741 0.900902166 -0.003545070 -57.026680522 -0.012058672 -0.001874511 0.999925535 1.323844306
0.922227853 0.386356521 0.014980873 93.738998377 -0.386366245 0.922342437 -0.002356517 -57.208649333 -0.014727950 -0.003614858 0.999885004 1.310358150
0.937886558 0.346554906 0.016385992 94.276331189 -0.346646243 0.937991087 0.003017156 -57.334476634 -0.014324304 -0.008509893 0.999861188 1.292421146
0.950013454 0.311710678 0.017632083 94.791362171 -0.311846417 0.950116668 0.005488951 -57.435629696 -0.015041571 -0.010713079 0.999829476 1.288959283
0.959794365 0.280243252 0.016077834 95.271682317 -0.280394558 0.959851136 0.008042891 -57.596199854 -0.013178361 -0.012227658 0.999838395 1.255996073
0.966264244 0.257120424 0.014916399 95.702179375 -0.257207746 0.966346864 0.004232479 -57.708590548 -0.013326159 -0.007926306 0.999879786 1.298952751
0.969834954 0.243224327 0.016189147 96.167670326 -0.243307089 0.969943607 0.003325555 -57.792833350 -0.014893704 -0.007164174 0.999863417 1.302921737
0.972685815 0.231530326 0.016613629 96.709081804 -0.231676037 0.972764598 0.007433054 -57.862930865 -0.014440173 -0.011079006 0.999834355 1.280874188
0.975142133 0.220843586 0.018053548 97.211253552 -0.221089811 0.975166839 0.012997357 -57.950032173 -0.014734839 -0.016665726 0.999752538 1.265515140
0.976694764 0.213989636 0.016606452 97.711731793 -0.214261925 0.976631173 0.016833895 -58.095427044 -0.012616100 -0.019999707 0.999720384 1.292225876
0.977398797 0.210833719 0.015515621 98.197683637 -0.211149408 0.977189442 0.022731510 -58.195184500 -0.010369132 -0.025493865 0.999621200 1.296997936
0.977363317 0.211284820 0.010939480 98.745503509 -0.211484213 0.977123746 0.022441321 -58.301860745 -0.005947715 -0.024246851 0.999688309 1.271633156
0.977326178 0.211593542 0.007855895 99.309921812 -0.211714862 0.977104414 0.021066138 -58.471372708 -0.003218571 -0.022251698 0.999747219 1.310842361
0.976126298 0.217183702 0.002947904 99.832413362 -0.217199839 0.975938008 0.019215481 -58.586864802 0.001296318 -0.019397021 0.999811020 1.326466478
0.974991210 0.222232020 -0.002251478 100.399267803 -0.222154778 0.974838404 0.018366844 -58.662750173 0.006276528 -0.017407335 0.999828780 1.371565366
0.974088079 0.226159600 -0.002061680 100.971672349 -0.226048265 0.973825458 0.023794116 -58.795353668 0.007388984 -0.022711525 0.999714754 1.329896574
0.973462096 0.228848302 0.000039818 101.553534819 -0.228767523 0.973113830 0.026737504 -58.987840879 0.006080085 -0.026037056 0.999642488 1.277239474
0.972398821 0.233249120 0.005948253 102.124961616 -0.233295685 0.971557069 0.040620011 -59.190620959 0.003695514 -0.040886553 0.999156961 1.173414431
0.970596561 0.240343064 0.013323954 102.797466623 -0.240704807 0.969510106 0.045949438 -59.217917008 -0.001874079 -0.047805506 0.998854905 1.156659716
0.969832063 0.243306825 0.015085033 103.457577550 -0.243678372 0.969326872 0.032035385 -59.354004236 -0.006827900 -0.034744840 0.999372891 1.191171480
0.969172741 0.245989826 0.013899796 104.098398742 -0.246228865 0.969017106 0.019421467 -59.552342700 -0.008691657 -0.022245288 0.999714760 1.162630255
0.968843955 0.247476505 0.009837220 104.776242416 -0.247576842 0.968808300 0.010778912 -59.705660642 -0.006862853 -0.012878552 0.999893516 1.223680740
0.969263323 0.245949563 0.006117498 105.372723371 -0.246006984 0.969196334 0.011791072 -59.901903562 -0.003029047 -0.012933601 0.999911770 1.262388531
0.969041134 0.246895362 0.001400420 105.985859738 -0.246869331 0.968819369 0.021084688 -60.074045455 0.003848958 -0.020777651 0.999776712 1.280716024
0.969488072 0.245127282 -0.002343974 106.689532130 -0.244982574 0.969168135 0.026394395 -60.199746255 0.008741691 -0.025014819 0.999648859 1.259323298
0.969981664 0.243176240 -0.000942656 107.398161129 -0.243077019 0.969683060 0.025066436 -60.367922057 0.007009639 -0.024084845 0.999685343 1.277854694
0.970470521 0.241196070 0.003379788 108.096928909 -0.241217255 0.970301512 0.018144185 -60.517192132 0.001096893 -0.018423660 0.999829668 1.260624557
0.971205718 0.238007631 0.010574508 108.774371493 -0.238177341 0.971020932 0.019746001 -60.736777529 -0.005568370 -0.021696037 0.999749106 1.197412266
0.971764453 0.235572013 0.013404256 109.460224923 -0.235852902 0.971438364 0.026094330 -60.891634713 -0.006874314 -0.028518975 0.999569613 1.222815535
0.972227427 0.233664059 0.013226414 110.219827855 -0.233988231 0.971633352 0.034324001 -61.033465047 -0.004830940 -0.036465561 0.999323233 1.298448532
0.973246646 0.229520514 0.010549827 110.942965412 -0.229761473 0.972373085 0.041234069 -61.174120851 -0.000794303 -0.042554863 0.999093816 1.332476950
0.974354021 0.224863649 0.008401301 111.771229969 -0.225014326 0.973370369 0.043802715 -61.360640473 0.001672061 -0.044569764 0.999004875 1.333538693
0.974945242 0.222293674 0.008203513 112.559219146 -0.222439428 0.973996778 0.043022980 -61.534862261 0.001573541 -0.043769834 0.999040402 1.324699656
0.975727761 0.218807180 0.008874351 113.380145328 -0.218985816 0.974783596 0.042920309 -61.756103971 0.000740700 -0.043821894 0.999039085 1.267926084
0.976427625 0.215624270 0.009760486 114.223079541 -0.215843364 0.975600690 0.040186263 -61.887318978 -0.000857203 -0.041345714 0.999144533 1.269803379
0.976343147 0.215933673 0.011256438 114.942641931 -0.216205897 0.975649721 0.036913841 -62.088671926 -0.003011400 -0.038474284 0.999255053 1.252216507
0.976328555 0.215889246 0.013205554 115.738462030 -0.216225615 0.975725760 0.034723557 -62.289606262 -0.005388557 -0.036756979 0.999309706 1.250180850
0.976392469 0.215705190 0.011358604 116.565009383 -0.215926614 0.976099926 0.024589268 -62.441959997 -0.005783100 -0.026461401 0.999633108 1.265717079
0.976251427 0.216407362 0.010050093 117.376789793 -0.216577153 0.976037439 0.021101047 -62.603405489 -0.005242845 -0.022776547 0.999726833 1.269095612
0.976497406 0.215382177 0.007958309 118.207213327 -0.215517276 0.976165380 0.025562765 -62.790495226 -0.002262862 -0.026677127 0.999641541 1.295750091
0.976177489 0.216877927 0.006440146 119.013180011 -0.216973060 0.975683775 0.031046133 -62.947179320 0.000449675 -0.031703875 0.999497205 1.271226405
0.975357710 0.220403551 0.009980586 119.787702905 -0.220629365 0.974329453 0.044774993 -63.139922266 0.000144189 -0.045873644 0.998947240 1.272991572
0.975174772 0.220925461 0.015036787 120.605325589 -0.221426844 0.973518164 0.056855408 -63.298826187 -0.002077778 -0.058773508 0.998269181 1.262388345
0.974641840 0.223195667 0.016030564 121.562676477 -0.223753004 0.972959746 0.057305552 -63.519472417 -0.002806742 -0.059439275 0.998227977 1.263777508
0.974597565 0.223867507 0.006551798 122.393202599 -0.223962520 0.974096615 0.031250188 -63.705541396 0.000613818 -0.031923715 0.999490120 1.445529948
0.973858854 0.227153973 0.000064003 123.204337360 -0.227150224 0.973841082 0.006026880 -63.941918239 0.001306701 -0.005883869 0.999981836 1.561790540
0.973261446 0.229688823 -0.002280701 124.046948365 -0.229690549 0.973263571 -0.000522780 -64.175985458 0.002099646 0.001032657 0.999997263 1.486877656
0.972952081 0.230984022 -0.003260413 124.877922780 -0.230998756 0.972939785 -0.005267719 -64.400558878 0.001955427 0.005878390 0.999980810 1.423190712
0.972530074 0.232772699 -0.001458141 125.748156161 -0.232775482 0.972528063 -0.002177516 -64.549478772 0.000911217 0.002457119 0.999996566 1.434870292
0.972256759 0.233857433 0.005243695 126.576277661 -0.233858323 0.972270580 -0.000451323 -64.682426676 -0.005203836 -0.000787480 0.999986150 1.467260178
0.972214259 0.233864586 0.010333919 127.432135053 -0.233916915 0.972247659 0.004167204 -64.882289045 -0.009072567 -0.006468693 0.999937920 1.401600704
0.972273779 0.233785354 0.005301608 128.274866114 -0.233810000 0.972271283 0.004629845 -65.168643967 -0.004072211 -0.005741046 0.999975228 1.436080804
0.971818999 0.235643733 -0.006313768 129.044382983 -0.235637490 0.971839490 0.001725806 -65.318380214 0.006542644 -0.000189411 0.999978579 1.546740965
0.971426004 0.236818827 -0.015759523 129.820436400 -0.236814452 0.971552472 0.002170168 -65.468688793 0.015825140 0.001623925 0.999873456 1.598086733
0.971490202 0.236715665 -0.013133228 130.600899798 -0.236738946 0.971573271 -0.000224845 -65.681810459 0.012706669 0.003327581 0.999913730 1.609462237
0.972138224 0.234391990 0.002769394 131.547812513 -0.234370864 0.972126205 -0.006398479 -65.859487649 -0.004191953 0.005571140 0.999975695 1.532677719
0.972202223 0.233671464 0.014848731 132.333520795 -0.233482745 0.972268599 -0.013400719 -66.072986431 -0.017568321 0.009561286 0.999799948 1.444455376
0.972084332 0.234009578 0.017075382 133.160573313 -0.233907607 0.972227774 -0.007770920 -66.234733939 -0.018419630 0.003559928 0.999824007 1.449006640
0.972686832 0.232001418 0.007461166 133.914143160 -0.232008214 0.972713825 0.000046662 -66.408317949 -0.007246754 -0.001776439 0.999972164 1.532909013
0.972682589 0.232139074 -0.000179571 134.723416569 -0.232123421 0.972625421 0.010886111 -66.611163428 0.002701747 -0.010547048 0.999940728 1.599043488
0.973031506 0.230653131 -0.002970228 135.535226538 -0.230570202 0.972903370 0.017216690 -66.791257210 0.006860828 -0.016067535 0.999847370 1.592095281
0.973941120 0.226790933 -0.002137164 136.370993562 -0.226749487 0.973877499 0.012136167 -66.996960566 0.004833709 -0.011335311 0.999924070 1.592289640
0.975057553 0.221950081 0.000964221 137.211367925 -0.221910110 0.974778980 0.023703214 -67.145800762 0.004321028 -0.023325969 0.999718574 1.562084923
0.976393797 0.215998011 0.000107487 138.145183101 -0.215910396 0.975983326 0.028969771 -67.350564938 0.006152507 -0.028309112 0.999580282 1.577760200
0.977804636 0.209518716 0.000041389 138.967114277 -0.209410762 0.977294444 0.032290894 -67.495883760 0.006725097 -0.031582853 0.999478512 1.609397866
0.978356189 0.206926830 0.000674127 139.703789441 -0.206828906 0.977782047 0.034118517 -67.637998582 0.006400888 -0.033519491 0.999417567 1.623734555
0.978585258 0.205795546 0.004368737 140.509766660 -0.205810858 0.977848592 0.038131644 -67.770401288 0.003575360 -0.038214199 0.999263174 1.610302204
0.978470166 0.206273282 0.006889644 141.346448391 -0.206383358 0.977670160 0.039584934 -67.953180446 0.001429515 -0.040154585 0.999192457 1.545808494
0.978971094 0.203918967 0.005714256 142.131690053 -0.203993449 0.978353343 0.034805290 -68.084356291 0.001506897 -0.035239044 0.999377776 1.540798044
0.979061973 0.203547294 0.002480321 142.922879985 -0.203526820 0.978590336 0.030623333 -68.266159344 0.003806078 -0.030486953 0.999527918 1.620716560
0.980020485 0.198895695 -0.000592793 143.683239796 -0.198806511 0.979662028 0.027171344 -68.455661008 0.005985000 -0.026510622 0.999630615 1.643987350
0.981167996 0.193125519 -0.003449201 144.405277075 -0.192973273 0.980859117 0.026013607 -68.614623320 0.008407071 -0.024858115 0.999655638 1.650626288
0.982522545 0.186137738 -0.001480411 145.192546303 -0.186068888 0.982322348 0.020522495 -68.689958448 0.005274252 -0.019888355 0.999788295 1.692354298
0.983430997 0.181185469 0.005941417 145.985156058 -0.181263752 0.983274904 0.017717628 -68.929334982 -0.002631869 -0.018501028 0.999825377 1.619763121
0.984504655 0.174866346 0.013128014 146.774923542 -0.175094188 0.984370866 0.018868586 -69.064368997 -0.009623354 -0.020874850 0.999735781 1.553866786
0.985276155 0.170033879 0.017871170 147.545914775 -0.170319578 0.985260604 0.015899152 -69.219312354 -0.014904365 -0.018708865 0.999713878 1.538593627
0.986247296 0.164509468 0.015903011 148.373790968 -0.164824221 0.986098006 0.021064175 -69.264744521 -0.012216671 -0.023395687 0.999651637 1.594583397
0.987352359 0.158369499 0.007377075 149.168736294 -0.158509021 0.987020371 0.025800730 -69.388629368 -0.003195274 -0.026643744 0.999639886 1.669211601
0.988448538 0.151548496 0.001594326 149.982945656 -0.151539863 0.988125204 0.025382087 -69.496980797 0.002271223 -0.025330491 0.999676552 1.645152992
0.989856359 0.142064997 0.001387801 150.847436399 -0.142057327 0.989569160 0.023928929 -69.625208341 0.002026138 -0.023883350 0.999712699 1.661768958
0.990864855 0.134811753 0.003553963 151.765310908 -0.134854993 0.990686767 0.018811159 -69.733447430 -0.000984899 -0.019118586 0.999816738 1.610442274
0.991577395 0.129491494 0.002494450 152.518640366 -0.129514308 0.991300965 0.023418813 -69.874010858 0.000559786 -0.023544633 0.999722630 1.645268862
0.992557891 0.121764590 -0.001489234 153.253521755 -0.121695890 0.992286627 0.023608483 -69.966118348 0.004352424 -0.023251552 0.999720172 1.694460285
0.993350112 0.115060130 -0.004089290 154.162271056 -0.114953588 0.993159157 0.020507617 -70.014609949 0.006420925 -0.019901165 0.999781334 1.691975633
0.994397242 0.105632090 -0.003998396 154.997448692 -0.105538332 0.994233741 0.018998137 -70.076046057 0.005982153 -0.018469711 0.999811524 1.692306662
0.995253249 0.097293841 0.002208719 155.801276916 -0.097318748 0.995036418 0.020774712 -70.198128133 -0.000176504 -0.020891049 0.999781743 1.655433916
0.995821434 0.091040824 0.007158232 156.581513892 -0.091183301 0.995567243 0.023053660 -70.250081097 -0.005027677 -0.023610040 0.999708602 1.671530006
0.996572912 0.082081033 0.010253574 157.424342451 -0.082315671 0.996291173 0.025060505 -70.272609086 -0.008158553 -0.025818650 0.999633350 1.695963073
0.997124088 0.074975890 0.011053038 158.246727517 -0.075243576 0.996820765 0.026206251 -70.325690669 -0.009053060 -0.026962554 0.999595450 1.713582136
0.997471232 0.070261805 0.010696714 159.016712313 -0.070534695 0.997123846 0.027728914 -70.403255521 -0.008717665 -0.028413283 0.999558246 1.705987908
0.997773174 0.066371253 0.006599300 159.856640007 -0.066543657 0.997310511 0.030719487 -70.495054072 -0.004542660 -0.031090222 0.999506259 1.718817464
0.997931861 0.064278432 0.000533592 160.729040636 -0.064255078 0.997266431 0.036482185 -70.508497504 0.001812884 -0.036441021 0.999334161 1.679514815
0.998095553 0.061606536 -0.003146605 161.529947844 -0.061446085 0.997408118 0.037435621 -70.477431142 0.005444728 -0.037170980 0.999294087 1.701932574
0.998350716 0.057403285 0.000842885 162.314244783 -0.057391464 0.997562261 0.039695790 -70.555884204 0.001437838 -0.039678695 0.999211456 1.749229996
0.998529511 0.053408346 0.009293234 163.114993193 -0.053748088 0.997701659 0.041261890 -70.584583619 -0.007068145 -0.041700708 0.999105146 1.698010731
0.998563527 0.050975377 0.016504377 164.006590162 -0.051653729 0.997709325 0.043680593 -70.659353298 -0.014239937 -0.044470359 0.998909211 1.704293769
0.998781566 0.046246146 0.017224328 164.804403757 -0.046940439 0.997999082 0.042360681 -70.694534137 -0.015230845 -0.043117585 0.998953900 1.697771636
0.999106015 0.041478575 0.008166891 165.559559491 -0.041748942 0.998467894 0.036316540 -70.742435168 -0.006648020 -0.036625033 0.999306965 1.771906017
0.999411726 0.034209431 0.002432527 166.424162454 -0.034272286 0.998837373 0.033901507 -70.734472047 -0.001269948 -0.033964932 0.999422218 1.758989731
0.999623405 0.027441340 -0.000146393 167.258727683 -0.027416639 0.998923275 0.037424830 -70.719378290 0.001173223 -0.037406722 0.999299435 1.710375852
0.999780889 0.019948346 0.006343269 168.083675494 -0.020149102 0.999240952 0.033339661 -70.774248832 -0.005673383 -0.033460167 0.999423949 1.706387700
0.999860037 0.012810360 0.010761064 168.895705726 -0.013074984 0.999604653 0.024891429 -70.744927290 -0.010437941 -0.025028646 0.999632241 1.698298815
0.999872524 0.005441360 0.015010900 169.634163726 -0.005601968 0.999927294 0.010678203 -70.781808861 -0.014951705 -0.010760932 0.999830310 1.691628321
0.999900952 0.001280097 0.014015972 170.517027500 -0.001527643 0.999842789 0.017665308 -70.798974108 -0.013991155 -0.017684970 0.999745712 1.676186628
0.999932305 -0.005270143 0.010373552 171.430504025 0.005130678 0.999896713 0.013425307 -70.786673534 -0.010443234 -0.013371175 0.999856065 1.729769568
0.999926749 -0.012054811 0.001085438 172.147302050 0.012043731 0.999880487 0.009693273 -70.849330321 -0.001202159 -0.009679490 0.999952430 1.760960321
0.999782386 -0.020178305 -0.005293114 172.971153324 0.020199129 0.999788329 0.003910629 -70.902240713 0.005213084 -0.004016694 0.999978345 1.795584048
0.999668924 -0.025724209 0.000554593 173.898725351 0.025718636 0.999633793 0.008416185 -70.819858854 -0.000770889 -0.008399135 0.999964429 1.768234200
0.999423213 -0.031593431 0.012453781 174.699526140 0.031470171 0.999454944 0.009972168 -70.736929883 -0.012762048 -0.009574494 0.999872721 1.697413156
0.999099496 -0.037169612 0.020460151 175.552469632 0.036929764 0.999246070 0.011978447 -70.631343977 -0.020889960 -0.011212071 0.999718910 1.698921447
0.999072559 -0.038961757 0.018330398 176.316881382 0.038768787 0.999190192 0.010767597 -70.602204152 -0.018735079 -0.010046963 0.999774002 1.754096672
0.999160913 -0.039803696 0.009650670 177.257522933 0.039705387 0.999159643 0.010172986 -70.592718832 -0.010047482 -0.009781266 0.999901683 1.773312342
0.999121705 -0.041898327 -0.000590606 178.141439818 0.041902159 0.998958645 0.018050915 -70.492966953 -0.000166312 -0.018059808 0.999836895 1.772880962
0.998971860 -0.045062305 -0.004961099 178.893989669 0.045122935 0.998898470 0.012875061 -70.457218738 0.004375454 -0.013085683 0.999904806 1.738866085
0.998933963 -0.046152285 -0.000951027 179.736109953 0.046157619 0.998911870 0.006674522 -70.483559467 0.000641947 -0.006711304 0.999977273 1.742023613
0.998748994 -0.049505613 0.007045677 180.506499029 0.049445433 0.998740881 0.008473594 -70.412207136 -0.007456296 -0.008114617 0.999939276 1.708745182
0.998707202 -0.048922713 0.013801931 181.442890060 0.048756809 0.998737248 0.012111314 -70.387270246 -0.014377021 -0.011422719 0.999831397 1.710213166
0.998601652 -0.050824227 0.014547775 182.220414771 0.050591255 0.998591943 0.015957952 -70.291798133 -0.015338342 -0.015199647 0.999766826 1.758046537
0.998572738 -0.053068687 0.006016717 183.071827762 0.052983538 0.998503805 0.013523889 -70.256389058 -0.006725409 -0.013185800 0.999890446 1.789182713
0.998546117 -0.053651056 -0.005216994 183.902103457 0.053682661 0.998539295 0.006119549 -70.242029210 0.004881053 -0.006390714 0.999967667 1.791123072
0.998365623 -0.056408322 -0.009175240 184.726809580 0.056326616 0.998372438 -0.008932360 -70.205202202 0.009664166 0.008400951 0.999918011 1.757775685
0.998308735 -0.057784463 -0.006373744 185.600175477 0.057721257 0.998285701 -0.009690959 -70.177572680 0.006922804 0.009306669 0.999932728 1.741150037
0.998259044 -0.058927919 0.002526186 186.518913849 0.058942942 0.998241129 -0.006354333 -70.053696505 -0.002147295 0.006492171 0.999976620 1.687182028
0.998159350 -0.060066545 0.008361983 187.340259895 0.060120780 0.998170638 -0.006392887 -70.007583171 -0.007962687 0.006883849 0.999944603 1.774053453
0.998172702 -0.060100655 0.006258468 188.191100594 0.060173134 0.998114372 -0.012119976 -69.890510027 -0.005518248 0.012474421 0.999906965 1.828434861
0.998136548 -0.060956486 0.002781905 189.100489023 0.061007727 0.997811106 -0.025515750 -69.886487951 -0.001220465 0.025637920 0.999670549 1.845053256
0.998058076 -0.062284890 -0.000818113 189.906107089 0.062260742 0.997903339 -0.017678386 -69.768538745 0.001917494 0.017593120 0.999843390 1.785565006
0.997979453 -0.063537046 0.000233199 190.782896147 0.063535050 0.997902589 -0.012398370 -69.671969884 0.000555046 0.012388135 0.999923110 1.785878868
0.998014674 -0.062904367 0.003122693 191.678563800 0.062916999 0.998010231 -0.004126685 -69.633324089 -0.002856893 0.004314963 0.999986610 1.784161242
0.997954307 -0.063562283 0.006858447 192.543652249 0.063567507 0.997977391 -0.000546170 -69.565685764 -0.006809859 0.000981027 0.999976331 1.771509105
0.997880093 -0.064760501 0.006434078 193.427378737 0.064733029 0.997892961 0.004390189 -69.538492051 -0.006704832 -0.003964385 0.999969664 1.839717784
0.997866286 -0.065116652 0.004764203 194.172825032 0.065062185 0.997822641 0.010811502 -69.491260683 -0.005457839 -0.010478464 0.999930204 1.808022315
0.997838628 -0.065710561 0.000440702 194.884133880 0.065700044 0.997762191 0.012414320 -69.368518791 -0.001255468 -0.012358533 0.999922842 1.859598155
0.997746325 -0.067089489 -0.001127735 195.621095982 0.067098125 0.997677055 0.011761643 -69.336828037 0.000336033 -0.011810805 0.999930194 1.820450507
0.997650185 -0.068415996 0.003655063 196.413871109 0.068368608 0.997590204 0.011811815 -69.267793172 -0.004454372 -0.011534168 0.999923558 1.793719926
0.997456193 -0.070110324 0.012871906 197.202162658 0.069998517 0.997507027 0.008940881 -69.238528497 -0.013466665 -0.008017122 0.999877180 1.752017305
0.997288492 -0.071639508 0.016835812 197.983619758 0.071418048 0.997356359 0.013407266 -69.196288930 -0.017751795 -0.012168531 0.999768373 1.761158176
0.997350953 -0.071585268 0.012908355 198.606339921 0.071505221 0.997418652 0.006560124 -69.140565463 -0.013344642 -0.005619731 0.999895164 1.872300919
0.997458825 -0.070789753 0.008043865 199.332120386 0.070747741 0.997479661 0.005392889 -69.120594373 -0.008405353 -0.004810100 0.999953105 1.880512813
0.997498014 -0.070591660 0.003811700 200.098231776 0.070576776 0.997498696 0.003907776 -69.125390458 -0.004078023 -0.003628981 0.999985100 1.943882151
0.997596250 -0.069294078 -0.000231769 200.897609694 0.069294460 0.997591932 0.002935015 -69.047604209 0.000027831 -0.002944020 0.999995666 1.916942091
0.997682178 -0.067889043 -0.004620489 201.653187912 0.067881168 0.997691716 -0.001840594 -68.967962734 0.004734779 0.001522684 0.999987632 1.927167695
0.998001772 -0.062716446 -0.007688295 202.395690604 0.062713953 0.998031383 -0.000565138 -68.900428300 0.007708603 0.000081845 0.999970285 1.929678255
0.998435220 -0.055890866 -0.001822655 203.017954017 0.055882725 0.998428305 -0.004247352 -68.852168945 0.002057179 0.004138851 0.999989319 1.921276114
0.998754907 -0.049584809 0.005475625 203.656703695 0.049595629 0.998767651 -0.001858178 -68.841063157 -0.005376740 0.002127431 0.999983282 1.893578262
0.998982804 -0.043824394 0.010619811 204.294562981 0.043787866 0.999034190 0.003648247 -68.769283601 -0.010769437 -0.003179517 0.999936953 1.904130695
0.999184084 -0.038968400 0.010612688 204.919926063 0.038891815 0.999216545 0.007329587 -68.708633661 -0.010889996 -0.006910859 0.999916821 1.934278945
0.999486114 -0.031934752 0.002771149 205.551876314 0.031933801 0.999489911 0.000386733 -68.671800909 -0.002782086 -0.000298040 0.999996086 1.955413917
0.999718571 -0.023306951 -0.004423312 206.357834201 0.023301259 0.999727599 -0.001333941 -68.668054378 0.004453197 0.001230497 0.999989327 1.943326831
0.999824102 -0.015359812 -0.010762974 206.987598506 0.015332100 0.999878938 -0.002652516 -68.618301372 0.010802414 0.002487030 0.999938559 1.960747352
0.999893809 -0.009468537 -0.011077751 207.559120532 0.009511375 0.999947466 0.003820751 -68.526484088 0.011040992 -0.003925710 0.999931340 1.934353390
0.999978544 -0.004017993 -0.005173672 208.115910872 0.004032491 0.999987964 0.002794916 -68.570998898 0.005162380 -0.002815719 0.999982711 1.963999104
0.999998574 0.001592312 0.000562521 208.710357278 -0.001593884 0.999994793 0.002805938 -68.673783591 -0.000558050 -0.002806830 0.999995905 1.945437123
0.999959984 0.007840727 0.004307349 209.414588158 -0.007825525 0.999963133 -0.003534720 -68.679206806 -0.004334905 0.003500871 0.999984476 1.987622470
0.999932570 0.011072490 0.003500897 210.146535266 -0.011075043 0.999938417 0.000710809 -68.669121761 -0.003492811 -0.000749534 0.999993619 1.932363302
0.999920730 0.012214446 0.003056167 210.837502201 -0.012215253 0.999925361 0.000245523 -68.648005543 -0.003052939 -0.000282836 0.999995300 1.884244840
0.999930058 0.011261929 0.003612154 211.496757933 -0.011252671 0.999933376 -0.002573117 -68.697267759 -0.003640892 0.002532291 0.999990166 1.865659741
0.999916855 0.011732266 0.005351405 212.144140674 -0.011701854 0.999915403 -0.005679220 -68.729660136 -0.005417582 0.005616127 0.999969554 1.849815152
0.999913001 0.011270179 0.006853787 212.794049121 -0.011204513 0.999891669 -0.009545140 -68.672393390 -0.006960620 0.009467517 0.999930956 1.871743125
0.999932028 0.010517895 0.005031243 213.463132521 -0.010503404 0.999940638 -0.002898009 -68.624404851 -0.005061425 0.002844967 0.999983144 1.916368045
0.999958679 0.008987832 -0.001363782 214.110706858 -0.008988254 0.999959559 -0.000303464 -68.668857600 0.001360999 0.000315710 0.999999024 1.953576180
0.999944786 0.006043393 -0.008596700 214.730963144 -0.006065979 0.999978212 -0.002603591 -68.725382397 0.008580778 0.002655595 0.999959658 2.012924342
0.999909020 0.002114369 -0.013322178 215.312011164 -0.002228964 0.999960596 -0.008592864 -68.723095837 0.013303484 0.008621777 0.999874333 2.053516191
0.999948315 -0.002289586 -0.009905829 215.974775754 0.002248566 0.999988860 -0.004150079 -68.729038328 0.009915221 0.004127590 0.999942324 2.025648463
0.999982682 -0.005871317 -0.000403567 216.658957728 0.005871450 0.999982709 0.000328434 -68.701977427 0.000401632 -0.000330797 0.999999865 1.927076641
0.999890575 -0.010279052 0.010638572 217.416510579 0.010245832 0.999942478 0.003172393 -68.684859221 -0.010670569 -0.003063045 0.999938376 1.834945549
0.999746866 -0.013419167 0.018059063 218.157039432 0.013440050 0.999909142 -0.001035518 -68.680399839 -0.018043527 0.001277971 0.999836386 1.764610204
0.999718416 -0.014927063 0.018446469 218.874729087 0.014984653 0.999883260 -0.002987725 -68.660247102 -0.018399717 0.003263297 0.999825385 1.805436332
0.999713683 -0.017897388 0.015881944 219.482448000 0.017884776 0.999839617 0.000935818 -68.652728956 -0.015896145 -0.000651505 0.999873436 1.869458322
0.999722805 -0.021567126 0.009443079 220.170072110 0.021627515 0.999745994 -0.006340257 -68.579272980 -0.009303939 0.006542730 0.999935313 1.991442586
0.999663824 -0.025019905 0.006800257 220.891683512 0.025097192 0.999618543 -0.011528166 -68.598290697 -0.006509229 0.011694958 0.999910425 2.004879852
0.999618871 -0.026755175 0.006802506 221.566648077 0.026874728 0.999474262 -0.018136938 -68.615798416 -0.006313673 0.018312841 0.999812371 1.951331293
0.999565422 -0.026917626 0.012016970 222.269700085 0.027196649 0.999349278 -0.023693106 -68.614240479 -0.011371388 0.024009631 0.999647052 1.933800761
0.999503232 -0.027240332 0.015850994 222.969471392 0.027690857 0.999197714 -0.028933444 -68.571875479 -0.015050120 0.029357998 0.999455653 1.925925278
0.999442884 -0.030182642 0.014245313 223.658309926 0.030622725 0.999026351 -0.031758455 -68.567156838 -0.013272889 0.032176992 0.999394052 1.964617400
0.999476564 -0.030510148 0.010757712 224.363784480 0.030898031 0.998801794 -0.037951136 -68.560653028 -0.009586927 0.038263663 0.999221689 2.026589575
0.999463204 -0.031592481 0.008672944 225.028583441 0.031955769 0.998450656 -0.045553443 -68.599925320 -0.007220360 0.045806141 0.998924253 2.003483324
0.999432398 -0.032099962 0.010221240 225.757242512 0.032529377 0.998454565 -0.045059095 -68.560913120 -0.008759048 0.045366010 0.998932032 1.972444720
0.999380509 -0.032229891 0.014136189 226.453280082 0.032874933 0.998303391 -0.048058068 -68.483270822 -0.012563299 0.048493023 0.998744507 1.948148726
0.999294137 -0.032984338 0.017979463 227.148368678 0.033797743 0.998323435 -0.046989688 -68.467615495 -0.016399395 0.047564185 0.998733552 1.941384417
0.999340563 -0.033060596 0.015014535 227.857664208 0.033692555 0.998463526 -0.043993172 -68.479340068 -0.013537025 0.044470040 0.998918998 1.916348395
0.999382569 -0.033609462 0.010241291 228.533743673 0.034053420 0.998323760 -0.046797807 -68.456461889 -0.008651275 0.047117664 0.998851882 1.948665969
0.999440731 -0.033394428 0.001742925 229.161709819 0.033438133 0.998562957 -0.041879732 -68.490591663 -0.000341871 0.041914590 0.999121139 1.966065740
0.999446872 -0.032952971 -0.004478002 229.793235780 0.032742609 0.998626153 -0.040911225 -68.426921894 0.005819997 0.040741975 0.999152751 2.005232602
0.999477336 -0.032145148 -0.003426864 230.481982596 0.031978844 0.998655616 -0.040795996 -68.356481481 0.004733650 0.040665087 0.999161620 2.020737300
0.999460389 -0.032844256 0.000430492 231.161963916 0.032839170 0.998846420 -0.035034522 -68.361147349 0.000720688 0.035029754 0.999386010 2.013864550
0.999464921 -0.032020105 0.006677228 231.843159329 0.032283777 0.998507111 -0.044060271 -68.352576015 -0.005256445 0.044252261 0.999006560 1.930655681
0.999396185 -0.032354525 0.012666903 232.525294887 0.032900018 0.998421102 -0.045529013 -68.356530222 -0.011173833 0.045918263 0.998882705 1.940529075
0.999377095 -0.031023331 0.016821881 233.144308282 0.031836441 0.998219473 -0.050441308 -68.335993787 -0.015227071 0.050945437 0.998585349 1.991337301
0.999230695 -0.033783323 0.019917474 233.703675295 0.034792269 0.998004240 -0.052697583 -68.322932300 -0.018097424 0.053350017 0.998411868 1.973470087
0.999055810 -0.038799364 0.019547310 234.294179775 0.039819759 0.997700747 -0.054841645 -68.257567746 -0.017374544 0.055568234 0.998303710 2.026799952
0.998732979 -0.046710383 0.018723687 234.826610689 0.047687894 0.997308337 -0.055695111 -68.301137694 -0.016071749 0.056517437 0.998272247 2.057569588
0.998152827 -0.058730960 0.015543729 235.365152046 0.059456463 0.996913273 -0.051272359 -68.259618822 -0.012484475 0.052101826 0.998563737 2.065789019
0.997344997 -0.071507330 0.013771680 235.888837415 0.072155524 0.995908764 -0.054399579 -68.162181708 -0.009825368 0.055248851 0.998424272 2.079266874
0.995770116 -0.091182151 0.011300085 236.433730186 0.091659813 0.994348973 -0.053559290 -68.121831591 -0.006352577 0.054368505 0.998500731 2.089357860
0.993331293 -0.114764063 0.011052222 236.929671895 0.115200485 0.991827195 -0.054842178 -68.124368377 -0.004667983 0.055749673 0.998433866 2.051461656
0.990148875 -0.139322373 0.013945695 237.370705475 0.139874896 0.988725578 -0.053448525 -67.960391450 -0.006341890 0.054872650 0.998473221 2.014000077
0.986104594 -0.165218593 0.017336255 237.838438019 0.165942946 0.984534733 -0.056163131 -67.887326468 -0.007788952 0.058259550 0.998271084 2.005312506
0.979889851 -0.198637573 0.018947163 238.375979391 0.199419766 0.978163042 -0.058556121 -67.768291450 -0.006901969 0.061156987 0.998104296 2.082543411
0.972126935 -0.233828937 0.017124563 238.796580756 0.234440337 0.970290432 -0.059784660 -67.650559564 -0.002636416 0.062132967 0.998064399 2.154490296
0.962213629 -0.271942624 0.013861486 239.260449769 0.272278655 0.960336946 -0.060143868 -67.521860521 0.003043984 0.061645436 0.998093470 2.176628363
0.949223678 -0.314471145 0.009072412 239.742406089 0.314459436 0.947530953 -0.057448720 -67.285864114 0.009469574 0.057384590 0.998307235 2.166800279
0.933024714 -0.359746058 0.006903406 240.165370522 0.359597747 0.931634293 -0.052411867 -67.132982115 0.012423512 0.051384017 0.998601692 2.153403653
0.913448993 -0.406950557 0.001477071 240.555226111 0.406627258 0.912566039 -0.043330092 -66.938686437 0.016285280 0.040180446 0.999059719 2.154346410
0.891205448 -0.453572334 -0.004998727 240.946188888 0.453157130 0.890768285 -0.034358081 -66.662454667 0.020036582 0.028354901 0.999397086 2.147668134
0.865860983 -0.500165887 -0.010901563 241.300531504 0.499859761 0.865818064 -0.022345028 -66.365155662 0.020614991 0.013898435 0.999690880 2.119837441
0.835786348 -0.548852808 -0.014892125 241.622366448 0.548641586 0.835902177 -0.016123273 -66.078782333 0.021297663 0.005305172 0.999759103 2.159546439
0.802367180 -0.596598114 -0.016661334 241.951025355 0.596528294 0.802536643 -0.009430372 -65.798353283 0.018997474 -0.002372336 0.999816717 2.135811716
0.765660958 -0.643044262 -0.016042908 242.302374329 0.643102979 0.765777432 -0.001866342 -65.449390376 0.013485438 -0.008888257 0.999869562 2.123045166
0.726430282 -0.687123711 -0.012651142 242.600537527 0.687227044 0.726407074 0.007193921 -65.209806206 0.004246765 -0.013920089 0.999894092 2.132081957
0.686806502 -0.726774785 -0.009759180 242.846336536 0.726817153 0.686615548 0.017202201 -64.834646341 -0.005801322 -0.018907723 0.999804402 2.131308465
0.644660021 -0.764410109 -0.009520629 243.040170964 0.764360886 0.644308704 0.024874285 -64.441835122 -0.012879931 -0.023312654 0.999645251 2.097298304
0.601494793 -0.798806146 -0.010618637 243.229373869 0.798701984 0.601032111 0.028905763 -64.136668092 -0.016707959 -0.025867792 0.999525738 2.112905127
0.555874710 -0.831190626 -0.011200411 243.452613118 0.831046906 0.555368302 0.030448129 -63.761782649 -0.019087846 -0.026233412 0.999473593 2.128351379
0.507556173 -0.861564418 -0.009668788 243.632311570 0.861374973 0.507113793 0.029474684 -63.433791407 -0.020491163 -0.023288510 0.999518763 2.152528402
0.456476312 -0.889704596 -0.007423504 243.830130476 0.889559853 0.456204466 0.023680249 -63.052631111 -0.017681791 -0.017413124 0.999692021 2.131251000
0.402969841 -0.915194282 -0.005893524 243.974280900 0.915131763 0.402839670 0.015939173 -62.630837229 -0.012213295 -0.011816357 0.999855594 2.122360141
0.350470567 -0.936557296 -0.005551001 244.075693223 0.936546610 0.350409141 0.009689204 -62.262996637 -0.007129373 -0.008594552 0.999937651 2.145222069
0.298327427 -0.954438291 -0.006949517 244.154259728 0.954450486 0.298277268 0.007412237 -61.875174814 -0.005001640 -0.008844243 0.999948380 2.144348273
0.248869689 -0.968495145 -0.009001769 244.235776274 0.968521563 0.248802542 0.007954674 -61.436525778 -0.005464400 -0.010698085 0.999927843 2.129662307
0.203669837 -0.978996278 -0.009213348 244.333209235 0.979021488 0.203599755 0.008004117 -60.970366957 -0.005960166 -0.010650263 0.999925521 2.129861531
0.159941329 -0.987074621 -0.010122399 244.389570678 0.987106256 0.159863927 0.008047688 -60.508616129 -0.006325463 -0.011279041 0.999916382 2.144487485
0.119236192 -0.992812540 -0.010295219 244.416669604 0.992846048 0.119161795 0.007562549 -60.029402139 -0.006281397 -0.011123297 0.999918405 2.146669985
0.083574660 -0.996456140 -0.009509815 244.457523025 0.996486673 0.083517518 0.006255699 -59.585761352 -0.005439293 -0.009999222 0.999935213 2.133241357
0.052650109 -0.998555216 -0.010744569 244.460710990 0.998609247 0.052617282 0.003315508 -59.067220134 -0.002745368 -0.010904188 0.999936779 2.140324965
0.027763787 -0.999558743 -0.010558983 244.473857214 0.999614195 0.027753815 0.001089801 -58.566442417 -0.000796269 -0.010585166 0.999943659 2.137224582
0.005007706 -0.999893920 -0.013677384 244.470557316 0.999987302 0.004999519 0.000632689 -58.008644032 -0.000564242 -0.013680379 0.999906260 2.122793490
-0.014727853 -0.999733254 -0.017790745 244.416107779 0.999891296 -0.014713103 -0.000959693 -57.492683722 0.000697680 -0.017802945 0.999841272 2.131185041
-0.028087877 -0.999466198 -0.016685015 244.391442920 0.999604837 -0.028065341 -0.001583308 -56.940976054 0.001114192 -0.016722893 0.999859542 2.143418593
-0.038591032 -0.999067246 -0.019374492 244.318653680 0.999251298 -0.038530226 -0.003502107 -56.387587673 0.002752336 -0.019495136 0.999806163 2.137112483
-0.045059692 -0.998749194 -0.021671902 244.313819383 0.998974205 -0.044951124 -0.005471161 -55.806875336 0.004490141 -0.021896200 0.999750166 2.150453240
-0.052073414 -0.998333275 -0.024880337 244.276282162 0.998622396 -0.051895116 -0.007759375 -55.169790853 0.006455274 -0.025250119 0.999660323 2.114160027
-0.054990876 -0.998226635 -0.022794505 244.232922603 0.998467692 -0.054834047 -0.007449500 -54.518140938 0.006186375 -0.023169231 0.999712416 2.130216415
-0.053232342 -0.998352869 -0.021397830 244.219421331 0.998568354 -0.053106731 -0.006396669 -53.879620141 0.005249764 -0.021707706 0.999750577 2.120946424
-0.054421979 -0.998236948 -0.023690592 244.167800413 0.998511007 -0.054317320 -0.005039510 -53.235829404 0.003743815 -0.023929577 0.999706637 2.139011039
-0.054786225 -0.998358754 -0.016681339 244.093060709 0.998488555 -0.054704978 -0.005288846 -52.531430980 0.004367613 -0.016945882 0.999846869 2.156168975
-0.052473168 -0.998411558 -0.020516519 244.149676495 0.998578302 -0.052266851 -0.010466646 -51.799107865 0.009377686 -0.021036569 0.999734726 2.148628061
-0.051718387 -0.998398127 -0.022943149 244.106185019 0.998611759 -0.051472376 -0.011187044 -51.080695491 0.009988185 -0.023489874 0.999674178 2.178264579
-0.049114856 -0.998477051 -0.025125855 244.016722565 0.998750007 -0.048863413 -0.010525657 -50.405683825 0.009281892 -0.025611414 0.999628882 2.192713785
-0.046466933 -0.998558203 -0.026876375 243.974305508 0.998853138 -0.046136114 -0.012801089 -49.668668382 0.011542661 -0.027440379 0.999556798 2.167697588
-0.046919732 -0.998654919 -0.022065617 243.900732153 0.998832388 -0.046650713 -0.012552760 -48.928579597 0.011506498 -0.022628825 0.999677716 2.180217064
-0.045377622 -0.998729598 -0.021910328 243.890752424 0.998901872 -0.045107648 -0.012662912 -48.100120743 0.011658501 -0.022460881 0.999679743 2.199713165
-0.044327631 -0.998794728 -0.021074925 243.879274520 0.998961670 -0.044093192 -0.011461787 -47.276751621 0.010518711 -0.021561116 0.999712196 2.203692418
-0.041775717 -0.998983632 -0.016926111 243.856435935 0.999063236 -0.041575644 -0.012004820 -46.414244178 0.011288905 -0.017411766 0.999784672 2.259865943
-0.041108805 -0.999056480 -0.014007733 243.807274403 0.999086353 -0.040938006 -0.012269391 -45.559782243 0.011684366 -0.014499315 0.999826608 2.262021682
-0.042217630 -0.999012772 -0.013825789 243.808810037 0.999056279 -0.042069984 -0.010801287 -44.605267802 0.010208973 -0.014268746 0.999846078 2.262055377
-0.040035313 -0.999109380 -0.013327464 243.763076865 0.999176748 -0.039943356 -0.007096045 -43.649485846 0.006557381 -0.013600585 0.999886006 2.280770695
-0.037116132 -0.999244486 -0.011526026 243.709440399 0.999308511 -0.037088042 -0.002641436 -42.839414225 0.002211962 -0.011616096 0.999930084 2.261301605
-0.037570396 -0.999226622 -0.011602705 243.667304564 0.999291020 -0.037539476 -0.002871308 -42.014993273 0.002433528 -0.011702356 0.999928564 2.233877925
-0.039128924 -0.999139905 -0.013725069 243.627082188 0.999230014 -0.039085454 -0.003421389 -41.149552752 0.002881996 -0.013848376 0.999899953 2.273001823
-0.038397010 -0.999131933 -0.016157047 243.603182529 0.999242375 -0.038288435 -0.006976571 -40.214232880 0.006351886 -0.016412685 0.999845127 2.311607547
-0.039968349 -0.999087744 -0.015040327 243.546501770 0.999164292 -0.039833426 -0.009166002 -39.293671474 0.008558532 -0.015394108 0.999844874 2.313870931
-0.044254534 -0.998964903 -0.010519409 243.514660815 0.998996894 -0.044178984 -0.007309168 -38.419740472 0.006836865 -0.010832321 0.999917956 2.334922841
-0.046905313 -0.998819469 -0.012631715 243.487559333 0.998896829 -0.046873088 -0.002835356 -37.556191864 0.002239921 -0.012750773 0.999916197 2.295682073
-0.049788943 -0.998671306 -0.013292211 243.440207088 0.998754798 -0.049826242 0.002489607 -36.761823447 -0.003148600 -0.013151705 0.999908555 2.295313899
-0.052057022 -0.998582799 -0.011066170 243.406028959 0.998630395 -0.052111194 0.004664458 -35.883804070 -0.005234518 -0.010808195 0.999927889 2.267829843
-0.057072786 -0.998329719 -0.008970494 243.344275655 0.998359704 -0.057110738 0.004032951 -35.066964414 -0.004538527 -0.008725608 0.999951632 2.299112213
-0.056306694 -0.998309070 -0.014441471 243.257822354 0.998411620 -0.056328915 0.001136247 -34.140022605 -0.001947798 -0.014354554 0.999895071 2.281359515
-0.059291328 -0.998168940 -0.011971005 243.208312831 0.998240671 -0.059283241 -0.001029590 -33.243153872 0.000318025 -0.012010990 0.999927815 2.348930147
-0.060864132 -0.998078065 -0.011650448 243.133908651 0.998145007 -0.060842970 -0.002162632 -32.405115801 0.001449628 -0.011760463 0.999929793 2.357646365
-0.061963928 -0.997985192 -0.013639182 243.119561696 0.998076553 -0.061931810 -0.002765166 -31.514146524 0.001914895 -0.013784289 0.999903159 2.376211756
-0.064257766 -0.997743611 -0.019458309 243.020206963 0.997928081 -0.064181944 -0.004497031 -30.675399641 0.003238012 -0.019706962 0.999800556 2.389406273
-0.064996455 -0.997761634 -0.015722040 242.860855072 0.997867353 -0.064892201 -0.007053273 -29.815498770 0.006017248 -0.016146948 0.999851523 2.469883890
-0.063828238 -0.997791708 -0.018375615 242.829500646 0.997936226 -0.063686360 -0.008205936 -29.005889395 0.007017539 -0.018861462 0.999797479 2.471733896
-0.060544135 -0.997872030 -0.024203700 242.863844105 0.998130937 -0.060322386 -0.009789926 -28.146816887 0.008309069 -0.024751184 0.999659111 2.451615498
-0.060058654 -0.998025125 -0.018406720 242.824297466 0.998171406 -0.059920651 -0.007959910 -27.258035751 0.006841248 -0.018851123 0.999798896 2.493071748
-0.058085666 -0.998114734 -0.019825085 242.737109986 0.998295770 -0.057961448 -0.006784275 -26.427465146 0.005622394 -0.020185368 0.999780446 2.459632324
-0.056723603 -0.998378287 -0.004819713 242.700184015 0.998380880 -0.056701885 -0.004529249 -25.509930931 0.004248617 -0.005068825 0.999978128 2.447026612
-0.053492117 -0.998538414 -0.007721934 242.676941269 0.998560107 -0.053458809 -0.004457384 -24.714108828 0.004038064 -0.007949251 0.999960251 2.468696006
-0.051385140 -0.998606233 -0.012048181 242.646941446 0.998663510 -0.051313608 -0.006173203 -23.861954054 0.005546363 -0.012349289 0.999908362 2.519540515
-0.049851828 -0.998738293 -0.006051212 242.564129069 0.998736702 -0.049811651 -0.006618067 -23.101724204 0.006308296 -0.006373490 0.999959791 2.513673789
-0.046680597 -0.998819045 -0.013469884 242.535984351 0.998878448 -0.046567934 -0.008560022 -22.287749735 0.007922648 -0.013854364 0.999872636 2.539033078
-0.047679537 -0.998817347 -0.009516766 242.433923636 0.998849770 -0.047628309 -0.005538973 -21.470372703 0.005079155 -0.009769915 0.999939374 2.550024229
-0.046596835 -0.998854855 -0.010849566 242.434981024 0.998907122 -0.046554126 -0.004156377 -20.550430461 0.003646525 -0.011031383 0.999932503 2.548523035
-0.048549272 -0.998750513 -0.011848261 242.387324874 0.998820788 -0.048546221 -0.000545108 -19.673248269 -0.000030761 -0.011860754 0.999929658 2.508868993
-0.050346162 -0.998673776 -0.010768122 242.335449608 0.998729615 -0.050365822 0.001562250 -18.814240090 -0.002102523 -0.010675789 0.999940802 2.487010769
-0.051437343 -0.998492908 -0.019134079 242.319012930 0.998675827 -0.051444961 -0.000094205 -18.066520752 -0.000890289 -0.019113587 0.999816922 2.506232607
-0.055007637 -0.998208975 -0.023515982 242.296407924 0.998485522 -0.054970972 -0.002203221 -17.220891533 0.000906579 -0.023601561 0.999721033 2.596139889
-0.058112225 -0.997887844 -0.029031358 242.254293591 0.998306167 -0.058006242 -0.004480298 -16.496739080 0.002786835 -0.029242543 0.999568460 2.593631605
-0.062405620 -0.997502357 -0.033084540 242.166880510 0.998043102 -0.062240049 -0.006011964 -15.732427167 0.003937765 -0.033394978 0.999434475 2.583646006
-0.066939533 -0.997174505 -0.034089672 242.105799279 0.997742998 -0.066718281 -0.007588254 -14.889901316 0.005292409 -0.034520686 0.999389970 2.580540507
-0.071938485 -0.996694131 -0.037757965 242.035769684 0.997400663 -0.071730876 -0.006826373 -14.069734379 0.004095394 -0.038150898 0.999263597 2.623760129
-0.076767725 -0.996347181 -0.037403357 241.944737858 0.997041161 -0.076564292 -0.006843360 -13.249622334 0.003954601 -0.037818036 0.999276817 2.637933461
-0.080713637 -0.996033832 -0.037442147 241.899671103 0.996734443 -0.080565993 -0.005437909 -12.450007082 0.002399777 -0.037758791 0.999284001 2.707841606
-0.085399362 -0.995312530 -0.045386313 241.779894152 0.996346691 -0.085332194 -0.003418873 -11.707902930 -0.000470067 -0.045512472 0.998963660 2.671622484
-0.088163044 -0.994955636 -0.047859804 241.740177640 0.996105974 -0.088041521 -0.004645373 -10.922489567 0.000408290 -0.048082987 0.998843261 2.665614607
-0.090004804 -0.994681625 -0.050075940 241.651066068 0.995941226 -0.089867846 -0.004984412 -10.095897851 0.000457686 -0.050321314 0.998732975 2.687980404
-0.091207952 -0.994746873 -0.046473305 241.574305921 0.995830054 -0.091019343 -0.006162954 -9.355942415 0.001900610 -0.046841624 0.998900521 2.682147164
-0.093132404 -0.994348634 -0.050962232 241.439246472 0.995653700 -0.093023420 -0.004511416 -8.615292098 -0.000254761 -0.051160894 0.998690391 2.678220230
-0.092647709 -0.994922420 -0.039316408 241.373255666 0.995698951 -0.092574558 -0.003681013 -7.883442979 0.000022623 -0.039488343 0.999220031 2.736049506
-0.091973627 -0.994701813 -0.045925541 241.253179456 0.995761434 -0.091869576 -0.004375708 -7.179714360 0.000133365 -0.046133333 0.998935282 2.705691525
-0.092307602 -0.993998866 -0.058698897 241.182784308 0.995730538 -0.092144363 -0.005487421 -6.526908343 0.000045717 -0.058954815 0.998260651 2.705502993
-0.090797291 -0.993788080 -0.064351406 241.187640561 0.995869074 -0.090659426 -0.005065265 -5.772410243 -0.000800262 -0.064545487 0.997914445 2.695704993
-0.090512353 -0.993728443 -0.065660462 241.093157809 0.995893560 -0.090439665 -0.004084673 -5.090963376 -0.001879254 -0.065760545 0.997833663 2.695243743
-0.088448964 -0.994540438 -0.055372359 241.032234404 0.996078235 -0.088435886 -0.002691297 -4.394272590 -0.002220300 -0.055393245 0.998462147 2.716761244
-0.084209808 -0.994713647 -0.058766223 240.944387322 0.996445855 -0.084186711 -0.002873154 -3.734651847 -0.002089369 -0.058799307 0.998267637 2.727036959
-0.081536001 -0.994370091 -0.067675724 240.857763082 0.996669050 -0.081459337 -0.003896229 -3.077181705 -0.001638526 -0.067767982 0.997699762 2.717412104
-0.080054882 -0.994055534 -0.073788962 240.831944616 0.996790203 -0.079888131 -0.005213296 -2.502581109 -0.000712556 -0.073969465 0.997260252 2.726712533
-0.078246812 -0.994919625 -0.063343325 240.747251924 0.996933890 -0.078120924 -0.004465478 -1.886902905 -0.000505647 -0.063498516 0.997981805 2.775747256
-0.074985802 -0.995150693 -0.063657103 240.711248767 0.997184601 -0.074831384 -0.004809878 -1.264852428 0.000023004 -0.063838556 0.997960239 2.771263581
-0.071378714 -0.995424904 -0.063516456 240.700686245 0.997448909 -0.071178437 -0.005413273 -0.632977078 0.000867505 -0.063740812 0.997966110 2.742095446
-0.066381617 -0.995743731 -0.063936707 240.662581070 0.997794303 -0.066251476 -0.004155796 -0.059725598 -0.000097794 -0.064071550 0.997945303 2.750335586
-0.062330705 -0.996104115 -0.062381694 240.624184085 0.998055456 -0.062181498 -0.004332278 0.496457468 0.000436413 -0.062530424 0.998042963 2.755614887
-0.057428576 -0.996312224 -0.063748805 240.596943200 0.998349500 -0.057342281 -0.003183979 0.990167955 -0.000483265 -0.063826439 0.997960897 2.772974081
-0.051187862 -0.997045061 -0.057279563 240.557967499 0.998687226 -0.051212875 -0.001032134 1.517803441 -0.001904367 -0.057257201 0.998357645 2.805582874
-0.046321346 -0.997824205 -0.046916825 240.547034836 0.998926551 -0.046283398 -0.001895430 2.038922030 -0.000280164 -0.046954261 0.998897001 2.837345375
-0.042142678 -0.998101243 -0.044921069 240.501683885 0.999111574 -0.042089224 -0.002135549 2.552046302 0.000240801 -0.044971158 0.998988257 2.830401025
-0.037877010 -0.998377740 -0.042511422 240.472016895 0.999282390 -0.037834409 -0.001806495 3.029774966 0.000195170 -0.042549340 0.999094348 2.845393376
-0.034162349 -0.998678334 -0.038399476 240.456898446 0.999415067 -0.034197364 0.000255216 3.445343896 -0.001568039 -0.038368296 0.999262436 2.863324028
-0.029518528 -0.998793029 -0.039257386 240.484941941 0.999559569 -0.029615594 0.001893203 3.886916474 -0.003053549 -0.039184211 0.999227338 2.861831863
-0.023674433 -0.998856070 -0.041546020 240.413889213 0.999715006 -0.023781512 0.002084969 4.274873785 -0.003070611 -0.041484819 0.999134416 2.889191246
-0.017592417 -0.998818350 -0.045303537 240.421168099 0.999840786 -0.017709540 0.002185193 4.705648459 -0.002984916 -0.045257881 0.998970878 2.862672684
-0.011578830 -0.999091745 -0.041007505 240.416868197 0.999926554 -0.011715850 0.003102594 5.045488511 -0.003580214 -0.040968569 0.999154021 2.889121559
-0.004915528 -0.999154528 -0.040817482 240.457023619 0.999987151 -0.004962019 0.001037764 5.411882314 -0.001239424 -0.040811856 0.999166080 2.901293185
-0.000325015 -0.999323827 -0.036766617 240.435223410 0.999998734 -0.000382076 0.001544964 5.764102333 -0.001557966 -0.036766068 0.999322685 2.892713867
0.003675891 -0.999322774 -0.036612579 240.391793745 0.999993095 0.003653437 0.000680181 6.056849392 -0.000545959 -0.036614827 0.999329303 2.907865079
0.009508332 -0.999262414 -0.037205106 240.414351386 0.999954787 0.009506434 0.000227927 6.368372536 0.000125929 -0.037205591 0.999307624 2.882721295
0.014639232 -0.999260278 -0.035561064 240.425877899 0.999892695 0.014649186 -0.000019375 6.715227721 0.000540301 -0.035556965 0.999367505 2.882631670
0.019101439 -0.999176565 -0.035795629 240.473307174 0.999817522 0.019097862 0.000441884 6.963740569 0.000242100 -0.035797537 0.999359033 2.906502475
0.022933596 -0.999232839 -0.031745603 240.487511630 0.999736323 0.022958698 -0.000426388 7.173463565 0.001154899 -0.031727453 0.999495890 2.897916191
0.026958073 -0.999111448 -0.032397174 240.479684880 0.999622160 0.027117511 -0.004491994 7.359330914 0.005366533 -0.032263838 0.999464979 2.959413780
0.030652321 -0.999057313 -0.030739549 240.539109340 0.999488506 0.030917135 -0.008176683 7.610778444 0.009119354 -0.030473192 0.999493983 2.995132104
0.032251670 -0.999007223 -0.030731057 240.594071580 0.999441592 0.032503964 -0.007745726 7.729145128 0.008736917 -0.030464084 0.999497677 2.971532967
0.033754208 -0.998928317 -0.031668130 240.559236501 0.999400630 0.033979858 -0.006614377 7.771192117 0.007683367 -0.031425886 0.999476553 2.956192058
0.034655527 -0.998896978 -0.031683145 240.550202708 0.999365009 0.034899600 -0.007183140 7.831071503 0.008280946 -0.031414091 0.999472151 2.969576651
0.035175058 -0.998923222 -0.030250805 240.547913931 0.999329997 0.035463444 -0.009049889 7.881482071 0.010112942 -0.029912207 0.999501370 2.956514466
0.035345221 -0.998928185 -0.029886405 240.579516212 0.999309567 0.035669725 -0.010395237 7.973405737 0.011450135 -0.029498348 0.999499246 3.008594368
0.035770061 -0.998868955 -0.031325928 240.553193876 0.999296330 0.036104163 -0.010165302 8.002560450 0.011284801 -0.030940272 0.999457529 3.007367376
0.035397849 -0.998856591 -0.032132572 240.563408533 0.999311549 0.035734786 -0.009972651 8.066910580 0.011109498 -0.031757440 0.999433862 3.011044058
0.035981068 -0.998873133 -0.030948783 240.506190894 0.999286717 0.036316697 -0.010351578 8.082799679 0.011463871 -0.030554246 0.999467367 3.000334340
0.036252642 -0.998850432 -0.031361777 240.517905533 0.999272641 0.036603727 -0.010693776 8.135738885 0.011829441 -0.030951288 0.999450890 3.015606116
0.036050454 -0.998860926 -0.031260433 240.500986922 0.999270092 0.036425428 -0.011509647 8.110932711 0.012635211 -0.030822687 0.999445003 2.982418657
0.035940726 -0.998867153 -0.031187723 240.502240268 0.999269928 0.036324811 -0.011837160 8.093458735 0.012956639 -0.030739518 0.999443449 2.959555717
0.035176347 -0.998873537 -0.031847788 240.489549966 0.999294306 0.035575461 -0.012053037 8.079682655 0.013172460 -0.031401332 0.999420053 2.976791624
0.035266222 -0.998880912 -0.031515352 240.490352042 0.999272118 0.035703879 -0.013433787 8.078318814 0.014543974 -0.031018653 0.999412986 3.018336701
0.035732194 -0.998875829 -0.031149452 240.535669016 0.999254420 0.036167070 -0.013510969 8.075582861 0.014622365 -0.030643451 0.999423416 3.002432641
0.035647643 -0.998866570 -0.031540775 240.542033090 0.999258936 0.036084673 -0.013396870 8.078852152 0.014519824 -0.031039834 0.999412679 2.994881219
0.035812817 -0.998856114 -0.031684480 240.535591329 0.999242081 0.036274600 -0.014121503 8.088613563 0.015254692 -0.031154735 0.999398157 3.019589213
0.035587852 -0.998872764 -0.031411865 240.525625407 0.999249230 0.036047706 -0.014196475 8.090887256 0.015312798 -0.030883060 0.999405701 3.016605154
0.034890550 -0.998883027 -0.031864514 240.555210592 0.999264666 0.035375628 -0.014788255 8.055048750 0.015898964 -0.031325113 0.999382790 3.005218254
0.035886179 -0.998874576 -0.031012326 240.549217906 0.999240673 0.036335959 -0.014063299 8.095598533 0.015174335 -0.030484099 0.999420061 2.995649602
0.035886039 -0.998868574 -0.031205193 240.523321021 0.999220082 0.036378429 -0.015357023 8.121788046 0.016474844 -0.030629753 0.999395016 2.989354924
0.035430449 -0.998883583 -0.031245339 240.485672930 0.999231027 0.035933521 -0.015688739 8.138320758 0.016793979 -0.030665454 0.999388609 2.987989731
0.035858630 -0.998870214 -0.031184204 240.484442060 0.999226161 0.036341154 -0.015046561 8.139496107 0.016162831 -0.030620523 0.999400393 2.981001154
0.035656978 -0.998868578 -0.031466537 240.541371028 0.999239887 0.036131264 -0.014634906 8.149943532 0.015755274 -0.030920782 0.999397657 3.001317483
0.035783942 -0.998879186 -0.030981940 240.544907958 0.999202597 0.036310549 -0.016604629 8.207559799 0.017710990 -0.030363056 0.999382012 2.967359841
0.036016172 -0.998873501 -0.030896014 240.539675209 0.999147774 0.036615405 -0.019053562 8.249713983 0.020163368 -0.030183447 0.999340982 2.966489240
0.037042097 -0.998840489 -0.030749983 240.538247929 0.999080444 0.037680733 -0.020455532 8.298811018 0.021590495 -0.029963991 0.999317772 2.952895285
0.038083325 -0.998814564 -0.030317121 240.544922005 0.998979246 0.038792093 -0.023143908 8.397865957 0.024292537 -0.029404778 0.999272351 2.961083418
0.039791204 -0.998706476 -0.031654932 240.557889328 0.998897702 0.040548358 -0.023647665 8.516928081 0.024900631 -0.030679070 0.999219072 2.981337507
0.043128080 -0.998561272 -0.031864632 240.599750966 0.998769181 0.043875214 -0.023131983 8.634107675 0.024496770 -0.030827774 0.999224478 3.004589688
0.048943044 -0.998335445 -0.030510933 240.602528861 0.998426695 0.049738706 -0.025888134 8.771850140 0.027362616 -0.029195886 0.999199123 2.980304703
0.057357820 -0.997883240 -0.030645075 240.552112837 0.997931365 0.058199278 -0.027309964 8.934758257 0.029035676 -0.029015242 0.999157167 2.996946784
0.066239267 -0.997365451 -0.029572212 240.554385133 0.997340735 0.067082234 -0.028485649 9.181799332 0.030394372 -0.027606703 0.999156670 2.958894219
0.077855896 -0.996500575 -0.030414868 240.575523022 0.996428366 0.078778280 -0.030405483 9.350882099 0.032695112 -0.027938991 0.999074793 2.948596006
0.092721647 -0.995202482 -0.031220433 240.613763610 0.995079939 0.093718393 -0.032136849 9.531502792 0.034908600 -0.028087045 0.998995750 2.948033284
0.109363764 -0.993485191 -0.032042812 240.600004306 0.993438147 0.110330386 -0.030130620 9.729262973 0.033469621 -0.028537354 0.999032234 2.985589646
0.128283213 -0.991270761 -0.030425233 240.644915978 0.991325624 0.129053729 -0.024872512 10.005596228 0.028581884 -0.026970588 0.999227533 3.006144141
0.150613931 -0.988108069 -0.030949761 240.752145026 0.988291060 0.151267441 -0.019973558 10.198725585 0.024417725 -0.027579076 0.999321354 3.002945329
0.174034760 -0.984240156 -0.031356299 240.831867240 0.984460592 0.174655058 -0.018247018 10.450234534 0.023435984 -0.027693425 0.999341698 2.996375083
0.200200202 -0.979348263 -0.028228678 240.960457057 0.979436623 0.200786523 -0.019714801 10.748378970 0.024975594 -0.023701294 0.999407058 3.010735434
0.230915494 -0.972583822 -0.027545313 241.021919802 0.972621563 0.231501092 -0.020360228 11.021972823 0.026178799 -0.022089673 0.999413186 3.014864986
0.264462318 -0.964119081 -0.023110164 241.072188334 0.964022887 0.264950619 -0.021471919 11.260060325 0.026824539 -0.016600214 0.999502315 3.035328651
0.299667467 -0.953837283 -0.019845568 241.168385692 0.953727126 0.300039050 -0.019522752 11.567087953 0.024575974 -0.013076922 0.999612433 3.027663501
0.339613870 -0.940426258 -0.016151558 241.293064685 0.940349210 0.339853683 -0.015583232 11.814074939 0.020144047 -0.009895824 0.999748113 3.039477586
0.381667756 -0.924197958 -0.013706144 241.451558960 0.924174692 0.381817988 -0.010777877 12.128594454 0.015194144 -0.008553303 0.999847978 3.063815560
0.426860895 -0.904188191 -0.015280438 241.548476702 0.904234580 0.426989452 -0.006311200 12.416495313 0.012231098 -0.011123096 0.999863329 3.096825837
0.472043880 -0.881433437 -0.015800975 241.705968979 0.881518449 0.472140856 -0.002870014 12.698218203 0.009990012 -0.012574079 0.999871038 3.065929267
0.519158608 -0.854548823 -0.014854263 241.951612948 0.854639173 0.519222146 -0.000497470 13.002028623 0.008137774 -0.012436770 0.999889546 3.100097236
0.566489527 -0.823994483 -0.011077374 242.214624466 0.824032420 0.566539791 -0.001798817 13.244736305 0.007757988 -0.008109104 0.999937026 3.109326909
0.613980918 -0.789277709 -0.008254041 242.464389561 0.789286440 0.614018236 -0.002919017 13.458783078 0.007372046 -0.004722582 0.999961674 3.123591121
0.660695851 -0.750624498 -0.006622370 242.784668919 0.750607231 0.660727405 -0.005299191 13.775697888 0.008353284 -0.001469645 0.999964031 3.162318094
0.706680496 -0.707466682 -0.009673197 243.006545063 0.707409962 0.706746519 -0.008972387 14.023326170 0.013184164 -0.000502305 0.999912959 3.164178703
0.750957898 -0.660239798 -0.012068308 243.289043280 0.660148755 0.751054816 -0.010967428 14.293864368 0.016305093 0.000269198 0.999867027 3.176209745
0.793468199 -0.608457898 -0.013682221 243.657773949 0.608354041 0.793585921 -0.011258147 14.533586343 0.017708126 0.000609348 0.999843013 3.178199039
0.831812507 -0.554934159 -0.011663264 244.082458800 0.554841269 0.831891457 -0.010381254 14.717893901 0.015463482 0.002163997 0.999878091 3.164983185
0.865479576 -0.500886383 -0.007611558 244.486401236 0.500754711 0.865470197 -0.014354668 14.975881543 0.013777634 0.008612149 0.999867995 3.155615489
0.894034628 -0.447983068 -0.003640764 244.910550496 0.447871810 0.893946329 -0.016456096 15.153896098 0.010626700 0.013081724 0.999857961 3.179871141
0.918994653 -0.394259958 -0.002813064 245.324502884 0.394139603 0.918850824 -0.019160801 15.305515543 0.010139123 0.016499934 0.999812458 3.165874320
0.939648240 -0.342129145 -0.002972185 245.850714025 0.341988559 0.939451428 -0.021790805 15.455552573 0.010247493 0.019459238 0.999758134 3.179313799
0.955424777 -0.295163950 -0.006460475 246.339887801 0.294962603 0.955255017 -0.022020803 15.566786746 0.012671148 0.019133622 0.999736639 3.143185201
0.968566513 -0.248634632 -0.007728513 246.863298639 0.248400840 0.968378352 -0.023246287 15.671401945 0.013263957 0.020595807 0.999699895 3.142184814
0.978328786 -0.206947291 -0.006753179 247.389270101 0.206743294 0.978120691 -0.023175942 15.784131309 0.011401623 0.021277516 0.999708593 3.162158375
0.985604908 -0.168982370 -0.005284336 247.867084623 0.168813162 0.985361365 -0.023771746 15.896449068 0.009223987 0.022537484 0.999703446 3.180146434
0.990654609 -0.136307574 -0.004867245 248.486536554 0.136149326 0.990382878 -0.024599093 15.948588095 0.008173479 0.023706533 0.999685548 3.180769359
0.993784178 -0.111277223 -0.003222881 249.075743391 0.111142982 0.993403165 -0.028238095 15.983782056 0.006343877 0.027704371 0.999596030 3.184962478
0.996053654 -0.088725903 -0.002198219 249.696507838 0.088623748 0.995633390 -0.029325492 16.046920536 0.004790551 0.029014949 0.999567498 3.172114505
0.997442714 -0.071464515 -0.000924441 250.301238521 0.071396998 0.996920084 -0.032447110 16.076853222 0.003240411 0.032298131 0.999473026 3.193334739
0.998241807 -0.059267439 -0.000815307 250.932634860 0.059208021 0.997696480 -0.033108061 16.097996746 0.002775659 0.033001578 0.999451445 3.200896912
0.998759339 -0.049784899 -0.001116122 251.548477959 0.049718701 0.998189902 -0.033837406 16.152542390 0.002798693 0.033739933 0.999426728 3.189181545
0.999144318 -0.041326964 -0.001647292 252.212412837 0.041249637 0.998597607 -0.033185652 16.199466372 0.003016444 0.033089305 0.999447847 3.212162751
0.999403861 -0.034375169 -0.003204647 252.931785021 0.034237411 0.998762281 -0.036079172 16.243367338 0.004440908 0.035947945 0.999343796 3.214887395
0.999516204 -0.030756999 -0.004622136 253.660809880 0.030547633 0.998730709 -0.040047638 16.265213068 0.005848014 0.039887068 0.999187081 3.228238034
0.999598919 -0.028086045 -0.003629675 254.355429630 0.027932722 0.998924567 -0.037006380 16.287463840 0.004665135 0.036890151 0.999308438 3.249443713
0.999671338 -0.025521388 -0.002423708 255.126694494 0.025415966 0.999009806 -0.036516238 16.277609398 0.003353254 0.036442636 0.999330121 3.221566096
0.999691973 -0.024818457 0.000051415 255.890247414 0.024806397 0.999137188 -0.033309501 16.343297575 0.000775320 0.033300516 0.999445083 3.237513092
0.999720349 -0.023497420 0.002663798 256.639310390 0.023575605 0.999122589 -0.034615655 16.361522136 -0.001848082 0.034668776 0.999397149 3.198098046
0.999698151 -0.024540735 0.001165965 257.403897098 0.024566041 0.999135251 -0.033544893 16.316871246 -0.000341740 0.033563411 0.999436532 3.184932403
0.999654661 -0.026231629 0.001568376 258.217263619 0.026268691 0.999129527 -0.032405940 16.402845776 -0.000716950 0.032435948 0.999473559 3.226812627
0.999620044 -0.027492368 -0.001984308 259.051601169 0.027399078 0.998925630 -0.037374798 16.416951994 0.003009697 0.037306229 0.999299348 3.232615615
0.999550198 -0.029152987 -0.007035928 259.851232501 0.028890367 0.998972602 -0.034915415 16.471616113 0.008046588 0.034696440 0.999365503 3.239395852
0.999497468 -0.029397780 -0.011856754 260.720185712 0.029014168 0.999088118 -0.031322683 16.467856075 0.012766759 0.030962928 0.999438996 3.297463872
0.999491983 -0.029745391 -0.011444943 261.623700408 0.029564181 0.999439744 -0.015689399 16.488224862 0.011905218 0.015343069 0.999811410 3.366539059
0.999552869 -0.029239209 -0.006255383 262.443419940 0.029146027 0.999469958 -0.014502124 16.497388785 0.006676098 0.014313320 0.999875272 3.399427446
0.999611650 -0.027770677 0.002310385 263.406452349 0.027816975 0.999342121 -0.023271052 16.568366444 -0.001662613 0.023326282 0.999726523 3.290473353
0.999616957 -0.026888485 0.006553590 264.377767857 0.027047447 0.999308550 -0.025511905 16.572140259 -0.005863082 0.025679391 0.999653036 3.210461744
0.999595436 -0.027671803 0.006575437 265.258706544 0.027829164 0.999295387 -0.025184655 16.612792886 -0.005873899 0.025357455 0.999661191 3.265347822
0.999579940 -0.028977825 0.000478554 266.126574717 0.028979608 0.999166956 -0.028732828 16.660959029 0.000354460 0.028734627 0.999587013 3.298647108
0.999510116 -0.030494301 -0.007044515 266.994405350 0.030245077 0.998993487 -0.033124727 16.681070798 0.008047540 0.032895437 0.999426399 3.357237408
0.999434236 -0.031940709 -0.010535583 267.920736773 0.031579791 0.998962639 -0.032807964 16.681581733 0.011572564 0.032456691 0.999406143 3.331438862
0.999399870 -0.032886924 -0.010878921 268.853557745 0.032548916 0.999022487 -0.029910508 16.702303626 0.011851951 0.029538461 0.999493377 3.340727440
0.999395712 -0.033271203 -0.010061689 269.883947583 0.033020345 0.999162934 -0.024147200 16.796494065 0.010856674 0.023800368 0.999657779 3.387655630
0.999431836 -0.033309926 -0.005143377 270.919846407 0.033168835 0.999126046 -0.025435640 16.823587264 0.005986141 0.025250589 0.999663230 3.409462416
0.999452981 -0.033070395 0.000297160 271.888024351 0.033066345 0.999087756 -0.027023567 16.856001536 0.000596791 0.027018611 0.999634753 3.369549858
0.999440119 -0.033135377 0.004636283 272.857192209 0.033243433 0.999119809 -0.025582826 16.895233701 -0.003784506 0.025722629 0.999661955 3.366444024
0.999445868 -0.033111160 0.003407196 273.872664432 0.033183492 0.999161549 -0.023980286 16.942778934 -0.002610325 0.024080061 0.999706625 3.356216177
0.999462586 -0.032777686 -0.000403965 274.862039176 0.032757039 0.999144253 -0.025253493 16.990032629 0.001231370 0.025226688 0.999680998 3.390876504
0.999465413 -0.032385213 -0.004481733 275.886552265 0.032262043 0.999160145 -0.025261941 16.979854454 0.005296082 0.025103847 0.999670820 3.403587337
0.999419912 -0.033657225 -0.005199045 276.953311134 0.033511037 0.999099401 -0.026026858 17.067574018 0.006070355 0.025837534 0.999647724 3.435762374
0.999367681 -0.035200902 -0.005013394 278.032648124 0.035060627 0.999053273 -0.025754806 17.103318802 0.005915240 0.025562748 0.999655719 3.443981912
0.999351590 -0.035937472 -0.002212861 279.076805932 0.035865634 0.998999307 -0.026721546 17.118183930 0.003170951 0.026624854 0.999640466 3.463531064
0.999300377 -0.037399855 -0.000080811 280.091477012 0.037383504 0.998922860 -0.027488056 17.185300063 0.001108773 0.027465804 0.999622129 3.461004220
0.999203896 -0.039874174 -0.001274752 281.105466196 0.039818322 0.998759823 -0.029888406 17.229591199 0.002464947 0.029813853 0.999552429 3.464412634
0.999119912 -0.041588815 -0.005456355 282.115831664 0.041398287 0.998651731 -0.031319354 17.285734724 0.006751534 0.031065907 0.999494535 3.526536019
0.999012309 -0.043248452 -0.010196923 283.167954020 0.043001417 0.998802940 -0.023314493 17.312909060 0.011193032 0.022852983 0.999676176 3.556452153
0.998946877 -0.044017747 -0.012945042 284.219633061 0.043869904 0.998971161 -0.011491308 17.339418227 0.013437545 0.010911308 0.999850177 3.620275191
0.998861782 -0.046431446 -0.010920728 285.331491687 0.046160065 0.998647817 -0.023912046 17.426120030 0.012016232 0.023380727 0.999654416 3.597742473
0.998824076 -0.048119366 -0.005915304 286.435717890 0.047936400 0.998459788 -0.027931219 17.472530781 0.007250225 0.027614816 0.999592345 3.604772838
0.998724862 -0.050474489 -0.000987731 287.452932339 0.050408149 0.998103584 -0.035330634 17.568263831 0.002769154 0.035235793 0.999375190 3.581670638
0.998729194 -0.050372442 0.001616818 288.509410733 0.050398359 0.998182871 -0.033029714 17.595414609 0.000049907 0.033069224 0.999453062 3.586829158
0.998637994 -0.052038987 0.003755190 289.550434734 0.052127026 0.998208745 -0.029361101 17.675619594 -0.002220541 0.029516858 0.999561816 3.572272929
0.998622471 -0.052384999 0.002995536 290.603867986 0.052443799 0.998308627 -0.025090489 17.728717264 -0.001676104 0.025213024 0.999680696 3.595335924
0.998643769 -0.052055270 0.000933047 291.621101893 0.052063169 0.998399029 -0.022108936 17.758819227 0.000219333 0.022127528 0.999755132 3.666183926
0.998664629 -0.051590127 -0.002723643 292.672332207 0.051516504 0.998421240 -0.022384779 17.836328656 0.003874176 0.022214574 0.999745719 3.640664140
0.998640562 -0.051877323 -0.005076453 293.765234958 0.051710347 0.998246245 -0.028817964 17.892828488 0.006562549 0.028516283 0.999571786 3.652408815
0.998592271 -0.052566086 -0.007091009 294.815509955 0.052294367 0.998045518 -0.034211754 17.973356593 0.008875528 0.033792773 0.999389450 3.681082848
0.998621163 -0.052214319 -0.005425689 295.804465508 0.052009519 0.998108945 -0.032764973 18.032399493 0.007126229 0.032437608 0.999448357 3.690454417
0.998692169 -0.050987824 -0.003767300 296.838584490 0.050871596 0.998358843 -0.026300215 18.089453551 0.005102108 0.026074170 0.999646991 3.694374083
0.998679279 -0.051353388 -0.001589520 297.864754239 0.051284597 0.998251365 -0.029395615 18.134958652 0.003096305 0.029275273 0.999566592 3.666068874
0.998687622 -0.051205962 -0.000991457 298.899525916 0.051159465 0.998312641 -0.027469636 18.162459151 0.002396393 0.027382863 0.999622147 3.673135394
0.998725632 -0.050462471 0.000806718 299.908616060 0.050467138 0.998428495 -0.024364094 18.256951097 0.000424022 0.024373758 0.999702826 3.667830405
0.998771292 -0.049372210 0.004276842 300.923476941 0.049438190 0.998632277 -0.017012942 18.331808934 -0.003431026 0.017203478 0.999846122 3.658683217
0.998746227 -0.049591175 0.006832969 301.909285513 0.049668098 0.998698532 -0.011589754 18.377216535 -0.006249327 0.011914604 0.999909490 3.708449747
0.998800183 -0.048951063 0.001410160 302.893269256 0.048962314 0.998755133 -0.009532937 18.388619042 -0.000941757 0.009590544 0.999953566 3.750708606
0.998795608 -0.048953566 -0.003298623 303.939145575 0.048934649 0.998786338 -0.005590312 18.482448352 0.003568285 0.005422163 0.999978934 3.769450015
0.998858321 -0.047559667 -0.004486963 304.961151675 0.047517228 0.998828664 -0.009133078 18.544692509 0.004916074 0.008909442 0.999948226 3.786551287
0.998791817 -0.048998573 -0.003747938 305.958513753 0.048941605 0.998703197 -0.014022932 18.616783294 0.004430182 0.013822559 0.999894650 3.777420629
0.998833052 -0.047992243 -0.005411084 306.991754006 0.047938187 0.998803082 -0.009712500 18.635288937 0.005870732 0.009441769 0.999938192 3.771239666
0.998854396 -0.047489386 -0.005886695 307.991549684 0.047450678 0.998852109 -0.006549598 18.690995775 0.006190974 0.006262767 0.999961224 3.768371395
0.998878876 -0.047202624 -0.003592071 308.995487834 0.047180057 0.998867608 -0.006127274 18.751161177 0.003877227 0.005950930 0.999974776 3.788120520
0.998861832 -0.047696997 -0.000192727 310.055960107 0.047694425 0.998836681 -0.007108202 18.820992167 0.000531542 0.007090919 0.999974718 3.819032835
0.998893278 -0.047034148 -0.000087382 311.071925642 0.047028677 0.998802184 -0.013509294 18.866684134 0.000722676 0.013490233 0.999908742 3.821811685
0.998868467 -0.047544493 -0.001143426 312.069936166 0.047524032 0.998773198 -0.013912776 18.927208694 0.001803500 0.013842693 0.999902559 3.823799558
0.998912923 -0.046600914 -0.001151899 313.141671271 0.046586353 0.998859457 -0.010464068 18.993938136 0.001638221 0.010399030 0.999944587 3.826200025
0.998964997 -0.045448977 -0.001823633 314.139069034 0.045425307 0.998902572 -0.011410210 19.052393572 0.002340214 0.011315562 0.999933239 3.814892965
0.998984506 -0.045024620 -0.001655366 315.155609817 0.044998913 0.998899726 -0.013207396 19.084285095 0.002248203 0.013119494 0.999911408 3.817253699
0.999031833 -0.043918518 -0.002561302 316.191310685 0.043886215 0.998969908 -0.011537876 19.145599789 0.003065390 0.011414300 0.999930156 3.816535762
0.999043943 -0.043716385 0.000278045 317.190685774 0.043717222 0.999013263 -0.007829766 19.223558214 0.000064519 0.007834436 0.999969308 3.807415223
0.999091905 -0.042599140 -0.000824149 318.246920161 0.042588876 0.999043323 -0.009931096 19.243446311 0.001246416 0.009886978 0.999950346 3.849875523
0.999106114 -0.042053903 -0.004294382 319.343030058 0.042020223 0.999087451 -0.007652887 19.298902979 0.004612297 0.007465596 0.999961495 3.885295045
0.999024059 -0.043536071 -0.007452472 320.406587113 0.043507345 0.999045202 -0.003974345 19.363041171 0.007618384 0.003646229 0.999964332 3.920595982
0.999062778 -0.042922424 -0.005588478 321.505110595 0.042899691 0.999070864 -0.004126062 19.411361166 0.005760386 0.003882451 0.999975872 3.922885519
0.999074961 -0.042972344 -0.001612146 322.574348338 0.042953154 0.999022091 -0.010482774 19.459260299 0.002061039 0.010403830 0.999943755 3.902514997
0.999091986 -0.042571418 0.001696724 323.615684967 0.042583514 0.999061845 -0.007878688 19.491547923 -0.001359725 0.007943787 0.999967523 3.932809573
0.999113146 -0.042023770 0.002631267 324.647983974 0.042041207 0.999091599 -0.006965230 19.535288414 -0.002336171 0.007069675 0.999972281 3.943661430
0.999136945 -0.041268661 0.004718266 325.772072868 0.041310929 0.999103592 -0.009242232 19.596291129 -0.004332622 0.009429171 0.999946158 3.928617875
0.999125917 -0.041415825 0.005668383 326.847243353 0.041457246 0.999112904 -0.007396089 19.635115697 -0.005357040 0.007624619 0.999956583 3.947651047
0.999098912 -0.042142096 0.005040566 327.989142748 0.042200581 0.999035624 -0.012121623 19.722172296 -0.004524874 0.012323415 0.999913826 3.973532290
0.999108086 -0.042129960 0.002846000 329.054654772 0.042167887 0.998998985 -0.014929766 19.776424619 -0.002214160 0.015036460 0.999884495 3.978337509
0.999092641 -0.042581377 0.000849038 330.095475148 0.042589840 0.998897837 -0.019728559 19.789760745 -0.000008033 0.019746819 0.999805013 4.006608488
0.999080963 -0.042826128 0.001775436 331.165758525 0.042857430 0.998758409 -0.025394502 19.842635870 -0.000685684 0.025447254 0.999675931 3.972233847
0.999127136 -0.041492931 0.004827264 332.228094804 0.041613134 0.998734138 -0.028257197 19.842173777 -0.003648679 0.028433410 0.999589030 3.967820573
0.999143182 -0.040830139 0.006767757 333.316764702 0.040997976 0.998798135 -0.026859864 19.936399756 -0.005662931 0.027114315 0.999616299 3.994374718
0.999052066 -0.042767691 0.008117539 334.395827028 0.042998209 0.998602083 -0.030741401 19.972919411 -0.006791452 0.031061300 0.999494408 4.003101069
0.999006007 -0.043780153 0.008384337 335.406781903 0.044066877 0.998314105 -0.037776410 20.048257547 -0.006716345 0.038108332 0.999251042 3.996929504
0.999040862 -0.043483639 0.005150691 336.475413254 0.043656560 0.998229974 -0.040385945 20.058861473 -0.003385446 0.040572070 0.999170879 4.061415744
0.999037165 -0.043738632 0.003416743 337.515555549 0.043837782 0.998298692 -0.038444370 20.092457890 -0.001729426 0.038557137 0.999254901 4.068846752
0.998985312 -0.044815875 0.004459163 338.542127018 0.044953074 0.998268277 -0.037942950 20.159877168 -0.002750995 0.038104903 0.999269958 4.059213033
0.998961268 -0.045057092 0.006800248 339.541146475 0.045309762 0.998036538 -0.043244593 20.200693560 -0.004838420 0.043507791 0.999041371 4.053767578
0.998856223 -0.047252735 0.007309177 340.611944640 0.047533333 0.997867191 -0.044739818 20.273991269 -0.005179509 0.045036075 0.998971934 4.062014819
0.998825608 -0.047445127 0.009816539 341.675654650 0.047889842 0.997521346 -0.051553148 20.287028718 -0.007346261 0.051962717 0.998622005 4.030514575
0.998799738 -0.047554539 0.011732435 342.694733167 0.048081733 0.997604993 -0.049723480 20.343453066 -0.009339759 0.050227914 0.998694110 4.017832994
0.998692348 -0.049660904 0.012140373 343.662289977 0.050167446 0.997691882 -0.045761728 20.428019251 -0.009839783 0.046310939 0.998878609 4.132189539
0.998713082 -0.049574350 0.010703482 344.598485850 0.050047463 0.997508216 -0.049725354 20.467412695 -0.008211709 0.050197043 0.998705575 4.150390491
0.998680969 -0.050555357 0.008970979 345.473877795 0.050942239 0.997448445 -0.050014867 20.563460339 -0.006419570 0.050405898 0.998708183 4.134649653
0.998596022 -0.052309500 0.008348705 346.468864657 0.052661507 0.997370905 -0.049779961 20.614733530 -0.005722791 0.050149726 0.998725315 4.129223108
0.998578847 -0.052609541 0.008516058 347.581998281 0.052972506 0.997329376 -0.050279521 20.626710835 -0.005848133 0.050659183 0.998698877 4.098952318
0.998562637 -0.052827789 0.009048983 348.517392196 0.053234094 0.997179223 -0.052912459 20.682788962 -0.006228209 0.053318119 0.998558154 4.098979783
0.998543279 -0.052844885 0.010896665 349.420201073 0.053323872 0.997337723 -0.049739633 20.741906617 -0.008239170 0.050248228 0.998702774 4.137662836
0.998487717 -0.053814026 0.011239620 350.357937808 0.054265740 0.997523472 -0.044745408 20.817808139 -0.008803854 0.045287666 0.998935193 4.174208681
0.998485469 -0.054406455 0.008167426 351.270992194 0.054713343 0.997540406 -0.043813113 20.865666257 -0.005763621 0.044193624 0.999006358 4.204422720
0.998597643 -0.052584048 0.006137202 352.116789900 0.052807749 0.997588054 -0.045049033 20.905872995 -0.003753538 0.045309950 0.998965925 4.169082512
0.998611793 -0.052307663 0.006196415 352.968182642 0.052538140 0.997556493 -0.046052006 20.967297982 -0.003772401 0.046313625 0.998919825 4.135126165
0.998678792 -0.050928276 0.006854255 353.758246446 0.051180062 0.997731974 -0.043720807 21.025144828 -0.004612084 0.044013844 0.999020275 4.132525467
0.998813136 -0.048092849 0.007707005 354.624447191 0.048387129 0.997853458 -0.044126668 21.038255805 -0.005568284 0.044447216 0.998996216 4.149466784
0.998864159 -0.046788736 0.009011450 355.450062907 0.047176659 0.997675644 -0.049169827 21.090540264 -0.006689910 0.049539108 0.998749779 4.176936760
0.998954445 -0.044384591 0.010955598 356.254346091 0.044891088 0.997669187 -0.051390493 21.111202398 -0.008649117 0.051828570 0.998618542 4.188882861
0.999027273 -0.042374553 0.012202666 357.068486816 0.042974872 0.997612436 -0.054060960 21.134615352 -0.009882723 0.054532781 0.998463073 4.190375588
0.999062114 -0.041175170 0.013397710 357.799021137 0.041872680 0.997507659 -0.056790398 21.170121846 -0.011025964 0.057298133 0.998296225 4.190709583
0.999080368 -0.040212250 0.014879278 358.496741609 0.040973034 0.997647815 -0.054954954 21.192453439 -0.012634417 0.055514065 0.998377965 4.184379125
0.999145797 -0.038115608 0.015964868 359.176929410 0.038924175 0.997790717 -0.053838589 21.242492875 -0.013877506 0.054414019 0.998422020 4.171848377
0.999213792 -0.037391775 0.013177743 359.850984298 0.038030389 0.997917361 -0.052102118 21.293635159 -0.011202108 0.052562310 0.998554814 4.222930510
0.999347169 -0.035061559 0.008713370 360.477016532 0.035440720 0.998216685 -0.048035457 21.301752177 -0.007013633 0.048312907 0.998807625 4.236001965
0.999378707 -0.034901200 0.004909882 361.101428664 0.035089246 0.998340914 -0.045652638 21.329235657 -0.003308404 0.045796558 0.998945309 4.224398004
0.999414977 -0.033844200 0.004926772 361.703151850 0.034028996 0.998445284 -0.044147948 21.343367813 -0.003424961 0.044289773 0.999012856 4.217336598
0.999451281 -0.032242718 0.007585765 362.247733794 0.032543519 0.998519171 -0.043593400 21.304585378 -0.006168962 0.043816347 0.999020556 4.238409121
0.999387828 -0.032860515 0.012006470 362.881231246 0.033384237 0.998365311 -0.046391786 21.308894096 -0.010462386 0.046764213 0.998851164 4.196241999
0.999290251 -0.035258174 0.013261023 363.467444111 0.035827720 0.998321983 -0.045492767 21.363160077 -0.011634779 0.045935591 0.998876646 4.224077581
0.999161367 -0.039315741 0.011438341 363.983560241 0.039800992 0.998155330 -0.045845597 21.435687485 -0.009614788 0.046262407 0.998883049 4.280888792
0.998975930 -0.044513789 0.008100195 364.478491035 0.044839919 0.997938045 -0.045924286 21.466374561 -0.006039229 0.046240469 0.998912082 4.294673553
0.998633647 -0.052056097 0.004582760 364.982932622 0.052196906 0.997853523 -0.039545283 21.482324931 -0.002514350 0.039730456 0.999207270 4.278553577
0.997935521 -0.064115685 0.003724868 365.450609091 0.064215540 0.997057430 -0.041867008 21.526108357 -0.001029575 0.042019769 0.999116249 4.262967056
0.996832706 -0.079443213 0.003651243 365.978638734 0.079525839 0.996022089 -0.040195011 21.553349189 -0.000443498 0.040358070 0.999185183 4.339471618
0.995081536 -0.099009406 0.003142213 366.424344385 0.099055107 0.994248863 -0.040709750 21.617347511 0.000906507 0.040820773 0.999166074 4.338016408
0.992650883 -0.120972201 0.003154426 366.830922710 0.121001226 0.991845887 -0.040005494 21.683330948 0.001710848 0.040093178 0.999194481 4.303228618
0.989281172 -0.145986704 0.003262602 367.240784244 0.146006892 0.988590572 -0.037022549 21.814541120 0.002179423 0.037102073 0.999309104 4.267013475
0.984307363 -0.176327047 0.006912899 367.674287680 0.176461965 0.983645733 -0.036086657 21.885501281 -0.000436790 0.036740226 0.999324755 4.291552753
0.977872990 -0.209003533 0.009051983 368.079609938 0.209196392 0.977177228 -0.036898990 21.984779840 -0.001133373 0.037976168 0.999278002 4.309284253
0.968419270 -0.249126699 0.010000301 368.483137308 0.249327104 0.967693283 -0.037492726 22.115623323 -0.000336785 0.038802025 0.999246861 4.345312969
0.956827001 -0.290483626 0.010067472 368.904785218 0.290658022 0.956244647 -0.033377962 22.218844791 0.000068786 0.034863127 0.999392094 4.332543645
0.942854424 -0.333027304 0.010878865 369.335813040 0.333204888 0.942332710 -0.031361845 22.445315568 0.000192840 0.033194545 0.999448891 4.330458990
0.925898104 -0.377536841 0.013365435 369.722676223 0.377771366 0.925428149 -0.029521793 22.622677307 -0.001223186 0.032383251 0.999474777 4.331123304
0.905875417 -0.423175969 0.017658685 370.008038169 0.423522612 0.905462916 -0.027667741 22.767175449 -0.004280961 0.032542379 0.999461188 4.343015420
0.883026881 -0.468872582 0.020543352 370.402127383 0.469276630 0.882705864 -0.024694159 23.040727606 -0.006555323 0.031446121 0.999483951 4.369664689
0.856320748 -0.516027007 0.020758213 370.739176102 0.516376841 0.856166801 -0.018258331 23.251178751 -0.008350701 0.026354049 0.999617792 4.336623380
0.825959543 -0.563403915 0.019153635 371.051425280 0.563672115 0.825883125 -0.013813418 23.492519615 -0.008036131 0.022205694 0.999721125 4.274291852
0.791598352 -0.610714601 0.019993130 371.409331306 0.610927953 0.791658637 -0.006605898 23.810637289 -0.011793416 0.017443581 0.999778294 4.279319833
0.754146164 -0.656261185 0.024183072 371.724760499 0.656557758 0.754247835 -0.006489511 24.142095207 -0.013981216 0.020771624 0.999686483 4.267503073
0.711983114 -0.701627110 0.028274431 371.963270541 0.702079535 0.712022290 -0.010420451 24.439662142 -0.012820754 0.027270085 0.999545882 4.275347262
0.667039905 -0.744257583 0.033740397 372.327066653 0.744859128 0.667156729 -0.009315458 24.817633109 -0.015577033 0.031345625 0.999387216 4.280535874
0.617305193 -0.785846549 0.037141634 372.602807403 0.786557493 0.617457152 -0.008600937 25.222777111 -0.016174351 0.034523433 0.999272997 4.254627998
0.563866251 -0.824846381 0.041028021 372.891415697 0.825746455 0.563934087 -0.011006300 25.708565347 -0.014058592 0.040084824 0.999097374 4.254699635
0.507811007 -0.860365595 0.043577796 373.101326715 0.861414967 0.507693302 -0.014552189 26.076579923 -0.009603952 0.044928328 0.998944047 4.267053689
0.447223579 -0.893417013 0.042392350 373.238141897 0.894416937 0.446880919 -0.017770385 26.487600837 -0.003067968 0.045863771 0.998942992 4.306378430
0.385744032 -0.921745159 0.039842232 373.439176147 0.922605444 0.385343834 -0.017587628 26.964419833 0.000858353 0.043542982 0.999051186 4.317931201
0.321281790 -0.946178499 0.039041772 373.585457729 0.946945261 0.320624462 -0.022240191 27.445994087 0.008525444 0.044115789 0.998990047 4.271347372
0.255431387 -0.965712131 0.046420767 373.695454783 0.966747687 0.254500109 -0.025071971 27.913659392 0.012398217 0.051281337 0.998607285 4.280725300
0.191161475 -0.980301140 0.049668555 373.802473160 0.981466798 0.190206663 -0.023331308 28.488070705 0.013424418 0.053208085 0.998493207 4.319362023
0.129365269 -0.990576466 0.044976578 373.868137475 0.991543586 0.128754346 -0.016236847 29.071947886 0.010292909 0.046696722 0.998856082 4.363561721
0.075806454 -0.996548472 0.033830835 373.862314741 0.997090082 0.075486540 -0.010637253 29.592364378 0.008046765 0.034538762 0.999370964 4.340511087
0.027185354 -0.999378121 0.022457262 373.841082253 0.999602196 0.027008936 -0.008122069 30.208895887 0.007510471 0.022669129 0.999714811 4.368381621
-0.010734157 -0.999817151 0.015825358 373.800656113 0.999931100 -0.010807888 -0.004580946 30.752995913 0.004751147 0.015775095 0.999864277 4.369327362
-0.040742506 -0.999092795 0.012394988 373.715345807 0.999169608 -0.040744060 0.000127248 31.364590355 0.000377890 0.012389880 0.999923171 4.338468783
-0.063144777 -0.997941894 0.011167529 373.670633321 0.997995844 -0.063094012 0.004841504 31.981869375 -0.004126936 0.011450863 0.999925920 4.349664563
-0.079812183 -0.996766227 0.009333004 373.608699951 0.996788076 -0.079744952 0.007367122 32.598901297 -0.006599038 0.009891013 0.999929308 4.413312184
-0.089085917 -0.996006191 0.005947089 373.562457957 0.996013807 -0.089056483 0.005043659 33.200017500 -0.004493889 0.006372702 0.999969596 4.398080628
-0.094096795 -0.995561284 0.001877139 373.471454236 0.995548512 -0.094105444 -0.005227390 33.792132531 0.005380836 0.001376902 0.999984575 4.402524515
-0.096709811 -0.995311941 -0.001162943 373.444913975 0.995180503 -0.096677870 -0.016405979 34.411831184 0.016216636 -0.002743957 0.999864737 4.423286491
-0.095296070 -0.995448973 -0.000043855 373.403667634 0.995208663 -0.095272096 -0.021975982 35.078544006 0.021871791 -0.002137870 0.999758498 4.409905197
-0.094671467 -0.995505866 0.002320462 373.303544668 0.995314471 -0.094698778 -0.019525483 35.758181328 0.019657477 0.000461084 0.999806667 4.380974853
-0.093317716 -0.995610874 0.007126773 373.228517348 0.995526544 -0.093411352 -0.014185217 36.451783165 0.014788678 0.005771159 0.999873986 4.404829566
-0.093226288 -0.995614177 0.007827476 373.162084763 0.995565089 -0.093315500 -0.011931921 37.065266062 0.012610015 0.006680393 0.999898175 4.433099882
-0.091091333 -0.995842540 0.000060101 373.067798698 0.995768731 -0.091085316 -0.012169598 37.816245856 0.012124478 -0.001048698 0.999925946 4.431562591
-0.089627915 -0.995971358 -0.002809071 372.998126496 0.995899556 -0.089585953 -0.012586948 38.515503225 0.012284586 -0.003925694 0.999916835 4.440002705
-0.087409674 -0.996150319 -0.006640078 372.950881606 0.996064876 -0.087300338 -0.015277883 39.246195458 0.014639387 -0.007949384 0.999861238 4.452005530
-0.082029571 -0.996621522 -0.004085530 372.866557226 0.996508824 -0.081955021 -0.015922887 39.995764808 0.015534262 -0.005377414 0.999864876 4.480069110
-0.079011410 -0.996844544 -0.007625764 372.799760912 0.996761168 -0.078885234 -0.015629901 40.749612122 0.014979022 -0.008836005 0.999848766 4.478149736
-0.074808461 -0.997121348 -0.012357674 372.754397858 0.997110771 -0.074632345 -0.014146515 41.579834245 0.013183510 -0.013380249 0.999823566 4.465733038
-0.070106170 -0.997421060 -0.015373785 372.707434291 0.997486785 -0.069935644 -0.011363080 42.402980674 0.010258600 -0.016131769 0.999817247 4.464902212
-0.065468525 -0.997810632 -0.009370935 372.650152782 0.997828513 -0.065395973 -0.007850186 43.133069305 0.007220177 -0.009864526 0.999925277 4.506198287
-0.061696804 -0.998059898 -0.008363261 372.540304053 0.998060420 -0.061622818 -0.008833253 43.896384324 0.008300748 -0.008892023 0.999926012 4.550183850
-0.059337583 -0.998213807 -0.006945997 372.468419925 0.998189132 -0.059264412 -0.010304665 44.754594144 0.009874609 -0.007544873 0.999922781 4.561437193
-0.055487072 -0.998449917 -0.004352857 372.406040592 0.998408456 -0.055439673 -0.010343994 45.638089942 0.010086639 -0.004919887 0.999937025 4.585207723
-0.051865011 -0.998651221 -0.002399741 372.365416610 0.998632382 -0.051847884 -0.006720265 46.528188202 0.006586780 -0.002745006 0.999974539 4.547329418
-0.049600873 -0.998749249 -0.006300051 372.358367899 0.998768598 -0.049593420 -0.001333928 47.379703240 0.001019819 -0.006358457 0.999979265 4.547907921
-0.046524118 -0.998871533 -0.009548105 372.353127271 0.998912910 -0.046549701 0.002474703 48.297008874 -0.002916372 -0.009422592 0.999951354 4.536314336
-0.043993510 -0.998965991 -0.011468238 372.316975547 0.999017856 -0.044050683 0.004781187 49.217233240 -0.005281427 -0.011246633 0.999922807 4.530009943
-0.041748117 -0.999089919 -0.008742307 372.255893069 0.999118575 -0.041784460 0.004016487 50.183444057 -0.004378125 -0.008566921 0.999953719 4.561372102
-0.040775375 -0.999102252 -0.011491704 372.181077015 0.999164462 -0.040804556 0.002316324 51.064219627 -0.002783158 -0.011387653 0.999931285 4.585757989
-0.040288249 -0.999136850 -0.010119883 372.088057325 0.999187764 -0.040277871 -0.001227320 51.987951988 0.000818653 -0.010161110 0.999948039 4.601870100
-0.039364955 -0.999162378 -0.011177809 372.075872202 0.999222908 -0.039340079 -0.002436712 52.939839160 0.001994935 -0.011265044 0.999934557 4.564070924
-0.038352965 -0.999232431 -0.007974854 372.086850487 0.999263367 -0.038341073 -0.001638770 53.837573275 0.001331747 -0.008031831 0.999966858 4.578524994
-0.039375239 -0.999205772 -0.006116832 372.018226526 0.999224354 -0.039371247 -0.000771839 54.752117893 0.000530399 -0.006142479 0.999980994 4.653005643
-0.040742641 -0.999149016 -0.006425088 371.939253274 0.999169674 -0.040741900 -0.000246236 55.596079377 -0.000015744 -0.006429785 0.999979329 4.688239623
-0.042947755 -0.999006104 -0.011928751 371.921548792 0.999077319 -0.042944891 -0.000496222 56.508467802 -0.000016550 -0.011939057 0.999928727 4.692401817
-0.042561620 -0.999020985 -0.012065652 371.922741874 0.999093440 -0.042569350 0.000384452 57.441912446 -0.000897702 -0.012038351 0.999927133 4.698246135
-0.044277389 -0.998952271 -0.011570318 371.845105831 0.999015435 -0.044306364 0.002259907 58.407132778 -0.002770178 -0.011458863 0.999930508 4.701686633
-0.044877322 -0.998923985 -0.011700374 371.830094488 0.998988950 -0.044905332 0.002142163 59.289424440 -0.002665267 -0.011592410 0.999929254 4.733828893
-0.048035388 -0.998825184 -0.006391660 371.753780748 0.998845440 -0.048038387 0.000316409 60.171796538 -0.000623082 -0.006369081 0.999979523 4.723269770
-0.049783004 -0.998671754 -0.013280814 371.645822676 0.998759496 -0.049764472 -0.001722425 60.981389030 0.001059224 -0.013350087 0.999910323 4.765295719
-0.053059227 -0.998535479 -0.010564820 371.603951508 0.998591367 -0.053056126 -0.000573779 61.856969468 0.000012410 -0.010580382 0.999944026 4.742148335
-0.055237007 -0.998348236 -0.015801023 371.562455291 0.998472020 -0.055255075 0.000708830 62.789741108 -0.001580746 -0.015737726 0.999874905 4.762995291
-0.060178614 -0.998115776 -0.011976299 371.447336880 0.998175141 -0.060233536 0.004278933 63.819233141 -0.004992246 -0.011696944 0.999919126 4.735555720
-0.063378010 -0.997821759 -0.018302058 371.407497028 0.997955336 -0.063517126 0.007122002 64.727003434 -0.008268983 -0.017813258 0.999807137 4.755841541
-0.066100415 -0.997649166 -0.018079726 371.335737951 0.997788235 -0.066215522 0.005843245 65.621029832 -0.007026667 -0.017653497 0.999819474 4.753689655
-0.068974638 -0.997461391 -0.017699515 371.331486803 0.997609656 -0.069037515 0.002965640 66.508160672 -0.004180042 -0.017452653 0.999838953 4.742132863
-0.072865393 -0.997245453 -0.013861476 371.245409645 0.997341607 -0.072866616 -0.000417437 67.315905071 -0.000593752 -0.013855044 0.999903838 4.763590770
-0.073617600 -0.997178495 -0.014679865 371.162790370 0.997286218 -0.073597710 -0.001891341 68.211404461 0.000805600 -0.014779264 0.999890456 4.824987686
-0.073139242 -0.996917695 -0.028385909 371.052355329 0.997321735 -0.073106969 -0.002174462 69.052973415 0.000092551 -0.028468923 0.999594674 4.781069379
-0.073952388 -0.996965833 -0.024293471 371.024393092 0.997260005 -0.073976180 0.000080861 69.966802762 -0.001877754 -0.024220927 0.999704867 4.782726092
-0.071543829 -0.997283953 -0.017498504 370.999752320 0.997426843 -0.071612992 0.003357524 70.948333539 -0.004601525 -0.017213267 0.999841252 4.784909979
-0.070855975 -0.997434402 -0.010200214 370.904889369 0.997486190 -0.070861014 0.000132949 71.853879644 -0.000855406 -0.010165152 0.999947968 4.846157085
-0.068764312 -0.997632923 -0.000145527 370.821925614 0.997632812 -0.068764375 0.000482546 72.663581020 -0.000491411 -0.000112001 0.999999873 4.904358620
-0.064356786 -0.997926445 -0.001007561 370.779941283 0.997926889 -0.064356387 -0.000424225 73.585421405 0.000358502 -0.001032774 0.999999402 4.865857113
-0.060357361 -0.998171246 0.003339615 370.747595235 0.998175225 -0.060350922 0.001996380 74.549316464 -0.001791181 0.003454017 0.999992431 4.865812674
-0.054716439 -0.998445914 0.010576736 370.683946720 0.998497787 -0.054682616 0.003461201 75.503523923 -0.002877459 0.010750233 0.999938074 4.914849589
-0.048905755 -0.998678342 0.015804938 370.581342546 0.998795087 -0.048834673 0.004852752 76.410089436 -0.004074509 0.016023222 0.999863318 4.953993745
-0.045556189 -0.998810243 0.017399221 370.518139520 0.998954622 -0.045483026 0.004578000 77.256335811 -0.003781184 0.017589589 0.999838141 4.952221201
-0.040048154 -0.999077163 0.015523161 370.446155696 0.999181545 -0.039954190 0.006316849 78.009206492 -0.005690805 0.015763434 0.999859555 4.960072320
-0.035703027 -0.999253063 0.014785490 370.359591802 0.999354037 -0.035638137 0.004629372 78.903242765 -0.004098987 0.014941221 0.999879972 4.927415394
-0.029655240 -0.999446681 0.015063155 370.385748722 0.999556844 -0.029612802 0.003032691 79.793404806 -0.002584951 0.015146414 0.999881945 4.950151233
-0.024168018 -0.999590225 0.015339117 370.330672021 0.999706967 -0.024144064 0.001744916 80.693853373 -0.001373852 0.015376793 0.999880826 4.902230770
-0.020727710 -0.999680118 0.014492208 370.341011677 0.999784295 -0.020706475 0.001613820 81.611379033 -0.001313221 0.014522533 0.999893680 4.968260926
-0.015933421 -0.999760304 0.015015357 370.347010413 0.999872690 -0.015918788 0.001093576 82.462211775 -0.000854288 0.015030870 0.999886665 4.968807831
-0.009844472 -0.999822258 0.016079129 370.322046410 0.999943642 -0.009779202 0.004132904 83.317381483 -0.003974928 0.016118909 0.999862181 4.990020849
-0.004121739 -0.999895187 0.013878954 370.344414024 0.999978100 -0.004049422 0.005234582 84.175523689 -0.005177832 0.013900226 0.999889981 5.010534186
0.000335646 -0.999897653 0.014302836 370.311706333 0.999964220 0.000456496 0.008446891 85.034744035 -0.008452555 0.014299489 0.999862030 4.964486913
0.004212448 -0.999869312 0.015608116 370.331228473 0.999937923 0.004372716 0.010248411 85.911783511 -0.010315322 0.015563976 0.999825663 5.005267646
0.006716025 -0.999820166 0.017734987 370.275247967 0.999926520 0.006893617 0.009971567 86.845833409 -0.010092032 0.017666714 0.999792998 4.973526948
0.009561029 -0.999784558 0.018423494 370.282285184 0.999915681 0.009720946 0.008610109 87.699483686 -0.008787348 0.018339619 0.999793199 4.992532643
0.009842354 -0.999761101 0.019515857 370.373424471 0.999913824 0.010009667 0.008494128 88.508522989 -0.008687446 0.019430573 0.999773465 5.025535468
0.011012250 -0.999709280 0.021449616 370.330692324 0.999917754 0.011150501 0.006336493 89.316161424 -0.006573825 0.021378073 0.999749850 5.064926320
0.011255030 -0.999732954 0.020182766 370.315979621 0.999915339 0.011384304 0.006301724 90.082408405 -0.006529808 0.020110131 0.999776447 5.054799189
0.010653418 -0.999702859 0.021924819 370.347351564 0.999934011 0.010745016 0.004064278 90.847233630 -0.004298652 0.021880074 0.999751361 5.045527409
0.008965444 -0.999682245 0.023559063 370.403793361 0.999956602 0.009022600 0.002320899 91.595707960 -0.002532726 0.023537232 0.999719753 5.014093544
0.008078046 -0.999612264 0.026647083 370.349787613 0.999964584 0.008138080 0.002145250 92.328818493 -0.002361275 0.026628810 0.999642602 5.024245392
0.004966424 -0.999650926 0.025949186 370.371790718 0.999974250 0.005099107 0.005049520 92.962566253 -0.005180075 0.025923440 0.999650510 5.045869877
0.000545673 -0.999669861 0.025687975 370.424879420 0.999975114 0.000726162 0.007017403 93.603779267 -0.007033740 0.025683506 0.999645379 5.046108639
-0.005613533 -0.999596885 0.027830835 370.401626161 0.999950520 -0.005382599 0.008365727 94.237924637 -0.008212552 0.027876419 0.999577640 5.048127660
-0.011165669 -0.999589307 0.026392131 370.402884071 0.999902192 -0.010939074 0.008714551 94.852207528 -0.008422267 0.026486854 0.999613681 5.023207172
-0.017513344 -0.999478703 0.027122054 370.387971996 0.999836451 -0.017384322 0.004985598 95.410321997 -0.004511501 0.027204933 0.999619697 5.033976490
-0.024198543 -0.999366745 0.026087151 370.360013493 0.999705304 -0.024139805 0.002564248 96.011449853 -0.001932885 0.026141515 0.999656384 5.048947599
-0.032274559 -0.999142508 0.025934553 370.346366922 0.999475216 -0.032191779 0.003603178 96.585962788 -0.002765208 0.026037234 0.999657149 5.070213721
-0.038989055 -0.998995114 0.022104675 370.304898232 0.999228505 -0.038874655 0.005581840 97.183210223 -0.004716919 0.022305252 0.999740079 5.074290263
-0.048931837 -0.998548279 0.022516879 370.256253785 0.998796275 -0.048841988 0.004523446 97.787734394 -0.003417110 0.022711115 0.999736230 5.026804104
-0.055751986 -0.998143464 0.024522269 370.181791362 0.998444648 -0.055735079 0.001372945 98.400639633 -0.000003646 0.024560673 0.999698341 5.002501348
-0.062532946 -0.997803868 0.021841994 370.164750224 0.998036265 -0.062597354 -0.002277025 99.018602050 0.003639275 0.021656713 0.999758842 5.018226116
-0.067410363 -0.997471346 0.022511244 370.118871483 0.997699100 -0.067555049 -0.005728985 99.587347454 0.007235246 0.022073255 0.999730175 5.068560603
-0.073517998 -0.997100535 0.019637399 370.039841749 0.997241293 -0.073702096 -0.008820675 100.192585324 0.010242417 0.018934747 0.999768257 5.087387233
-0.080152643 -0.996647801 0.016392484 370.008661437 0.996727727 -0.080309950 -0.009173309 100.761281643 0.010459038 0.015603578 0.999823553 5.132070441
-0.084883204 -0.996292354 0.014013807 369.987523755 0.996322153 -0.085034175 -0.010552599 101.298611373 0.011705126 0.013066528 0.999846116 5.136174169
-0.088341847 -0.996020821 0.011757606 369.944777880 0.996006902 -0.088480968 -0.011889868 101.919549716 0.012882880 0.010660284 0.999860185 5.120634378
-0.091867336 -0.995681181 0.013393231 369.865164918 0.995674610 -0.092037498 -0.012695304 102.578509473 0.013873154 0.012169016 0.999829711 5.174788862
-0.097205474 -0.995152639 0.014910451 369.809486210 0.995169578 -0.097392035 -0.012341049 103.159479632 0.013733387 0.013638810 0.999812671 5.229603451
-0.100730161 -0.994824190 0.013351609 369.695156991 0.994800865 -0.100911839 -0.013712776 103.823295732 0.014989137 0.011900902 0.999816830 5.167541256
-0.104514898 -0.994433777 0.013345410 369.601567871 0.994374214 -0.104722177 -0.015911915 104.412088124 0.017220906 0.011607300 0.999784332 5.174768429
-0.107326912 -0.994187319 0.008515187 369.524126406 0.994044622 -0.107466223 -0.018063809 105.067170720 0.018873905 0.006525743 0.999800575 5.162791913
-0.107718093 -0.994159814 0.006563301 369.436771255 0.993978530 -0.107827143 -0.019493302 105.684895098 0.020087160 0.004423999 0.999788445 5.149390555
-0.108710999 -0.994036411 0.008575050 369.400717769 0.993872726 -0.108858329 -0.019153806 106.315953158 0.019973046 0.006440279 0.999779776 5.188662306
-0.109860236 -0.993912627 0.008271542 369.368603096 0.993768405 -0.109994459 -0.018043726 106.972360674 0.018843711 0.006237709 0.999802983 5.215600559
-0.109159893 -0.993994062 0.007741020 369.266600796 0.993914998 -0.109260023 -0.013972265 107.604813322 0.014734132 0.006168705 0.999872418 5.238338651
-0.108456803 -0.994091691 0.004339510 369.246408495 0.994067857 -0.108487869 -0.007712193 108.278916739 0.008137411 0.003477328 0.999960845 5.264971310
-0.107464532 -0.994207853 0.001455540 369.109175996 0.994208515 -0.107463054 0.001058335 108.961408986 -0.000895788 0.001560843 0.999998381 5.243587839
-0.106560324 -0.994305797 -0.000938238 369.020494590 0.994250816 -0.106564300 0.010457752 109.658894896 -0.010498186 0.000181537 0.999944876 5.186274156
-0.104366584 -0.994531346 -0.003875350 368.886152288 0.994441110 -0.104410172 0.013615949 110.391067185 -0.013946114 -0.002432757 0.999899789 5.210574344
-0.100491071 -0.994916594 -0.006520414 368.827805282 0.994899647 -0.100542557 0.008117072 111.080060894 -0.008731389 -0.005671464 0.999945797 5.216968416
-0.097046276 -0.995234191 -0.009535456 368.788943243 0.995265043 -0.096988079 -0.006388079 111.790243283 0.005432809 -0.010110246 0.999934132 5.274433099
-0.092854333 -0.995623916 -0.010539964 368.722586033 0.995613665 -0.092721054 -0.012499427 112.529842735 0.011467452 -0.011654359 0.999866328 5.274292938
-0.089550641 -0.995933449 -0.009861415 368.621315061 0.995973688 -0.089504377 -0.005037743 113.318036517 0.004134617 -0.010272843 0.999938685 5.233339875
-0.084250718 -0.996403202 -0.009081590 368.533439803 0.996375464 -0.084348724 0.011010295 114.163381692 -0.011736714 -0.008121048 0.999898144 5.160122520
-0.080628808 -0.996724011 -0.006343528 368.471664252 0.996516908 -0.080744695 0.020840989 114.956361935 -0.021284920 -0.004641049 0.999762678 5.205477562
-0.077446080 -0.996986510 -0.004472646 368.399662435 0.996864575 -0.077508039 0.015922397 115.759176314 -0.016221081 -0.003225495 0.999863227 5.297965046
-0.074210437 -0.997234792 -0.003947353 368.336241419 0.997242604 -0.074209960 -0.000267405 116.589640260 -0.000026267 -0.003956313 0.999992173 5.325301913
-0.071028338 -0.997443912 -0.007785789 368.250740675 0.997397162 -0.070923612 -0.012990061 117.429858615 0.012404661 -0.008688186 0.999885313 5.291071098
-0.066637831 -0.997718378 -0.010836905 368.189162230 0.997704171 -0.066497591 -0.012824140 118.315083249 0.012074252 -0.011666599 0.999859042 5.270258188
-0.061261271 -0.998050571 -0.011921163 368.101327591 0.998119509 -0.061231374 -0.002857296 119.214261841 0.002121777 -0.012073787 0.999924858 5.208893921
-0.054385078 -0.998405170 -0.015145293 368.044241583 0.998513009 -0.054435344 0.002926386 120.120558365 -0.003746158 -0.014963621 0.999881021 5.210743515
-0.047168218 -0.998677010 -0.020478982 367.994486962 0.998882170 -0.047094589 -0.004063157 120.974007476 0.003093333 -0.020647741 0.999782027 5.246688063
-0.041609347 -0.998911306 -0.021091822 367.946130972 0.999018157 -0.041273863 -0.016099398 121.862319620 0.015211330 -0.021740998 0.999647910 5.299915380
-0.032650860 -0.999334276 -0.016276530 367.892270559 0.999134164 -0.032215533 -0.026326432 122.824700752 0.025784549 -0.017122018 0.999520882 5.322081499
-0.025763549 -0.999474015 -0.019695997 367.852183230 0.999366169 -0.025266591 -0.025077060 123.733132048 0.024566220 -0.020329587 0.999491475 5.321913231
-0.018521188 -0.999766114 -0.011166188 367.918800895 0.999741119 -0.018370792 -0.013424226 124.711729909 0.013215955 -0.011411930 0.999847542 5.352175703
-0.010499309 -0.999919573 -0.007114238 367.941901794 0.999941292 -0.010479946 -0.002753665 125.713447893 0.002678886 -0.007142732 0.999970902 5.259089860
-0.004643716 -0.999969434 -0.006290256 367.865801665 0.999988680 -0.004650144 0.001007688 126.748361021 -0.001036908 -0.006285505 0.999979708 5.320058655
0.001561498 -0.999987417 -0.004767349 367.908405800 0.999993925 0.001576329 -0.003108947 127.811181969 0.003116423 -0.004762465 0.999983803 5.365078292
0.004065714 -0.999990562 -0.001531542 367.930631559 0.999967020 0.004076377 -0.007024387 128.846580473 0.007030563 -0.001502933 0.999974156 5.413900589
0.004183282 -0.999985956 -0.003254036 367.926224018 0.999962569 0.004207786 -0.007560119 129.906445036 0.007573705 -0.003222288 0.999966127 5.384145863
0.000976649 -0.999999477 -0.000302477 367.860089968 0.999977849 0.000978619 -0.006583599 130.866702487 0.006583891 -0.000296040 0.999978282 5.386480161
0.000210052 -0.999999875 -0.000454667 367.834280793 0.999984929 0.000212543 -0.005486011 131.787781619 0.005486107 -0.000453507 0.999984848 5.415340668
-0.001812352 -0.999987272 0.004708540 367.915160711 0.999996443 -0.001821542 -0.001948230 132.728256414 0.001956782 0.004704992 0.999987017 5.483604188
-0.004940281 -0.999966928 0.006460319 367.870036365 0.999983765 -0.004921813 0.002871498 133.702926125 -0.002839607 0.006474401 0.999975009 5.483955112
-0.011244996 -0.999920894 0.005635230 367.771493445 0.999932233 -0.011227784 0.003076682 134.761235017 -0.003013168 0.005669446 0.999979389 5.449529899
-0.012982998 -0.999907071 0.004158236 367.870130408 0.999906921 -0.013000216 -0.004140610 135.779905738 0.004194283 0.004104091 0.999982782 5.473504788
-0.015091376 -0.999878277 0.003959998 367.836257767 0.999833006 -0.015131276 -0.010247170 136.735039794 0.010305842 0.003804693 0.999939655 5.495674712
-0.017775141 -0.999813671 0.007527779 367.797698042 0.999749193 -0.017875573 -0.013491305 137.665954805 0.013623355 0.007286081 0.999880651 5.498215853
-0.021760888 -0.999668018 0.013795591 367.825616227 0.999726569 -0.021876147 -0.008259626 138.621608496 0.008558678 0.013612082 0.999870722 5.570288867
-0.024202860 -0.999695278 0.004855156 367.815130161 0.999698309 -0.024222692 -0.004068504 139.646894873 0.004184869 0.004755222 0.999979937 5.575305804
-0.027682040 -0.999426824 0.019486624 367.779169726 0.999615825 -0.027703686 -0.000841720 140.645495123 0.001381089 0.019455837 0.999809763 5.622865470
-0.028199826 -0.999422685 0.018949051 367.732247594 0.999598140 -0.028249369 -0.002351919 141.696664659 0.002885859 0.018875112 0.999817684 5.613503407
-0.030021295 -0.999483129 0.011497724 367.699387690 0.999527842 -0.030093966 -0.006200463 142.656175299 0.006543270 0.011306149 0.999914675 5.664657315
-0.031538134 -0.999457236 0.009517312 367.649424532 0.999459504 -0.031623718 -0.008980044 143.610431127 0.009276143 0.009228954 0.999914386 5.704385322
-0.033438180 -0.999416652 0.006945798 367.584815877 0.999397642 -0.033500504 -0.009059241 144.636288022 0.009286644 0.006638689 0.999934841 5.700634739
-0.037449726 -0.999274455 0.006934099 367.523804345 0.999259493 -0.037508682 -0.008576954 145.580180856 0.008830820 0.006607760 0.999939175 5.711218327
-0.038924405 -0.999132614 0.014795638 367.517106747 0.999231600 -0.038987794 -0.004020121 146.530683130 0.004593483 0.014627788 0.999882457 5.745634149
-0.040168662 -0.999142312 0.010055801 367.538237068 0.999192467 -0.040157096 0.001349515 147.548273392 -0.000944546 0.010101889 0.999948529 5.665732280
-0.043022118 -0.998986534 0.013228821 367.503893954 0.999059558 -0.042946229 0.005968309 148.564745985 -0.005394132 0.013473150 0.999894683 5.661566268
-0.048209890 -0.998773025 0.011324810 367.429909297 0.998829047 -0.048160510 0.004593431 149.557268704 -0.004042386 0.011532998 0.999925322 5.709921935
-0.053580348 -0.998462701 0.014190886 367.368454803 0.998561831 -0.053601149 -0.001089248 150.402882760 0.001848222 0.014112115 0.999898711 5.753745134
-0.055929296 -0.998335782 0.014056309 367.281562136 0.998408811 -0.056023745 -0.006417567 151.350679889 0.007194374 0.013675013 0.999880610 5.803544060
-0.056941824 -0.998352956 0.007000237 367.219707328 0.998356751 -0.056984443 -0.006047331 152.181856278 0.006436275 0.006644388 0.999957212 5.814041130
-0.058721401 -0.998202030 0.012020995 367.181184675 0.998268415 -0.058758522 -0.002758144 153.153897823 0.003459521 0.011838218 0.999923941 5.795594068
-0.059580799 -0.998164373 0.010863413 367.092221800 0.998223235 -0.059569540 0.001357423 154.169927577 -0.000707803 0.010924988 0.999940070 5.755153650
-0.058702225 -0.998233873 0.009120557 367.028125672 0.998273563 -0.058681490 0.002524910 155.185007798 -0.001985243 0.009253028 0.999955219 5.757642878
-0.061594187 -0.998014059 0.013194499 366.978162046 0.998096564 -0.061547897 0.003886466 156.139810620 -0.003066654 0.013408768 0.999905396 5.777983874
-0.060804639 -0.998113577 0.008490247 366.942763766 0.998138333 -0.060761178 0.005286585 157.036685261 -0.004760735 0.008795890 0.999949983 5.824587849
-0.059960343 -0.998152653 0.009799945 366.922140913 0.998188308 -0.059907668 0.005583249 157.942078672 -0.004985843 0.010116964 0.999936392 5.814442528
-0.059648301 -0.998218045 0.001677646 366.809270118 0.998204577 -0.059638152 0.005559903 158.896971301 -0.005449944 0.002006273 0.999983136 5.793636202
-0.059071145 -0.998246046 0.003928307 366.730896156 0.998250548 -0.059060490 0.002775279 159.755059113 -0.002538404 0.004085374 0.999988433 5.867916911
-0.057465816 -0.998340695 0.003679300 366.624919389 0.998347377 -0.057467051 -0.000230684 160.733915887 0.000441740 0.003659963 0.999993205 5.875203454
-0.055180648 -0.998451934 0.006987927 366.568524847 0.998469231 -0.055205398 -0.003399826 161.627074196 0.003780334 0.006789626 0.999969805 5.911991360
-0.053615443 -0.998493450 0.011671069 366.523175304 0.998556089 -0.053650516 -0.002712771 162.498175710 0.003334843 0.011508771 0.999928211 5.903052396
-0.052407867 -0.998531179 0.013744082 366.509092647 0.998624368 -0.052425842 -0.000950537 163.392009739 0.001669686 0.013675360 0.999905094 5.898335215
-0.052485613 -0.998621304 -0.000866859 366.441723751 0.998614979 -0.052488421 0.003617938 164.269066879 -0.003658450 -0.000675769 0.999993080 5.895973923
-0.054938866 -0.998460396 0.007652333 366.317088019 0.998449490 -0.054866243 0.009397450 165.323455928 -0.008963127 0.008156754 0.999926562 5.918288000
-0.053730191 -0.998453668 0.014259696 366.212394862 0.998514653 -0.053593367 0.009810127 166.203270542 -0.009030732 0.014765616 0.999850200 5.927700435
-0.049847480 -0.998682802 0.012160955 366.192956521 0.998739244 -0.049770627 0.006542717 167.090168903 -0.005928841 0.012471761 0.999904647 5.941163030
-0.048660577 -0.998742951 0.012027687 366.183102668 0.998807860 -0.048609979 0.004464085 167.897611664 -0.003873808 0.012230574 0.999917700 5.881975315
-0.049696263 -0.998758720 0.003361670 366.072765092 0.998761255 -0.049687410 0.002667888 168.744999850 -0.002497543 0.003490090 0.999990791 5.859548712
-0.048147412 -0.998838587 0.001817495 366.099652916 0.998812809 -0.048132524 0.007498865 169.670674010 -0.007402675 0.002176388 0.999970231 5.829107873
-0.047125377 -0.998888797 0.000608282 366.064533379 0.998842883 -0.047117343 0.009635910 170.526424512 -0.009596542 0.001061674 0.999953389 5.859235526
-0.047584669 -0.998859788 0.003850023 366.017878930 0.998836294 -0.047552518 0.008050790 171.324127186 -0.007858532 0.004228636 0.999960180 5.871266100
-0.047144693 -0.998888069 -0.000064551 365.982641428 0.998887359 -0.047144737 0.001190376 172.021363854 -0.001192096 -0.000008360 0.999999289 5.891212707
-0.046272836 -0.998921936 0.003713514 365.919775979 0.998926038 -0.046281189 -0.002195948 172.745520041 0.002365447 0.003607913 0.999990694 5.905877531
-0.047638340 -0.998807116 0.010720703 365.938385976 0.998864644 -0.047636796 0.000399520 173.501672932 0.000111656 0.010727564 0.999942452 5.891721498
-0.049221783 -0.998651683 0.016493402 365.959136625 0.998771692 -0.049120275 0.006504319 174.197415714 -0.005685389 0.016793297 0.999842818 5.885216752
-0.049957198 -0.998669710 0.012770652 365.845216315 0.998694133 -0.049813373 0.011342726 174.912135530 -0.010691488 0.013320626 0.999854116 5.868064005
-0.052664963 -0.998526840 0.013059549 365.816176297 0.998568215 -0.052535342 0.010077635 175.673722913 -0.009376701 0.013571589 0.999863935 5.890158969
-0.053827432 -0.998526250 0.006923612 365.801970240 0.998550218 -0.053827974 0.000108190 176.353784294 0.000264653 0.006919398 0.999976026 5.933228798
-0.055383896 -0.998436293 0.007588967 365.750132480 0.998440133 -0.055434696 -0.006655409 176.952711658 0.007065694 0.007208526 0.999949055 5.965550972
-0.058106500 -0.998267112 0.009295600 365.709933224 0.998277679 -0.058177453 -0.007553755 177.578294962 0.008081459 0.008840668 0.999928264 5.939739728
-0.060673115 -0.998091475 0.011496998 365.632407164 0.998137424 -0.060741256 -0.005673022 178.210587185 0.006360537 0.011131384 0.999917815 5.992749294
-0.066026514 -0.997788589 0.007643993 365.576443422 0.997817004 -0.066034603 -0.000810450 178.851092019 0.001313426 0.007573795 0.999970456 5.985939592
-0.071348415 -0.997384696 0.011540001 365.554138885 0.997451335 -0.071337981 0.001313742 179.388546860 -0.000487066 0.011604323 0.999932549 6.022909473
-0.081409390 -0.996589888 0.013457595 365.583539518 0.996679730 -0.081382596 0.002527643 179.859695437 -0.001423810 0.013618686 0.999906248 6.002295586
-0.094008158 -0.995501431 0.011805402 365.559914846 0.995569800 -0.093979959 0.002922334 180.408093110 -0.001799717 0.012027825 0.999926043 6.057854476
-0.108562711 -0.994065421 0.006933679 365.460592713 0.994089301 -0.108554606 0.001535941 180.954574877 -0.000774143 0.007059442 0.999974782 6.092102880
-0.129536734 -0.991570636 0.002812328 365.353169937 0.991573995 -0.129539326 -0.000759071 181.535449736 0.001116979 0.002690304 0.999995757 6.024105241
-0.153024634 -0.988207774 0.005371837 365.162643902 0.988214764 -0.153042528 -0.003092613 182.062626456 0.003878264 0.004835283 0.999980789 6.031112397
-0.181966983 -0.983301806 0.002361229 365.077524157 0.983294775 -0.181975390 -0.004042732 182.638032699 0.004404911 0.001586140 0.999989040 6.070470425
-0.218318583 -0.975856913 0.006346776 364.958245180 0.975866985 -0.218341867 -0.003233743 183.163915767 0.004541437 0.005487623 0.999974630 6.083926322
-0.258772642 -0.965886165 0.010031763 364.801815341 0.965922392 -0.258813962 -0.003043956 183.718524380 0.005536475 0.008902212 0.999945048 6.070783556
-0.302237440 -0.953202075 0.007637705 364.718984793 0.953219745 -0.302265369 -0.002786355 184.179433685 0.004964573 0.006438270 0.999966950 6.074107317
-0.347950629 -0.937427553 0.012646809 364.479093684 0.937473391 -0.348028100 -0.004481314 184.692469968 0.008602353 0.010296771 0.999909984 6.093410334
-0.397460997 -0.917540252 0.012026718 364.255794467 0.917587566 -0.397521817 -0.003076381 185.150916798 0.007603586 0.009812825 0.999922944 6.123773165
-0.448466859 -0.893744945 0.009871604 364.043224950 0.893783723 -0.448497151 -0.000980813 185.592088669 0.005303983 0.008383217 0.999950794 6.137783093
-0.500388920 -0.865764407 0.007932252 363.739154368 0.865793453 -0.500401306 0.000480397 185.992039800 0.003553398 0.007108078 0.999968424 6.134348935
-0.550827763 -0.834578942 0.008170958 363.375971943 0.834605106 -0.550848603 -0.000364810 186.422020777 0.004805424 0.006618576 0.999966551 6.148780267
-0.602467469 -0.798128860 0.004824054 363.021321572 0.798137506 -0.602475291 -0.000214308 186.757648230 0.003077419 0.003721145 0.999988341 6.145067596
-0.653395129 -0.757015396 0.001579746 362.658124187 0.757015246 -0.653396702 -0.000816179 187.089205343 0.001650061 0.000662605 0.999998419 6.141164118
-0.702786300 -0.711399782 -0.001329641 362.372997942 0.711400686 -0.702782914 -0.002289057 187.420703277 0.000693986 -0.002554625 0.999996496 6.156059150
-0.750490355 -0.660878940 -0.001803843 362.033132346 0.660881397 -0.750487893 -0.001923791 187.737017907 -0.000082369 -0.002635912 0.999996523 6.159298610
-0.793741171 -0.608247425 -0.003166000 361.553211217 0.608253201 -0.793742018 -0.001285354 188.036834018 -0.001731175 -0.002945968 0.999994162 6.124040893
-0.833731786 -0.552132052 -0.006442599 361.004367089 0.552165046 -0.833715686 -0.005649517 188.304625049 -0.002252017 -0.008267560 0.999963287 6.073380933
-0.870026417 -0.492926453 -0.008806020 360.522691161 0.492990794 -0.869998465 -0.007921431 188.571885379 -0.003756541 -0.011233142 0.999929850 6.059389686
-0.902285110 -0.431002385 -0.010886925 360.041913462 0.431094395 -0.902268992 -0.008263727 188.771090206 -0.006261249 -0.012149530 0.999906588 6.081536019
-0.929024209 -0.369853636 -0.011059248 359.543131410 0.369919790 -0.929052202 -0.004621059 188.932982846 -0.008565503 -0.008384111 0.999928167 6.084064480
-0.951394756 -0.307735241 -0.012125990 358.987162994 0.307793346 -0.951447810 -0.003212491 189.048308041 -0.010548650 -0.006788647 0.999921317 6.036961432
-0.968131154 -0.250150166 -0.012122789 358.440385577 0.250191017 -0.968194523 -0.001954721 189.220290733 -0.011248244 -0.004925439 0.999924606 6.031821828
-0.980110371 -0.198128583 -0.011345700 357.894990781 0.198182179 -0.980157832 -0.003801120 189.346581730 -0.010367466 -0.005974032 0.999928411 6.022683150
-0.988557355 -0.150282061 -0.013025295 357.239807347 0.150427395 -0.988559845 -0.011001403 189.438310524 -0.011222970 -0.012834879 0.999854645 6.050160664
-0.993353997 -0.114355449 -0.013063991 356.694883682 0.114539932 -0.993314680 -0.014371833 189.461292379 -0.011333157 -0.015772667 0.999811373 6.048400580
-0.996214325 -0.085518002 -0.015610553 356.054719209 0.085764666 -0.996188847 -0.015880903 189.456986309 -0.014192956 -0.017159617 0.999752023 6.008968076
-0.997839494 -0.063888151 -0.015318260 355.427851646 0.064171176 -0.997762614 -0.018757014 189.525212866 -0.014085636 -0.019699480 0.999706720 5.941859953
-0.998775524 -0.046936975 -0.015632465 354.758334722 0.047216032 -0.998722728 -0.017987756 189.554317388 -0.014768207 -0.018703833 0.999715993 5.954131258
-0.999439972 -0.031502323 -0.011284766 354.108656181 0.031685498 -0.999362697 -0.016438621 189.583286442 -0.010759719 -0.016786978 0.999801193 6.010163642
-0.999837815 -0.017755247 -0.003015748 353.502881403 0.017801706 -0.999711118 -0.016148687 189.621549010 -0.002728153 -0.016199753 0.999865053 6.028873890
-0.999995066 -0.001826237 0.002555844 352.793910272 0.001792087 -0.999909938 -0.013300545 189.619628060 0.002579904 -0.013295899 0.999908277 6.078767436
-0.999910581 0.012231479 0.005405668 352.099887600 -0.012305360 -0.999828332 -0.013852219 189.573976024 0.005235307 -0.013917499 0.999889441 6.072180198
-0.999638847 0.026351446 0.005270407 351.388104870 -0.026403715 -0.999600269 -0.010106736 189.508822029 0.005001973 -0.010242244 0.999935036 6.075317493
-0.999287926 0.037559214 0.003598210 350.664013450 -0.037586600 -0.999262364 -0.007872442 189.532220748 0.003299873 -0.008002081 0.999962538 6.047139357
-0.998905867 0.046700781 0.002471075 349.936567560 -0.046723955 -0.998854292 -0.010342907 189.475360883 0.001985222 -0.010447049 0.999943457 6.126100910
-0.998598439 0.052707716 0.004801468 349.164273692 -0.052741988 -0.998581380 -0.007315012 189.397656736 0.004409099 -0.007557999 0.999961718 6.097737464
-0.998322018 0.057757900 0.004144195 348.504508904 -0.057789631 -0.998296761 -0.007996020 189.345341831 0.003675303 -0.008222094 0.999959444 6.113439550
-0.998147342 0.060632493 0.005058050 347.769132290 -0.060678798 -0.998111490 -0.009567520 189.312728945 0.004468395 -0.009856711 0.999941438 6.164143839
-0.997761259 0.066635059 0.005678008 346.965825171 -0.066706163 -0.997682410 -0.013419989 189.266643461 0.004770607 -0.013768703 0.999893826 6.168002405
-0.997437950 0.071374681 0.004815740 346.112349832 -0.071433762 -0.997354296 -0.013476838 189.163049840 0.003841094 -0.013786316 0.999897586 6.140900085
-0.997110170 0.075959468 0.001211409 345.292243589 -0.075969095 -0.996997616 -0.014981676 189.162054371 0.000069772 -0.015030411 0.999887035 6.105792115
-0.996634928 0.081958873 -0.001250510 344.566951156 -0.081923086 -0.996475168 -0.018051256 189.101729157 -0.002725563 -0.017888067 0.999836281 6.090405909
-0.996042126 0.088881784 -0.000335494 343.741039628 -0.088856689 -0.995837528 -0.020300390 189.002918832 -0.002138433 -0.020190233 0.999793870 6.112195248
-0.995732381 0.092287524 -0.000193736 342.872853304 -0.092266650 -0.995547641 -0.019281060 188.883023144 -0.001972274 -0.019180900 0.999814084 6.086220573
-0.995451353 0.095204832 0.003555762 341.976116206 -0.095265606 -0.995104091 -0.026311830 188.806212052 0.001033340 -0.026530889 0.999647460 6.102226849
-0.995385709 0.095819265 0.005095009 341.098351017 -0.095905938 -0.995168465 -0.021018514 188.691640959 0.003056414 -0.021410170 0.999766104 6.167130826
-0.995354621 0.096047429 0.006638503 340.231487038 -0.096162849 -0.995163128 -0.020076241 188.580113490 0.004678122 -0.020621357 0.999776412 6.168539243
-0.995448640 0.095049877 0.006893908 339.309537569 -0.095176934 -0.995231647 -0.021338249 188.535156853 0.004832837 -0.021897272 0.999748545 6.179332459
-0.995559008 0.093981323 0.005456372 338.362287117 -0.094075933 -0.995344379 -0.020959133 188.399665767 0.003461202 -0.021379367 0.999765444 6.230902600
-0.995816101 0.091318708 0.003344639 337.458039764 -0.091371102 -0.995561590 -0.022548642 188.293116982 0.001270682 -0.022759904 0.999740152 6.209450373
-0.996112205 0.088043658 0.002964618 336.538720216 -0.088089074 -0.995836812 -0.023438387 188.260200775 0.000888675 -0.023608414 0.999720888 6.198437416
-0.996351720 0.085277402 0.003318899 335.633971053 -0.085333719 -0.996042313 -0.024856927 188.140184153 0.001186030 -0.025049456 0.999685510 6.200961273
-0.996695093 0.081178472 0.002991152 334.693590838 -0.081232378 -0.996203351 -0.031307881 187.990050936 0.000438270 -0.031447390 0.999505312 6.148943038
-0.996917107 0.078461550 0.000259636 333.759086550 -0.078434871 -0.996480234 -0.029582326 187.935705730 -0.002062353 -0.029511492 0.999562314 6.163866279
-0.997131752 0.075634066 -0.002785290 332.780352659 -0.075515224 -0.996682653 -0.030350304 187.926323666 -0.005071567 -0.030052920 0.999535443 6.158510134
-0.997213275 0.074262194 -0.007128135 331.804363264 -0.073972429 -0.996655482 -0.034726490 187.800747502 -0.009683160 -0.034102432 0.999371433 6.069987323
-0.997367559 0.071514296 -0.011985711 330.838253448 -0.071108639 -0.996973981 -0.031407680 187.728204183 -0.014195540 -0.030472713 0.999434790 6.092029246
-0.997593497 0.068221562 -0.012370684 329.948332751 -0.067791552 -0.997174397 -0.032365518 187.629062573 -0.014543755 -0.031449002 0.999399539 6.135963561
-0.997699757 0.067154742 -0.009243126 329.021382675 -0.066723546 -0.996930616 -0.040955043 187.531612051 -0.011965080 -0.040244102 0.999118236 6.185578850
-0.997834360 0.065185277 -0.008801688 328.166504387 -0.064804202 -0.997164895 -0.038243789 187.473401742 -0.011269666 -0.037590580 0.999229675 6.203782370
-0.997996425 0.062415357 -0.010366250 327.258849071 -0.061925313 -0.997184462 -0.042289529 187.424056745 -0.012976580 -0.041562865 0.999051619 6.203020611
-0.998043544 0.061463149 -0.011461485 326.298076442 -0.060932378 -0.997257682 -0.042004290 187.409862102 -0.014011770 -0.041223735 0.999051687 6.238204080
-0.998221184 0.058624906 -0.010843821 325.433217680 -0.058192549 -0.997633404 -0.036622648 187.356957149 -0.012965157 -0.035926473 0.999270330 6.207952764
-0.998262342 0.057992723 -0.010447075 324.520417088 -0.057546617 -0.997585775 -0.038871685 187.298582606 -0.012676129 -0.038202945 0.999189597 6.211956920
-0.998385856 0.055991028 -0.009522966 323.526573763 -0.055615120 -0.997803558 -0.035986363 187.228890967 -0.011516963 -0.035398655 0.999306907 6.197065514
-0.998520105 0.053556096 -0.009452182 322.573545537 -0.053176214 -0.997911233 -0.036680541 187.118496895 -0.011396905 -0.036123626 0.999282340 6.225081679
-0.998677826 0.050766644 -0.008083741 321.684366851 -0.050394913 -0.997888731 -0.040968699 187.068914011 -0.010146517 -0.040507151 0.999127729 6.194723969
-0.998797138 0.048210324 -0.008946568 320.764114709 -0.047848110 -0.998167455 -0.037044423 187.079809050 -0.010716097 -0.036571787 0.999273571 6.200354672
-0.998883622 0.046600753 -0.007738243 319.782174538 -0.046261296 -0.998151648 -0.039410415 187.006010095 -0.009560495 -0.039008437 0.999193144 6.206299723
-0.998950612 0.044601278 -0.010411565 318.773983363 -0.044205735 -0.998389788 -0.035548340 186.905045194 -0.011980301 -0.035050785 0.999313722 6.198736183
-0.999092057 0.040575579 -0.012987872 317.903267760 -0.040053785 -0.998467515 -0.038187894 186.855616758 -0.014517464 -0.037633008 0.999186169 6.127159144
-0.999228545 0.037900347 -0.010289726 316.982919412 -0.037495785 -0.998611106 -0.037012495 186.824134181 -0.011678222 -0.036598120 0.999261826 6.149620020
-0.999353729 0.035445295 -0.005979562 316.036873208 -0.035212274 -0.998753231 -0.035384744 186.746626273 -0.007226329 -0.035151321 0.999355875 6.195088520
-0.999332151 0.035486093 -0.008717139 315.013802460 -0.035214060 -0.998941476 -0.029595573 186.679300403 -0.009758143 -0.029268842 0.999523943 6.189353760
-0.999156756 0.038255900 -0.014908522 314.005938243 -0.037748806 -0.998744617 -0.032927449 186.705295781 -0.016149475 -0.032336904 0.999346546 6.101877056
-0.999163533 0.036483061 -0.018472155 313.035009893 -0.035824322 -0.998751405 -0.034817377 186.716874933 -0.019719335 -0.034126501 0.999222963 6.051519799
-0.999161356 0.037783231 -0.015780132 312.131727868 -0.037154699 -0.998571999 -0.038386068 186.598460896 -0.017207948 -0.037767570 0.999138377 6.111982761
-0.999158869 0.039718895 -0.010196252 311.133908277 -0.039256307 -0.998340158 -0.042141089 186.564082410 -0.011853125 -0.041705376 0.999059640 6.172618127
-0.999137119 0.041296920 -0.004425222 310.173718539 -0.041095218 -0.998405106 -0.038709530 186.560344116 -0.006016749 -0.038494272 0.999240707 6.169874837
-0.999128657 0.041625002 -0.003047331 309.263848954 -0.041495660 -0.998545081 -0.034435916 186.514612955 -0.004476293 -0.034279459 0.999402262 6.175490269
-0.999060657 0.043072610 -0.004749179 308.332850846 -0.042883197 -0.998481136 -0.034589766 186.471667534 -0.006231838 -0.034353615 0.999390311 6.121065009
-0.999019441 0.043954188 -0.005309118 307.385360284 -0.043749462 -0.998465850 -0.033940096 186.384331286 -0.006792782 -0.033674545 0.999409767 6.164872757
-0.999152308 0.040766137 -0.005725959 306.382818245 -0.040548530 -0.998598058 -0.034025496 186.392808567 -0.007105019 -0.033764474 0.999404562 6.171812640
-0.999250519 0.038410916 -0.004795952 305.445194710 -0.038213251 -0.998616956 -0.036109859 186.300658207 -0.006176332 -0.035899526 0.999336318 6.141773386
-0.999356249 0.035594982 -0.004481647 304.549754200 -0.035423929 -0.998802497 -0.033744896 186.244291342 -0.005677430 -0.033564415 0.999420430 6.158690951
-0.999428741 0.033212746 -0.006253376 303.611587129 -0.033007164 -0.998988990 -0.030520885 186.184481407 -0.007260737 -0.030297043 0.999514568 6.109726179
-0.999534040 0.030109629 -0.005011342 302.737535874 -0.029925982 -0.998994374 -0.033386755 186.205401772 -0.006011565 -0.033221228 0.999429943 6.113980323
-0.999569797 0.029269848 -0.001870153 301.741871583 -0.029192859 -0.999035776 -0.032791694 186.122506290 -0.002828157 -0.032722991 0.999460458 6.155266644
-0.999657368 0.026162947 -0.000804852 300.857080953 -0.026122546 -0.999121650 -0.032764946 186.094540590 -0.001661373 -0.032732695 0.999462761 6.198249751
-0.999668354 0.025686416 -0.001841367 299.968945853 -0.025607130 -0.999069846 -0.034694637 186.092339246 -0.002730835 -0.034635979 0.999396264 6.140089460
-0.999628018 0.026426498 -0.006742796 299.060726259 -0.026161108 -0.998979991 -0.036804549 186.074343863 -0.007708533 -0.036614460 0.999299735 6.101194961
-0.999669858 0.024617594 -0.007358632 298.115156003 -0.024317038 -0.998963880 -0.038468805 186.084090425 -0.008298017 -0.038277165 0.999232706 6.084883328
-0.999659313 0.025827505 -0.003767933 297.148506021 -0.025661379 -0.998911624 -0.038949470 186.011847547 -0.004769800 -0.038839510 0.999234077 6.146643816
-0.999605165 0.028076643 -0.001102779 296.213806175 -0.028016362 -0.998917514 -0.037133335 185.983384107 -0.002144164 -0.037087778 0.999309711 6.089667465
-0.999540341 0.030309722 -0.000654262 295.290316846 -0.030275048 -0.999063867 -0.030900017 185.965889841 -0.001590221 -0.030866006 0.999522266 6.143569532
-0.999389571 0.034889850 -0.001784098 294.354520098 -0.034828837 -0.999026441 -0.027076237 185.969757441 -0.002727047 -0.026997570 0.999631779 6.163370452
-0.999230219 0.039222807 -0.000735860 293.471731891 -0.039185725 -0.998822281 -0.028609952 185.916890647 -0.001857156 -0.028559094 0.999590381 6.159961617
-0.999118064 0.041987394 -0.000390319 292.440997874 -0.041963900 -0.998795415 -0.025431268 185.889558150 -0.001457641 -0.025392460 0.999676497 6.207604616
-0.998940395 0.045975154 0.002090804 291.458994217 -0.046012736 -0.998637508 -0.024616170 185.746871249 0.000956223 -0.024686290 0.999694790 6.241952714
-0.998765124 0.049680631 0.000249009 290.523098051 -0.049668341 -0.998378689 -0.027803762 185.703089081 -0.001132703 -0.027781796 0.999613370 6.223839349
-0.998706311 0.050602874 -0.005005303 289.590727883 -0.050420268 -0.998228046 -0.031600073 185.693288532 -0.006595489 -0.031306824 0.999488060 6.161198455
-0.998673746 0.050766830 -0.008571989 288.678638171 -0.050480549 -0.998248872 -0.030836736 185.675939643 -0.010122462 -0.030363120 0.999487677 6.173073647
-0.998745011 0.049821003 -0.005125574 287.770761076 -0.049638515 -0.998283708 -0.031075012 185.574179191 -0.006664965 -0.030781588 0.999503913 6.204726905
-0.998798161 0.049000995 0.001066075 286.889969258 -0.049011624 -0.998405555 -0.028003736 185.507798921 -0.000307835 -0.028022330 0.999607250 6.227599139
-0.998733557 0.049991087 0.005672077 285.897680267 -0.050124395 -0.998391739 -0.026485485 185.446198096 0.004338917 -0.026736252 0.999633106 6.226188630
-0.998683039 0.051294224 0.001043927 284.959571799 -0.051303655 -0.998314512 -0.027130606 185.421869776 -0.000349476 -0.027148433 0.999631352 6.175995375
-0.998686119 0.050869196 -0.006193523 284.034303556 -0.050674429 -0.998313019 -0.028341124 185.333633620 -0.007624765 -0.027990034 0.999579122 6.137133043
-0.998678333 0.050387967 -0.010131181 283.095324226 -0.050105206 -0.998393473 -0.026456394 185.291462647 -0.011447989 -0.025913803 0.999598629 6.174176056
-0.998811570 0.047802648 -0.009505452 282.099222527 -0.047512323 -0.998457505 -0.028726120 185.339874299 -0.010863975 -0.028240355 0.999542123 6.166537064
-0.998904108 0.046270632 -0.007043536 281.072087944 -0.046065756 -0.998576135 -0.026900734 185.216060717 -0.008278221 -0.026546788 0.999613295 6.194771014
-0.999193683 0.039744431 -0.005688967 280.030862447 -0.039630980 -0.999036923 -0.018831117 185.133815035 -0.006431920 -0.018590474 0.999806494 6.202573863
-0.999268201 0.037673295 -0.006617081 279.069536401 -0.037499973 -0.998993538 -0.024610204 185.051866627 -0.007537568 -0.024344054 0.999675223 6.223052010
-0.999308711 0.036218483 -0.008385822 278.109329132 -0.035965896 -0.998945640 -0.028531771 185.045036757 -0.009410358 -0.028210444 0.999557710 6.215737559
-0.999369148 0.033339186 -0.012239446 277.145558031 -0.032974355 -0.999038608 -0.028888623 185.070333449 -0.013190802 -0.028466811 0.999507701 6.186291513
-0.999448096 0.030433740 -0.013315062 276.198675464 -0.030124782 -0.999285629 -0.022819501 185.061120023 -0.014000033 -0.022405794 0.999650929 6.198304606
-0.999521936 0.028685090 -0.011535416 275.200274506 -0.028383427 -0.999271404 -0.025515525 185.049277099 -0.012258926 -0.025175913 0.999607869 6.212581078
-0.999488745 0.030225727 -0.010423769 274.211201948 -0.029936970 -0.999191736 -0.026826323 184.934290446 -0.011226189 -0.026500552 0.999585761 6.216866664
-0.999372200 0.034046194 -0.009801126 273.219261140 -0.033782379 -0.999092799 -0.025929336 184.916817484 -0.010675030 -0.025581953 0.999615730 6.211661794
-0.999271124 0.036314612 -0.011767330 272.250214109 -0.036005394 -0.999026144 -0.025502473 184.878726337 -0.012681983 -0.025060197 0.999605499 6.208488373
-0.999113526 0.039273935 -0.015156516 271.266353559 -0.038895388 -0.998942624 -0.024510883 184.839725011 -0.016103128 -0.023899636 0.999584662 6.175772843
-0.998913467 0.042641906 -0.018803010 270.269056540 -0.042164979 -0.998796065 -0.025070595 184.791082369 -0.019849431 -0.024250526 0.999508835 6.174170463
-0.998919487 0.043622283 -0.016029815 269.293166678 -0.043172601 -0.998691751 -0.027402792 184.721356148 -0.017204216 -0.026681134 0.999495939 6.186349137
-0.998980429 0.043921837 -0.010439092 268.258484852 -0.043621484 -0.998671183 -0.027441469 184.692385963 -0.011630500 -0.026958121 0.999568903 6.183430337
-0.998942205 0.045801651 -0.004084095 267.331174102 -0.045677931 -0.998605162 -0.026481274 184.676242629 -0.005291285 -0.026266709 0.999640967 6.155903672
-0.998861709 0.047535772 -0.003954279 266.356317879 -0.047408988 -0.998494021 -0.027605740 184.617739823 -0.005260584 -0.027386848 0.999611068 6.124148741
-0.998806618 0.048431595 -0.006302418 265.263567453 -0.048215496 -0.998361213 -0.030824567 184.591961209 -0.007784973 -0.030483907 0.999504940 6.141065147
-0.998688396 0.049585642 -0.012757438 264.266679706 -0.049169328 -0.998306022 -0.031104088 184.504259162 -0.014278144 -0.030436017 0.999434732 6.100737497
-0.998652162 0.050301750 -0.012790342 263.259270013 -0.049824624 -0.998136592 -0.035225720 184.418048067 -0.014538424 -0.034540967 0.999297531 6.113376815
-0.998636945 0.051612067 -0.007774758 262.270518513 -0.051313113 -0.998079608 -0.034699577 184.365833029 -0.009550744 -0.034253333 0.999367546 6.115689523
-0.998582253 0.053127357 0.003311739 261.272013415 -0.053205159 -0.998092372 -0.031318160 184.301648180 0.001641570 -0.031449960 0.999503980 6.167498098
-0.998447725 0.054019592 0.013565573 260.267308690 -0.054386651 -0.998118005 -0.028329139 184.223983516 0.012009714 -0.029022951 0.999506596 6.155589752
-0.998272445 0.056905157 0.014626271 259.239828757 -0.057288734 -0.997984297 -0.027300981 184.136078279 0.013043222 -0.028091737 0.999520249 6.215719257
-0.998262750 0.058668909 0.005426049 258.270146595 -0.058795195 -0.997900908 -0.027145943 184.083742021 0.003822036 -0.027417810 0.999616754 6.265615382
-0.998144081 0.060512898 -0.006825104 257.254443105 -0.060301254 -0.997792140 -0.027831715 184.059866015 -0.008494213 -0.027368499 0.999589322 6.236624527
-0.998013102 0.061181584 -0.015055271 256.267251691 -0.060728696 -0.997735969 -0.028895705 183.926357612 -0.016789071 -0.027924006 0.999469048 6.230303000
-0.997945271 0.062263784 -0.015114782 255.231138490 -0.061790821 -0.997639174 -0.029966181 183.840129183 -0.016944906 -0.028970654 0.999436627 6.237370226
-0.998098616 0.060617679 -0.011164618 254.246935508 -0.060273193 -0.997761540 -0.028966400 183.768166867 -0.012895503 -0.028238397 0.999518033 6.236414127
-0.998291604 0.058146723 -0.005729864 253.289123502 -0.057991843 -0.998022424 -0.024252555 183.761961425 -0.007128740 -0.023878836 0.999689443 6.246979805
-0.998531010 0.054127955 -0.002446793 252.329617368 -0.054060998 -0.998293624 -0.022073719 183.679875699 -0.003637423 -0.021909017 0.999753352 6.188650344
-0.998558045 0.053677038 -0.000779202 251.291798278 -0.053650779 -0.998359706 -0.019987278 183.575555243 -0.001850782 -0.019916653 0.999799931 6.209124872
-0.998659715 0.051749689 -0.000862212 250.323030987 -0.051727729 -0.998517855 -0.016921459 183.576965315 -0.001736615 -0.016854179 0.999856450 6.200961673
-0.998784231 0.049246565 -0.002199132 249.328709016 -0.049202576 -0.998646090 -0.016884698 183.546690968 -0.003027668 -0.016755967 0.999855025 6.232026510
-0.998866978 0.047219131 -0.005925677 248.363714605 -0.047108233 -0.998734110 -0.017634985 183.513164126 -0.006750885 -0.017335856 0.999826932 6.265026054
-0.998940498 0.045445258 -0.007253331 247.390235784 -0.045319706 -0.998834184 -0.016625167 183.420785216 -0.008000410 -0.016278834 0.999835483 6.236302938
-0.998993328 0.044443602 -0.006090700 246.472458194 -0.044313228 -0.998815707 -0.020087837 183.361796054 -0.006976263 -0.019797716 0.999779667 6.277540277
-0.999076273 0.042716027 -0.004684228 245.486154101 -0.042613217 -0.998887321 -0.020204791 183.340539618 -0.005542084 -0.019986517 0.999784889 6.254294094
-0.999138386 0.041061847 -0.006034064 244.522166275 -0.040940822 -0.998981444 -0.018971631 183.298284153 -0.006806928 -0.018708246 0.999801814 6.274417412
-0.999160580 0.040323026 -0.007224172 243.557937394 -0.040182171 -0.999017675 -0.018683655 183.270358244 -0.007970457 -0.018377689 0.999799346 6.277018991
-0.999214395 0.038324924 -0.010089228 242.624740298 -0.038130241 -0.999095370 -0.018828857 183.210813479 -0.010801716 -0.018429360 0.999771815 6.294066731
-0.999202483 0.037756263 -0.012994718 241.689714709 -0.037582047 -0.999203704 -0.013399535 183.147007356 -0.013490287 -0.012900480 0.999825780 6.302075271
-0.999121369 0.039509259 -0.013982405 240.735881761 -0.039397103 -0.999189921 -0.008207888 183.162232046 -0.014295365 -0.007649810 0.999868553 6.299533874
-0.999007601 0.042665956 -0.012783930 239.690270435 -0.042539571 -0.999044733 -0.010000358 183.085261609 -0.013198393 -0.009446611 0.999868273 6.258980732
-0.999105508 0.040930344 -0.010625026 238.872155160 -0.040906789 -0.999160024 -0.002424990 183.027503213 -0.010715356 -0.001988185 0.999940612 6.281028835
-0.999172316 0.039636451 -0.009145171 238.010554897 -0.039648396 -0.999213056 0.001128465 182.991860623 -0.009093246 0.001490122 0.999957545 6.348318997
-0.999241345 0.038295152 -0.007086244 237.194016624 -0.038258571 -0.999254198 -0.005227780 182.974223009 -0.007281158 -0.004952705 0.999961227 6.257008323
-0.999329040 0.036594452 -0.001521738 236.339687490 -0.036565110 -0.999200370 -0.016174490 182.926819221 -0.002112418 -0.016107996 0.999868026 6.254007021
-0.999442600 0.033327102 0.001947516 235.519162777 -0.033356018 -0.999291682 -0.017421565 182.906483047 0.001365527 -0.017476816 0.999846336 6.300348913
-0.999570805 0.029272094 0.001162159 234.677213902 -0.029287208 -0.999436969 -0.016370837 182.888071868 0.000682296 -0.016397848 0.999865313 6.323091127
-0.999712996 0.023718805 -0.003367958 233.817605488 -0.023642850 -0.999499059 -0.021039157 182.863252910 -0.003865295 -0.020953491 0.999772980 6.283085580
-0.999759891 0.020139404 -0.008635053 233.021687709 -0.019924827 -0.999507245 -0.024254263 182.761582554 -0.009119265 -0.024076387 0.999668528 6.298622156
-0.999813393 0.016126480 -0.010635616 232.187457666 -0.015854677 -0.999557621 -0.025163309 182.678165929 -0.011036707 -0.024989989 0.999626776 6.310707795
-0.999841970 0.014088729 -0.010841693 231.442317048 -0.013836667 -0.999640093 -0.022983286 182.695322206 -0.011161596 -0.022829641 0.999677061 6.313881465
-0.999896555 0.010667093 -0.009648455 230.696435574 -0.010477305 -0.999754734 -0.019511506 182.746563201 -0.009854220 -0.019408398 0.999763076 6.305826177
-0.999927164 0.006607357 -0.010099958 229.949373403 -0.006394831 -0.999760457 -0.020931653 182.748509272 -0.010235841 -0.020865541 0.999729892 6.302677362
-0.999936845 0.002161453 -0.011028754 229.226586098 -0.001909444 -0.999738001 -0.022809714 182.751463885 -0.011075166 -0.022787215 0.999678990 6.315004330
-0.999933237 -0.000964067 -0.011514857 228.505929428 0.001220529 -0.999750890 -0.022286047 182.766482758 -0.011490503 -0.022298613 0.999685321 6.302923055
-0.999930907 -0.001835171 -0.011610914 227.871225076 0.002072715 -0.999788118 -0.020479842 182.704274878 -0.011570870 -0.020502493 0.999722843 6.314513966
-0.999920602 -0.003023892 -0.012232999 227.208457457 0.003238664 -0.999840298 -0.017575246 182.680015793 -0.012177900 -0.017613469 0.999770706 6.358256693
-0.999936252 -0.004112175 -0.010515840 226.561889405 0.004308224 -0.999816062 -0.018689076 182.723015828 -0.010437053 -0.018733189 0.999770041 6.360708532
-0.999945275 -0.002508162 -0.010156544 225.951734249 0.002657282 -0.999888486 -0.014695366 182.693789057 -0.010118553 -0.014721550 0.999840433 6.336385313
-0.999947850 0.000436520 -0.010203301 225.388713927 -0.000314096 -0.999927983 -0.011997073 182.734596589 -0.010207803 -0.011993243 0.999875974 6.356240391
-0.999951814 0.004083146 -0.008927347 224.797562420 -0.003999354 -0.999947974 -0.009383786 182.698140282 -0.008965197 -0.009347631 0.999916120 6.374113885
-0.999900749 0.010389807 -0.009515468 224.233605690 -0.010302224 -0.999904538 -0.009207528 182.726271510 -0.009610224 -0.009108583 0.999912335 6.367172453
-0.999730238 0.020758809 -0.010417429 223.726315737 -0.020659365 -0.999740823 -0.009564399 182.681164546 -0.010613275 -0.009346602 0.999899995 6.374052581
-0.999487105 0.030638522 -0.009317059 223.228480707 -0.030540269 -0.999478269 -0.010511052 182.660807170 -0.009634241 -0.010221116 0.999901350 6.390092658
-0.999033724 0.042960519 -0.009274286 222.731597625 -0.042883506 -0.999045193 -0.008349047 182.657973868 -0.009624111 -0.007943265 0.999922137 6.379621940
-0.998054526 0.061796689 -0.008266323 222.266542032 -0.061749419 -0.998074501 -0.005856564 182.618422422 -0.008612323 -0.005334730 0.999948683 6.405615220
-0.996476331 0.083694494 -0.005491270 221.798980282 -0.083654770 -0.996469473 -0.007104131 182.502351424 -0.006066460 -0.006619728 0.999959688 6.484348363
-0.993883417 0.110369910 -0.003772979 221.356793735 -0.110334800 -0.993858067 -0.008507297 182.434368083 -0.004688755 -0.008038970 0.999956694 6.461337818
-0.989861449 0.141958859 -0.004689881 220.899794039 -0.141904131 -0.989825203 -0.010453926 182.368929709 -0.006126190 -0.009682425 0.999934358 6.482922944
-0.983642605 0.180083590 -0.004138279 220.436561357 -0.180035925 -0.983610074 -0.009914056 182.216603860 -0.005855812 -0.009006849 0.999942291 6.436115459
-0.975003088 0.222134647 -0.005017675 220.012390030 -0.222094560 -0.974996352 -0.007491313 182.123354418 -0.006556295 -0.006189655 0.999959351 6.402198691
-0.963507127 0.267626755 -0.005471430 219.586306431 -0.267570758 -0.963494076 -0.009222560 181.934300837 -0.007739894 -0.007422007 0.999942502 6.407613180
-0.950041462 0.312074133 -0.005563786 219.207359520 -0.311969180 -0.949981059 -0.014533329 181.830953434 -0.009820967 -0.012071535 0.999878906 6.441569271
-0.934523368 0.355895339 -0.002140377 218.884382569 -0.355790234 -0.934364143 -0.019415407 181.725140019 -0.008909745 -0.017382626 0.999809212 6.438044760
-0.916449357 0.400148714 0.001258159 218.513651623 -0.400070813 -0.916199062 -0.022860946 181.531665497 -0.007995054 -0.021454251 0.999737863 6.422343901
-0.895198623 0.445653838 0.003475930 218.112194335 -0.445618252 -0.894956871 -0.021830530 181.276083143 -0.006618052 -0.021091598 0.999755643 6.426289559
-0.870972087 0.491313963 0.004267590 217.797793555 -0.491283882 -0.870730873 -0.021630869 181.043904175 -0.006911626 -0.020936481 0.999756917 6.421088696
-0.844404133 0.535704012 0.001694300 217.403555890 -0.535604027 -0.844176170 -0.022246809 180.834262038 -0.010487417 -0.019692771 0.999751073 6.389542361
-0.815262527 0.579090674 0.001001175 217.021798572 -0.578959985 -0.815039253 -0.022723359 180.516361720 -0.012342888 -0.019105144 0.999741290 6.366964320
-0.782158834 0.623074809 -0.002311013 216.694424871 -0.622839148 -0.781955172 -0.024849643 180.200410260 -0.017290295 -0.017996978 0.999688529 6.366582694
-0.745623077 0.666332544 -0.006867898 216.315832599 -0.665989009 -0.745507025 -0.026036791 179.829576084 -0.022469227 -0.014839688 0.999637393 6.416866549
-0.704295943 0.709853373 -0.008684095 215.986567732 -0.709544482 -0.704274734 -0.023317974 179.476806633 -0.022668331 -0.010261003 0.999690381 6.368861347
-0.661121595 0.750247249 -0.006877618 215.642345181 -0.749980942 -0.661089652 -0.022114666 179.147617079 -0.021138189 -0.009462401 0.999731784 6.353929004
-0.614974635 0.788544979 -0.001735983 215.340408797 -0.788320026 -0.614849022 -0.022632183 178.671883035 -0.018913862 -0.012549708 0.999742352 6.378601235
-0.565717210 0.824599171 -0.000496411 215.038985170 -0.824409785 -0.565599983 -0.021098944 178.155088973 -0.017678942 -0.011526789 0.999777269 6.295226955
-0.516978156 0.855996661 0.001817058 214.828412195 -0.855891608 -0.516878821 -0.016906821 177.708869483 -0.013532983 -0.010295661 0.999855418 6.335118171
-0.466414629 0.884565324 0.001257492 214.570520041 -0.884486219 -0.466352857 -0.014111761 177.190807213 -0.011896339 -0.007694166 0.999899633 6.324334590
-0.416293213 0.909229217 0.001480576 214.286584928 -0.909164922 -0.416243126 -0.012680896 176.685249971 -0.010913561 -0.006625059 0.999918498 6.317587604
-0.364445337 0.931223665 0.001442926 214.100279237 -0.931107613 -0.364374464 -0.016427540 176.105610513 -0.014771949 -0.007330460 0.999864018 6.306932734
-0.312549458 0.949890070 0.004657406 213.953191561 -0.949748594 -0.312407428 -0.019473258 175.501392441 -0.017042446 -0.010509721 0.999799530 6.272545656
-0.261435970 0.965163013 0.010563689 213.853021185 -0.965040619 -0.261160036 -0.022181976 174.923072968 -0.018650410 -0.015993555 0.999698139 6.291632342
-0.212441063 0.977049502 0.015590525 213.798693738 -0.976939423 -0.212013575 -0.025290488 174.315346309 -0.021404656 -0.020603737 0.999558566 6.240853198
-0.169788126 0.985343440 0.016440714 213.633469259 -0.985140249 -0.169267455 -0.029107028 173.672648668 -0.025897541 -0.021138437 0.999441086 6.210295543
-0.135474620 0.990665277 0.015130647 213.569216020 -0.990402665 -0.134985232 -0.029690887 173.060085891 -0.027371317 -0.019007794 0.999444603 6.208342233
-0.105449108 0.994254838 0.018379414 213.542811406 -0.994141555 -0.104960051 -0.025806115 172.364106633 -0.023728750 -0.020992971 0.999497995 6.229520972
-0.081309876 0.996370904 0.025173903 213.470879541 -0.996543496 -0.080840705 -0.019126991 171.636376674 -0.017022501 -0.026642102 0.999500091 6.251938966
-0.062085533 0.997612871 0.030231554 213.433250160 -0.997995746 -0.061680836 -0.014140917 170.966159010 -0.012242454 -0.031048909 0.999442889 6.275417115
-0.045217736 0.998573866 0.028382922 213.391600942 -0.998903396 -0.044850891 -0.013431415 170.330154180 -0.012139261 -0.028959135 0.999506882 6.241760683
-0.034283888 0.999100949 0.024938118 213.353509604 -0.999243793 -0.033809467 -0.019203177 169.639712315 -0.018342768 -0.025577619 0.999504541 6.205419930
-0.028800904 0.999337866 0.022233712 213.364837634 -0.999321685 -0.028275513 -0.023593753 168.840326237 -0.022949461 -0.022898152 0.999474360 6.158824382
-0.024847211 0.999464892 0.021273130 213.366360142 -0.999373166 -0.024296908 -0.025747517 168.053851010 -0.025216868 -0.021899549 0.999442104 6.151646323
-0.021057541 0.999592908 0.019250907 213.340724115 -0.999519329 -0.020609977 -0.023159010 167.311733391 -0.022752821 -0.019729326 0.999546429 6.159549752
-0.017265250 0.999691854 0.017835595 213.283462660 -0.999730479 -0.016983526 -0.015828140 166.564253385 -0.015520352 -0.018104065 0.999715640 6.194265608
-0.013444847 0.999730274 0.018937147 213.250335218 -0.999883643 -0.013305586 -0.007460753 165.860638678 -0.007206771 -0.019035253 0.999792839 6.207466290
-0.010492548 0.999769212 0.018746429 213.307077355 -0.999931329 -0.010392702 -0.005415657 165.125335805 -0.005219581 -0.018801965 0.999809603 6.231077659
-0.007338490 0.999865768 0.014649007 213.333396582 -0.999918894 -0.007184812 -0.010515865 164.323078909 -0.010409203 -0.014724989 0.999837398 6.178319043
-0.005667545 0.999919967 0.011310978 213.331142389 -0.999830540 -0.005468196 -0.017578124 163.505762613 -0.017514866 -0.011408686 0.999781512 6.104524271
-0.003070517 0.999950436 0.009470883 213.351798904 -0.999762411 -0.002865281 -0.021608163 162.645643073 -0.021579955 -0.009534981 0.999721656 6.095179969
-0.001272244 0.999970482 0.007577332 213.295021260 -0.999765038 -0.001107943 -0.021648111 161.831272772 -0.021639076 -0.007603093 0.999736937 6.117068377
0.001066062 0.999973536 0.007196574 213.294778837 -0.999816460 0.001203501 -0.019120624 161.031204015 -0.019128780 -0.007174870 0.999791284 6.162399656
0.003822739 0.999953383 0.008866701 213.293751375 -0.999842605 0.003975632 -0.017290462 160.215802308 -0.017324906 -0.008799209 0.999811193 6.169415149
0.004649190 0.999964100 0.007084059 213.303052484 -0.999857156 0.004763576 -0.016216535 159.439120569 -0.016249698 -0.007007653 0.999843408 6.125882437
0.005340661 0.999953069 0.008083111 213.310584145 -0.999865613 0.005465133 -0.015456012 158.584875176 -0.015499462 -0.007999479 0.999847876 6.112957689
0.006013547 0.999943189 0.008800966 213.323688490 -0.999864233 0.006147629 -0.015287975 157.750915003 -0.015341211 -0.008707836 0.999844398 6.097670453
0.006512763 0.999946956 0.007979269 213.332398779 -0.999855167 0.006637218 -0.015671390 156.895539750 -0.015723519 -0.007876049 0.999845357 6.092360606
0.009696936 0.999948007 0.003154842 213.382800253 -0.999774846 0.009754711 -0.018844158 155.975756312 -0.018873952 -0.002971401 0.999817456 6.018728856
0.011471774 0.999931899 0.002143577 213.357015892 -0.999673352 0.011517717 -0.022815152 155.106688490 -0.022838287 -0.001881146 0.999737402 6.006108398
0.012521530 0.999915545 0.003480411 213.385491521 -0.999647153 0.012599562 -0.023384204 154.200352033 -0.023426081 -0.003186377 0.999720494 6.025359552
0.015547021 0.999879006 -0.000514118 213.345184301 -0.999640788 0.015532087 -0.021841435 153.313367234 -0.021830807 0.000853503 0.999761315 6.032339280
0.019812499 0.999792317 -0.004773601 213.422262430 -0.999607238 0.019713730 -0.019918291 152.395281563 -0.019820049 0.005166358 0.999790215 5.999624635
0.023813963 0.999691625 -0.007039125 213.454010740 -0.999481208 0.023655045 -0.021857581 151.537886982 -0.021684330 0.007555988 0.999736314 5.941231060
0.029221618 0.999556609 -0.005716882 213.445868028 -0.999257822 0.029068324 -0.025275233 150.613152935 -0.025097846 0.006451222 0.999664184 5.961690873
0.035171574 0.999372359 -0.004224833 213.478131981 -0.999057260 0.035052214 -0.025611181 149.672556073 -0.025447017 0.005121635 0.999663052 5.953717962
0.039098740 0.999223286 -0.004910589 213.515136562 -0.998892867 0.038956211 -0.026371469 148.800423094 -0.026159688 0.005936244 0.999640151 5.972704141
0.043908033 0.999024982 -0.004601030 213.540688246 -0.998593209 0.043751086 -0.029957381 147.927283157 -0.029726872 0.005909927 0.999540587 5.920304672
0.049423776 0.998763049 -0.005446242 213.622617009 -0.998216081 0.049212369 -0.033805315 147.032805182 -0.033495477 0.007107313 0.999413598 5.862430084
0.053826064 0.998534384 -0.005642534 213.707801543 -0.997978817 0.053603244 -0.034131715 146.130044750 -0.033779233 0.007468305 0.999401415 5.859688220
0.058159618 0.998307064 0.000681675 213.774406693 -0.997926121 0.058156265 -0.027591772 145.202979798 -0.027584704 0.000924465 0.999619042 5.911205336
0.064398662 0.997922053 0.002094996 213.831546238 -0.997718325 0.064427878 -0.020178998 144.298244557 -0.020272044 -0.000790716 0.999794188 5.850912411
0.068980511 0.997617426 0.001077589 213.883521308 -0.997395477 0.068987897 -0.021045940 143.420917747 -0.021070137 0.000376977 0.999777929 5.820582604
0.072553847 0.997361441 0.002468807 213.926384294 -0.996988330 0.072594239 -0.027282706 142.549101008 -0.027389940 -0.000481906 0.999624709 5.809190718
0.074454612 0.997186264 0.008721520 214.000353661 -0.996666685 0.074702585 -0.032787832 141.630317744 -0.033347096 -0.006251244 0.999424281 5.805676782
0.075309900 0.997096455 0.011272913 214.098337883 -0.996624280 0.075635201 -0.031927446 140.759486318 -0.032687372 -0.008830407 0.999426615 5.810875255
0.075456874 0.997082090 0.011557079 214.175756694 -0.996667043 0.075775666 -0.030213484 139.881550391 -0.031001069 -0.009238745 0.999476653 5.781502527
0.075584837 0.997051520 0.013236244 214.304076829 -0.996685402 0.075944276 -0.029166355 138.943716461 -0.030085575 -0.010987837 0.999486931 5.742514812
0.074306098 0.997079851 0.017617454 214.375100269 -0.996782527 0.074793157 -0.028819743 138.061678330 -0.030053250 -0.015419288 0.999429361 5.727794269
0.074160539 0.996916511 0.025645356 214.425685528 -0.996819895 0.074856270 -0.027324648 137.177603429 -0.029160108 -0.023537390 0.999297593 5.741627709
0.071310626 0.997003092 0.029993812 214.502457636 -0.997061470 0.072094016 -0.025901326 136.340850014 -0.027986077 -0.028058634 0.999214438 5.728773746
0.068353269 0.997175025 0.031141622 214.551778902 -0.997384945 0.069035543 -0.021386106 135.480085502 -0.023475570 -0.029598375 0.999286162 5.720505153
0.067020231 0.997235392 0.032091459 214.629082094 -0.997503578 0.067686043 -0.020129886 134.612676816 -0.022246378 -0.030662235 0.999282205 5.674996244
0.066787795 0.997146275 0.035195130 214.695307987 -0.997520806 0.067513619 -0.019853298 133.731829382 -0.022172793 -0.033781916 0.999183241 5.684906712
0.065040760 0.997335594 0.033036521 214.785503142 -0.997593768 0.065782793 -0.021892859 132.914971681 -0.024007762 -0.031533099 0.999214337 5.665684175
0.062273810 0.997545558 0.032013012 214.865118857 -0.997693954 0.063086562 -0.025037188 132.088650459 -0.026995326 -0.030380027 0.999173812 5.628045714
0.060614278 0.997558551 0.034682087 214.898350752 -0.997818310 0.061467615 -0.024090497 131.296561832 -0.026163506 -0.033146193 0.999108003 5.624103523
0.057275939 0.997640421 0.037855729 214.968908688 -0.997999207 0.058231186 -0.024631506 130.524873490 -0.026777770 -0.036369195 0.998979596 5.570615671
0.053965321 0.997627414 0.042746768 215.045353142 -0.998177707 0.055053678 -0.024705437 129.759699356 -0.027000188 -0.041335634 0.998780434 5.600721862
0.048283909 0.997977744 0.041341102 215.097690266 -0.998475538 0.049333466 -0.024754985 129.029362561 -0.026744424 -0.040082812 0.998838377 5.611546859
0.042792972 0.998247329 0.040878245 215.138671426 -0.998765298 0.043776822 -0.023483401 128.302681934 -0.025231762 -0.039822848 0.998888131 5.588317814
0.037359515 0.998384362 0.042812753 215.146335305 -0.999072403 0.038234757 -0.019810046 127.564215523 -0.021414975 -0.042032946 0.998886695 5.631215474
0.031027852 0.998668300 0.041217708 215.168945101 -0.999307411 0.031842418 -0.019255105 126.805567801 -0.020541934 -0.040591716 0.998964635 5.610039936
0.023828666 0.998907755 0.040193188 215.171659441 -0.999500535 0.024639052 -0.019788831 126.173807978 -0.020757539 -0.039701571 0.998995951 5.644078977
0.017855238 0.999222636 0.035147045 215.143385299 -0.999606471 0.018600689 -0.020998033 125.597314869 -0.021635469 -0.034758289 0.999161532 5.613518562
0.012032129 0.999487064 0.029678884 215.145182263 -0.999713042 0.012639098 -0.020349111 124.977839701 -0.020713787 -0.029425524 0.999352329 5.580255889
0.007193079 0.999476606 0.031540024 215.177809174 -0.999804988 0.007768382 -0.018155960 124.376360782 -0.018391472 -0.031403276 0.999337575 5.560546996
0.000182985 0.999553758 0.029870563 215.183258862 -0.999874358 0.000656340 -0.015837855 123.788936986 -0.015850393 -0.029863912 0.999428292 5.603972460
-0.004895620 0.999522763 0.030500463 215.196637735 -0.999909975 -0.004511910 -0.012636616 123.142562057 -0.012492970 -0.030559581 0.999454870 5.618724606
-0.009727886 0.999467809 0.031136266 215.184049536 -0.999875708 -0.009336071 -0.012704607 122.579251703 -0.012407155 -0.031255985 0.999434403 5.592464991
-0.013445938 0.999410619 0.031585149 215.206242200 -0.999832935 -0.013047047 -0.012801406 121.964367409 -0.012381768 -0.031751999 0.999419082 5.575309529
-0.016744779 0.999377898 0.031039153 215.164081887 -0.999741304 -0.016256813 -0.015907254 121.324566149 -0.015392761 -0.031297487 0.999391580 5.589697415
-0.019603355 0.999360685 0.029898675 215.155786089 -0.999570394 -0.018938238 -0.022368969 120.706635188 -0.021788440 -0.030324337 0.999302606 5.571802223
-0.020807024 0.999458915 0.025474389 215.127893271 -0.999381141 -0.020069081 -0.028888864 120.055320146 -0.028361985 -0.026059716 0.999257969 5.552593619
-0.020481135 0.999460327 0.025682232 215.145890437 -0.999222329 -0.019597056 -0.034215375 119.412539477 -0.033693614 -0.026363030 0.999084446 5.562796156
-0.018557346 0.999408470 0.028954018 215.146398220 -0.999094583 -0.017427112 -0.038811197 118.859834106 -0.038283654 -0.029648035 0.998826990 5.519464990
-0.016159461 0.999442620 0.029211678 215.118390176 -0.998921166 -0.014865155 -0.043994675 118.263030913 -0.043535917 -0.029891094 0.998604600 5.511010697
-0.010672312 0.999570468 0.027294337 215.108149738 -0.999028476 -0.009491407 -0.043035067 117.680681444 -0.042757520 -0.027727104 0.998700657 5.548882749
-0.002506525 0.999813980 0.019123871 215.110713282 -0.999231680 -0.001756167 -0.039153104 117.071429496 -0.039112236 -0.019207316 0.999050205 5.554421100
0.008965793 0.999883703 0.012336712 215.119579658 -0.999354525 0.009388878 -0.034675385 116.502431895 -0.034787180 -0.012017857 0.999322482 5.495503147
0.025346760 0.999645405 0.008161197 215.113252628 -0.999317369 0.025556237 -0.026677244 115.908724663 -0.026876354 -0.007479444 0.999610784 5.483924943
0.045492757 0.998958005 0.003648703 215.155370562 -0.998707267 0.045563642 -0.022533309 115.351571683 -0.022676078 -0.002618884 0.999739435 5.452654736
0.067787179 0.997699514 0.000760089 215.190211196 -0.997381800 0.067784786 -0.025194581 114.789587222 -0.025188143 0.000949771 0.999682277 5.462305860
0.092193378 0.995741121 -0.000037969 215.254138540 -0.995408547 0.092161600 -0.025846932 114.215524657 -0.025733354 0.002420710 0.999665912 5.462395151
0.117893383 0.993026181 0.000393373 215.330721269 -0.992796909 0.117874658 -0.021444400 113.673558823 -0.021341219 0.002137614 0.999769965 5.480758774
0.148007238 0.988983901 -0.002168381 215.415433554 -0.988816696 0.147940902 -0.018842283 113.133641398 -0.018313923 0.004932926 0.999820117 5.422156694
0.181515595 0.983384799 -0.002534825 215.540586019 -0.983171605 0.181420957 -0.021448369 112.559999677 -0.020632130 0.006385381 0.999766744 5.462322662
0.218196953 0.975904730 0.000219473 215.691735199 -0.975604357 0.218135363 -0.024760917 112.006651279 -0.024212171 0.005188637 0.999693377 5.427748070
0.256767435 0.966462862 0.004474426 215.867671686 -0.966016045 0.256785607 -0.029566058 111.442850437 -0.029723465 0.003269234 0.999552814 5.415644421
0.298127291 0.954484934 0.008867297 216.063492786 -0.953912133 0.298255814 -0.033092489 110.905471493 -0.034231005 0.001407152 0.999412957 5.425818386
0.342393763 0.939498072 0.010482542 216.263624289 -0.938935135 0.342551721 -0.032544301 110.432054696 -0.034166121 0.001300539 0.999415321 5.431486503
0.388042429 0.921565690 0.011821681 216.461570148 -0.920997472 0.388218803 -0.032400881 109.976664105 -0.034448940 0.001685178 0.999405038 5.431671303
0.435434402 0.900162590 0.010207509 216.682645784 -0.899591030 0.435525920 -0.032452301 109.506421308 -0.033657982 0.004948265 0.999421160 5.397478927
0.483049369 0.875553262 0.008354146 217.000598773 -0.875016516 0.483055498 -0.031677800 109.055992911 -0.031771117 0.007991925 0.999463219 5.370240703
0.529983024 0.847986929 0.006013488 217.300798789 -0.847564625 0.529921798 -0.028584858 108.608743204 -0.027426264 0.010052669 0.999573281 5.372734105
0.576019407 0.817435410 0.000996488 217.584005579 -0.817225074 0.575898026 -0.022014578 108.182077480 -0.018569371 0.011866469 0.999757153 5.351904563
0.619121041 0.785295536 -0.000239041 217.948752310 -0.785172521 0.619018610 -0.017890572 107.775871481 -0.013901415 0.011264118 0.999839922 5.370712488
0.661816648 0.749660123 -0.002902488 218.336192924 -0.749589408 0.661689050 -0.016832096 107.420901390 -0.010697807 0.013315435 0.999854117 5.384090452
0.702541335 0.711596993 -0.008086535 218.707195231 -0.711572658 0.702266902 -0.022035217 107.095032367 -0.010001288 0.021234808 0.999724491 5.410546267
0.740481437 0.672009024 -0.009545303 219.100972720 -0.671931818 0.739952011 -0.031283422 106.700045120 -0.013959676 0.029578586 0.999464974 5.364218615
0.774355236 0.632687605 -0.008964473 219.508228513 -0.632539613 0.773652443 -0.036817598 106.345648267 -0.016358651 0.034180284 0.999281793 5.314962491
0.806039989 0.591824887 -0.006545079 219.941762175 -0.591632252 0.805371614 -0.036712954 106.062168524 -0.016456419 0.033464389 0.999304419 5.316591730
0.834823315 0.550435035 -0.009555396 220.391427178 -0.550372748 0.834078719 -0.037450356 105.800030452 -0.012644036 0.036523460 0.999252803 5.327677073
0.860689807 0.509027438 -0.010204075 220.836797735 -0.509020173 0.859916086 -0.037984054 105.512742975 -0.010560277 0.037886568 0.999226245 5.332733970
0.884662256 0.466136855 -0.009440613 221.321226539 -0.466154294 0.883961882 -0.036215551 105.250773206 -0.008536261 0.036439313 0.999299409 5.362440035
0.905651707 0.423938787 -0.008419603 221.848701384 -0.423972521 0.905062146 -0.033313854 105.072308289 -0.006502771 0.033740429 0.999409474 5.350015029
0.923737811 0.382996976 -0.004666106 222.335499523 -0.382971973 0.923336965 -0.027952037 104.883926780 -0.006397157 0.027607341 0.999598375 5.322981633
0.938668211 0.344821281 -0.000522809 222.800136849 -0.344727483 0.938375282 -0.024795019 104.771692295 -0.008059260 0.023454523 0.999692420 5.315437480
0.950654494 0.310235319 0.003174937 223.302539883 -0.310126255 0.950511591 -0.018692837 104.661292158 -0.008816993 0.016785798 0.999820233 5.352561272
0.959674870 0.280979911 0.008627498 223.819997927 -0.280888036 0.959683203 -0.010491041 104.486311858 -0.011227437 0.007644628 0.999907748 5.374286143
0.965446562 0.260233789 0.013831509 224.301120782 -0.260278173 0.965532538 0.001480411 104.393407358 -0.012969519 -0.005029298 0.999903244 5.392998363
0.969514933 0.244452282 0.016848620 224.808351729 -0.244632660 0.969568248 0.009605896 104.289627172 -0.013987703 -0.013434782 0.999811908 5.366017613
0.971957453 0.234486217 0.017746070 225.284162491 -0.234705768 0.971998665 0.011480323 104.197058184 -0.014557179 -0.015323490 0.999776615 5.384160707
0.973835937 0.226725928 0.015457105 225.793482521 -0.226908739 0.973850407 0.011305298 104.115997865 -0.012489704 -0.014516857 0.999816617 5.364737429
0.974756845 0.222826552 0.014050679 226.304322336 -0.222987160 0.974757893 0.011125452 104.033245543 -0.011216964 -0.013977732 0.999839388 5.390737640
0.974945050 0.221872791 0.015956632 226.853087147 -0.222104336 0.974913875 0.014580825 103.897090134 -0.012321253 -0.017759541 0.999766365 5.397072382
0.974402508 0.224295164 0.015212895 227.361656916 -0.224543879 0.974310676 0.017284475 103.765072941 -0.010945262 -0.020257999 0.999734872 5.343302743
0.973739446 0.227397857 0.011032037 227.884076185 -0.227538498 0.973670927 0.013825999 103.664864361 -0.007597571 -0.015973134 0.999843556 5.372866586
0.971313111 0.237647766 0.008624387 228.336824567 -0.237732884 0.971271170 0.010742008 103.566424252 -0.005823804 -0.012484154 0.999905110 5.383564031
0.967462011 0.252900540 0.007653311 228.810283366 -0.252940429 0.967470065 0.004776329 103.443413797 -0.006196413 -0.006556749 0.999959306 5.379001644
0.961961135 0.272986772 0.010440120 229.223327377 -0.273030563 0.962000679 0.003000955 103.276366301 -0.009224182 -0.005737274 0.999940997 5.325709722
0.953717722 0.300339362 0.014791020 229.674772485 -0.300436548 0.953789701 0.004804908 103.144645975 -0.012664420 -0.009026289 0.999879062 5.312219649
0.942609390 0.333275335 0.020373738 230.109545427 -0.333418506 0.942770486 0.003988706 102.976953801 -0.017878421 -0.010552773 0.999784477 5.335871289
0.929127323 0.368717939 0.027739839 230.539110577 -0.368806067 0.929504092 -0.002056248 102.796636600 -0.026542470 -0.008320105 0.999613062 5.303414145
0.912631169 0.408034097 0.024749222 230.939057758 -0.407589898 0.912920227 -0.021145543 102.541970586 -0.031222168 0.009210549 0.999470031 5.371566817
0.892488417 0.450758399 0.016771724 231.247096939 -0.450043388 0.892348343 -0.034283854 102.339215077 -0.030419955 0.023049939 0.999271398 5.350186766
0.868432229 0.495751528 0.007475729 231.590769634 -0.495228827 0.868047873 -0.035232070 102.127755215 -0.023955643 0.026894468 0.999351197 5.331665290
0.839984294 0.542594325 0.004217052 231.900088344 -0.542369548 0.839817290 -0.023285054 101.949693144 -0.016175892 0.017271879 0.999719972 5.337496713
0.807530619 0.589779159 0.007405551 232.237933585 -0.589715888 0.807558914 -0.009152690 101.717353739 -0.011378484 0.003023907 0.999930691 5.301918263
0.770477742 0.637273415 0.015704929 232.531699573 -0.637298942 0.770606447 -0.003970227 101.397487506 -0.014632440 -0.006949763 0.999868788 5.288126784
0.730105566 0.683104231 0.017733378 232.808270368 -0.683010549 0.730312641 -0.011833697 101.081016093 -0.021034558 -0.003472236 0.999772720 5.278689063
0.687772716 0.725800132 0.013522546 233.065981133 -0.725381240 0.687858844 -0.025928121 100.746388123 -0.028120237 0.008023653 0.999572345 5.324582640
0.642549497 0.766164144 0.011074667 233.256734203 -0.765588824 0.642530517 -0.032066908 100.490203624 -0.031684327 0.012125934 0.999424367 5.302573622
0.594738349 0.803858895 0.009857661 233.435986830 -0.803298236 0.594716093 -0.032011154 100.228932352 -0.031594960 0.011119619 0.999438899 5.306035532
0.546600989 0.837374918 0.005532243 233.621352238 -0.836878468 0.546484688 -0.031447018 99.938026144 -0.029356230 0.012559157 0.999490110 5.269510909
0.499070181 0.866553269 0.003792957 233.754464376 -0.866140633 0.498959388 -0.028981588 99.537045538 -0.027006621 0.011178612 0.999572749 5.276545860
0.455203922 0.890373762 0.004894270 233.916604352 -0.890000810 0.455161425 -0.026956169 99.130036363 -0.026228749 0.007914650 0.999624635 5.284759496
0.413876136 0.910304821 0.007188646 234.074055645 -0.909927346 0.413914493 -0.026589782 98.832456178 -0.027180291 0.004463730 0.999620581 5.240187222
0.373349850 0.927610063 0.012225412 234.169007745 -0.927219566 0.373547778 -0.026943150 98.484377559 -0.029559512 -0.001276420 0.999562207 5.202724344
0.332454896 0.942984154 0.015957079 234.282304827 -0.942613025 0.332783150 -0.027130407 98.091125638 -0.030893791 -0.006021714 0.999504534 5.228107781
0.293018105 0.956008051 0.013747639 234.394017514 -0.955440806 0.293320326 -0.033106674 97.751501151 -0.035682709 -0.003434200 0.999357269 5.184173578
0.254662811 0.966980068 0.009818387 234.467781704 -0.966269026 0.254852008 -0.037075925 97.382143293 -0.038353916 -0.000045344 0.999264217 5.202209574
0.220523419 0.975351973 0.007612488 234.541215737 -0.974627968 0.220653062 -0.037583898 96.971949333 -0.038337248 0.000868786 0.999264480 5.195887248
0.191416784 0.981494927 0.005227254 234.645312138 -0.980848743 0.191480626 -0.035649880 96.539222934 -0.035991095 0.001696840 0.999350670 5.173436829
0.167986243 0.985784884 0.002963844 234.711734515 -0.985259316 0.167993743 -0.032282863 96.087451041 -0.032321865 0.002502922 0.999474378 5.196461067
0.148046225 0.988973555 0.003691000 234.770189900 -0.988546995 0.148090793 -0.029050930 95.699006963 -0.029277205 0.000652153 0.999571118 5.150526567
0.132561123 0.991160575 0.005316283 234.816240940 -0.990862405 0.132652092 -0.024395013 95.260748345 -0.024884591 -0.002033874 0.999688262 5.156008718
0.118940350 0.992873482 0.007445955 234.898317958 -0.992675709 0.119069856 -0.020428066 94.806086608 -0.021169074 -0.004961697 0.999763598 5.131895498
0.104037873 0.994538799 0.008288449 234.917315203 -0.994401472 0.104171203 -0.017722092 94.274899079 -0.018488726 -0.006398277 0.999808596 5.131180268
0.089245213 0.995993070 0.005752940 234.927024345 -0.995863694 0.089329534 -0.016605320 93.669057945 -0.017052691 -0.004247198 0.999845572 5.125867820
0.076284339 0.997083658 0.002208817 234.978069879 -0.996925405 0.076311628 -0.017784045 93.133638392 -0.017900739 -0.000845382 0.999839412 5.116935195
0.067996375 0.997682856 -0.002326513 235.044539290 -0.997503083 0.067939154 -0.019283975 92.577672599 -0.019081230 0.003631944 0.999811340 5.100604338
0.062398712 0.998040831 -0.004571786 235.085165470 -0.997843622 0.062291630 -0.020684763 91.954542916 -0.020359454 0.005852630 0.999775594 5.120630946
0.062387599 0.998043137 -0.004205156 235.130868029 -0.997764548 0.062267962 -0.024261244 91.362278209 -0.023951921 0.005709356 0.999696808 5.093366781
0.063808139 0.997946297 -0.005631090 235.169138739 -0.997611889 0.063635235 -0.026852840 90.772561712 -0.026439356 0.007331072 0.999623537 5.066619048
0.062523198 0.998037530 -0.003455331 235.174737392 -0.997643901 0.062399828 -0.028511536 90.172520487 -0.028239971 0.005229823 0.999587491 5.062900757
0.057978538 0.998317475 -0.000841203 235.166874992 -0.997883622 0.057928451 -0.029539325 89.582660192 -0.029440895 0.002552069 0.999563265 5.051799359
0.056195478 0.998417324 -0.002216860 235.200001311 -0.998012625 0.056109018 -0.028680629 88.916322303 -0.028510851 0.003824176 0.999586168 5.021857905
0.057472004 0.998343613 0.002645424 235.340743830 -0.997997054 0.057521816 -0.026327174 88.278587546 -0.026435736 -0.001127050 0.999649880 4.993254604
0.054781665 0.998491305 0.003752666 235.361492180 -0.998186902 0.054858054 -0.024768967 87.559408294 -0.024937463 -0.002388977 0.999686159 4.982350933
0.051662594 0.998647525 0.005839305 235.427159892 -0.998427415 0.051776868 -0.021490749 86.838674563 -0.021764024 -0.004719855 0.999751994 4.979558830
0.050170939 0.998732832 0.003950581 235.466447237 -0.998523242 0.050242154 -0.020665459 86.101679745 -0.020837758 -0.002907942 0.999778641 4.991177399
0.049357167 0.998779773 0.001684034 235.573238453 -0.998571226 0.049381292 -0.020420430 85.385879130 -0.020478672 -0.000673734 0.999790063 4.980465644
0.046716328 0.998903646 0.003015064 235.581208061 -0.998685120 0.046769469 -0.020991607 84.685238690 -0.021109605 -0.002030448 0.999775106 4.948850584
0.044136670 0.999016456 0.004251468 235.568726916 -0.998754026 0.044223480 -0.023123114 83.919107209 -0.023288386 -0.003225593 0.999723585 4.924455291
0.040419166 0.999182046 0.001237199 235.626918420 -0.998895567 0.040437203 -0.023926513 83.101524492 -0.023956972 -0.000268743 0.999712954 4.946194677
0.037155126 0.999305723 0.002750952 235.671724393 -0.999028031 0.037209854 -0.023630898 82.317029339 -0.023716855 -0.001870269 0.999716966 4.933063407
0.034545657 0.999394414 0.004171597 235.670507920 -0.999094761 0.034638379 -0.024694944 81.551036664 -0.024824487 -0.003314718 0.999686330 4.927319422
0.034027900 0.999417978 -0.002409850 235.709386682 -0.999104226 0.033956326 -0.025252978 80.744342090 -0.025156450 0.003266998 0.999678188 4.878133540
0.032391811 0.999475091 -0.000560084 235.740110815 -0.999143128 0.032366597 -0.025795609 79.897456295 -0.025763940 0.001395170 0.999667081 4.886708028
0.032479830 0.999472152 0.000690927 235.790425966 -0.999148345 0.032486894 -0.025439859 79.049762887 -0.025448876 0.000135944 0.999676116 4.861560963
0.030313315 0.999532561 -0.003970101 235.808950877 -0.999237067 0.030206022 -0.024756410 78.298136759 -0.024624917 0.004717521 0.999685630 4.814495495
0.027727611 0.999608191 -0.003826814 235.844105018 -0.999382371 0.027638262 -0.021702612 77.448576848 -0.021588342 0.004426212 0.999757147 4.859186099
0.028484706 0.999554715 -0.008887861 235.854676525 -0.999398978 0.028302284 -0.020016599 76.636404285 -0.019756140 0.009452686 0.999760142 4.850446712
0.025440864 0.999670277 -0.003478585 235.812986771 -0.999522257 0.025375698 -0.017644583 75.752068022 -0.017550493 0.003925817 0.999838271 4.859449767
0.021284482 0.999770916 -0.002255436 235.812873308 -0.999639959 0.021244720 -0.016389479 74.872776465 -0.016337809 0.002603466 0.999863140 4.834741483
0.021623416 0.999762496 -0.002716603 235.910698108 -0.999621676 0.021574012 -0.017060674 74.092543272 -0.016998014 0.003084485 0.999850766 4.810035630
0.020210776 0.999794712 -0.001434825 235.968728138 -0.999611293 0.020179461 -0.019236752 73.265018680 -0.019203849 0.001823057 0.999813927 4.760361513
0.020826954 0.999783001 0.000433951 235.983975143 -0.999559780 0.020831474 -0.021125708 72.368768896 -0.021130163 0.000006224 0.999776733 4.735654957
0.022904610 0.999734084 -0.002672084 235.924620740 -0.999446264 0.022833325 -0.024203406 71.490439253 -0.024135958 0.003224974 0.999703484 4.709251784
0.025806794 0.999652703 -0.005336954 235.973020008 -0.999330510 0.025659243 -0.026079407 70.582651946 -0.025933407 0.006006407 0.999645628 4.694568182
0.027980777 0.999488258 -0.015501537 236.146347222 -0.999294045 0.027579689 -0.025510249 69.648192132 -0.025069667 0.016204390 0.999554365 4.652387119
0.033562875 0.999305048 -0.016215881 236.143209141 -0.999139549 0.033152923 -0.024920783 68.801376153 -0.024365860 0.017038342 0.999557902 4.614782786
0.037825128 0.999202490 -0.012792296 236.197857100 -0.999016745 0.037515643 -0.023624573 67.901991405 -0.023125821 0.013673320 0.999639053 4.601288690
0.039746472 0.999111977 -0.013981247 236.198992549 -0.999018514 0.039461198 -0.020120220 67.018161103 -0.019550636 0.014767233 0.999699806 4.631152878
0.042240476 0.998977995 -0.016084374 236.187903968 -0.998925409 0.041919983 -0.019767216 66.110999481 -0.019072757 0.016902066 0.999675222 4.637351568
0.041614158 0.999025019 -0.014740169 236.182007270 -0.998962128 0.041329045 -0.019146184 65.223232086 -0.018518320 0.015521623 0.999708033 4.631528152
0.044022068 0.998905661 -0.015796766 236.242230519 -0.998849091 0.043707203 -0.019752840 64.424763481 -0.019040791 0.016648146 0.999680093 4.641933659
0.045365878 0.998900094 -0.011854936 236.308898964 -0.998716242 0.045083444 -0.023094391 63.557017614 -0.022534528 0.012887415 0.999662998 4.596183063
0.046106444 0.998848471 -0.013263756 236.355937175 -0.998512993 0.045696220 -0.029726403 62.719357193 -0.029086069 0.014614612 0.999470066 4.513471614
0.048929564 0.998724360 -0.012472001 236.374403111 -0.998256184 0.048486156 -0.033670220 61.799405436 -0.033022550 0.014097721 0.999355175 4.473421478
0.051553674 0.998582168 -0.013261707 236.387466424 -0.998181009 0.051108274 -0.031978394 60.894974202 -0.031255271 0.014886187 0.999400575 4.475900325
0.052757605 0.998535410 -0.011986277 236.464743197 -0.998351960 0.052468869 -0.023246107 59.961004664 -0.022583154 0.013192932 0.999657915 4.515387165
0.054398749 0.998511551 -0.003931843 236.671286607 -0.998401407 0.054331400 -0.015579807 59.176866766 -0.015342995 0.004773080 0.999870897 4.510211949
0.053348560 0.998543291 -0.008076381 236.686409543 -0.998466904 0.053221465 -0.015209097 58.377054396 -0.014757105 0.008875383 0.999851717 4.533434281
0.055583386 0.998377075 -0.012397676 236.612414454 -0.998281373 0.055338570 -0.019285836 57.520495500 -0.018568467 0.013448341 0.999737143 4.501555847
0.055570994 0.998393184 -0.011086728 236.661423918 -0.998082102 0.055243491 -0.027933404 56.590138647 -0.027276051 0.012617751 0.999548303 4.420321397
0.054684808 0.998418279 -0.013058001 236.725131812 -0.998080230 0.054276127 -0.029832144 55.708430781 -0.029076220 0.014664298 0.999469625 4.438565080
0.053405640 0.998471609 -0.014222675 236.778425973 -0.998219408 0.053002372 -0.027363510 54.883326793 -0.026567853 0.015658716 0.999524364 4.442044692
0.054567982 0.998396621 -0.015050674 236.848572293 -0.998253211 0.054205885 -0.023499989 53.987437053 -0.022646474 0.016306730 0.999610538 4.440447360
0.054885483 0.998418670 -0.012154975 236.857209129 -0.998236992 0.054591904 -0.023294475 53.218303379 -0.022594075 0.013412074 0.999654752 4.453815021
0.057561217 0.998257699 -0.012971990 236.950747343 -0.997987192 0.057189528 -0.027402955 52.478004904 -0.026613349 0.014523228 0.999540297 4.431132969
0.058592467 0.998230393 -0.010149145 236.984037493 -0.997913058 0.058291414 -0.027778404 51.633915643 -0.027137639 0.011755570 0.999562582 4.414760195
0.059587885 0.998178794 -0.009401060 237.023705599 -0.997831417 0.059298076 -0.028569256 50.775045987 -0.027959761 0.011083054 0.999547607 4.468001044
0.060527297 0.998133138 -0.008166040 237.141305674 -0.997863471 0.060305307 -0.025134897 49.937586809 -0.024595518 0.009669941 0.999650715 4.405961426
0.061589506 0.998055999 -0.009537043 237.199838187 -0.997850734 0.061357013 -0.023004971 49.156866666 -0.022375085 0.010933410 0.999689860 4.355759312
0.064706517 0.997862320 -0.009157387 237.221756703 -0.997648546 0.064479443 -0.023233182 48.446186781 -0.022593054 0.010639192 0.999688132 4.327863119
0.066067922 0.997759218 -0.010562767 237.229709894 -0.997533656 0.065794161 -0.024448583 47.559932795 -0.023698831 0.012151983 0.999645284 4.311405453
0.066115375 0.997722788 -0.013341477 237.290922872 -0.997488909 0.065747837 -0.026326755 46.749162688 -0.025389631 0.015048579 0.999564359 4.322290067
0.067422475 0.997639662 -0.013012093 237.382518125 -0.997376007 0.067048512 -0.027305637 45.981908805 -0.026368745 0.014818963 0.999542439 4.389358887
0.068557103 0.997517081 -0.016112036 237.419193193 -0.997262813 0.068073482 -0.028859717 45.238087898 -0.027691258 0.018046473 0.999453610 4.370077309
0.069776577 0.997394413 -0.018319768 237.463456449 -0.997124457 0.069189905 -0.030912374 44.478036360 -0.029564286 0.020424048 0.999354197 4.310540740
0.067771925 0.997597059 -0.014390082 237.482701739 -0.997272957 0.067313443 -0.030258060 43.751161180 -0.029216705 0.016401487 0.999438530 4.294001279
0.067790993 0.997621037 -0.012515915 237.567766438 -0.997303340 0.067405235 -0.029027274 43.027911278 -0.028114581 0.014449952 0.999500260 4.280233772
0.071589703 0.997385017 -0.009901587 237.649332788 -0.997051648 0.071283820 -0.028401217 42.246672131 -0.027621125 0.011905628 0.999547562 4.257489177
0.071731609 0.997423653 -0.000795466 237.739612450 -0.997065816 0.071684458 -0.026853231 41.450367434 -0.026727025 0.002719357 0.999639070 4.266698627
0.072812934 0.997343659 -0.001975293 237.761724469 -0.997013310 0.072737408 -0.025956294 40.751381000 -0.025743668 0.003859347 0.999661127 4.255527252
0.073866539 0.997267604 -0.001029594 237.842838918 -0.996962781 0.073818336 -0.024820678 40.011822277 -0.024676855 0.002859884 0.999691389 4.236590201
0.073055384 0.997327883 -0.000070049 237.872446708 -0.997039570 0.073032576 -0.024048693 39.343264580 -0.023979316 0.001826728 0.999710786 4.292761629
0.070155371 0.997534075 0.001998057 237.912571361 -0.997276417 0.070182667 -0.022674685 38.700558243 -0.022759000 -0.000401864 0.999740900 4.230497196
0.067281481 0.997725576 0.004108092 238.002959982 -0.997443894 0.067360636 -0.023837445 38.030310888 -0.024059952 -0.002493773 0.999707407 4.252975402
0.066145365 0.997809574 0.000919068 238.063621372 -0.997468471 0.066146794 -0.026100783 37.404811848 -0.026104405 0.000809704 0.999658894 4.192161359
0.064783428 0.997898971 -0.000866696 238.089035219 -0.997506451 0.064733527 -0.028114951 36.744360736 -0.027999776 0.002685918 0.999604321 4.228084465
0.063478843 0.997983178 -0.000109211 238.109973921 -0.997564000 0.063449008 -0.028987740 36.019743105 -0.028922348 0.001949053 0.999579761 4.202502944
0.063145835 0.998003926 -0.000875828 238.136454994 -0.997604364 0.063095663 -0.028363178 35.339595424 -0.028251302 0.002664746 0.999597300 4.211703075
0.060889033 0.998142057 -0.002227170 238.231026303 -0.997837975 0.060814883 -0.024918367 34.746849433 -0.024736625 0.003739610 0.999687008 4.183148736
0.057294401 0.998349617 0.003923501 238.297260423 -0.998104549 0.057367882 -0.022276320 34.137802455 -0.022464638 -0.002639756 0.999744153 4.196447177
0.054561174 0.998510066 0.000852677 238.386663276 -0.998261210 0.054566614 -0.022294401 33.553801181 -0.022307712 0.000365214 0.999751085 4.217987932
0.050998865 0.998688760 -0.004458306 238.435622178 -0.998463637 0.050889501 -0.021923127 32.958096656 -0.021667500 0.005569511 0.999749719 4.173021806
0.047822682 0.998847088 0.004181608 238.451903099 -0.998646713 0.047897912 -0.020261604 32.366665930 -0.020438535 -0.003206985 0.999785968 4.184540317
0.042896305 0.999074607 0.003136364 238.497209974 -0.998845080 0.042954032 -0.021528041 31.819159967 -0.021642838 -0.002209269 0.999763325 4.170769135
0.034373699 0.999380601 0.007540794 238.508318080 -0.999057792 0.034560668 -0.026250510 31.345226499 -0.026494865 -0.006631361 0.999626954 4.204120453
0.024465867 0.999650583 0.010006693 238.609732453 -0.999342433 0.024723819 -0.026522334 30.791268493 -0.026760470 -0.009351221 0.999598135 4.210729634
0.015724254 0.999752453 0.015741050 238.670933283 -0.999515679 0.016139454 -0.026606864 30.304219729 -0.026854329 -0.015315053 0.999522033 4.231750357
0.008304113 0.999771247 0.019710287 238.661346980 -0.999627198 0.008812386 -0.025841969 29.825167298 -0.026009753 -0.019488344 0.999471709 4.247440126
-0.000207152 0.999796084 0.020192748 238.662741398 -0.999634242 0.000339044 -0.027041938 29.409374021 -0.027043270 -0.020190964 0.999430331 4.237254942
-0.010816143 0.999762828 0.018902355 238.672755192 -0.999631086 -0.010339867 -0.025115308 29.013020533 -0.024913904 -0.019167032 0.999505839 4.180280135
-0.020852908 0.999590494 0.019595912 238.683629379 -0.999454065 -0.020339654 -0.026035949 28.515224509 -0.025626713 -0.020128139 0.999468924 4.182781594
-0.029825875 0.999374242 0.019014239 238.605856591 -0.999224334 -0.029321266 -0.026286749 28.082526804 -0.025712778 -0.019783516 0.999473594 4.200373834
-0.039264632 0.999120504 0.014714201 238.589080840 -0.998870861 -0.038852171 -0.027340672 27.664322833 -0.026744947 -0.015771108 0.999517874 4.169832704
-0.050867159 0.998590190 0.015171161 238.610298495 -0.998333941 -0.050428077 -0.028041942 27.327143879 -0.027237356 -0.016572298 0.999491613 4.169205264
-0.062580479 0.997943459 0.013875730 238.615515070 -0.997643643 -0.062157838 -0.029044200 27.014700539 -0.028121984 -0.015660634 0.999481815 4.136072469
-0.074520237 0.997181975 0.008651136 238.526589863 -0.996800846 -0.074234796 -0.029618705 26.626528881 -0.028893023 -0.010830653 0.999523832 4.185785939
-0.087625861 0.996143927 0.004357146 238.455050455 -0.995698588 -0.087452844 -0.030599363 26.299153966 -0.030100324 -0.007019699 0.999522233 4.186003582
-0.098091784 0.995176131 -0.001571796 238.374423837 -0.994735111 -0.098095151 -0.029654674 26.068612583 -0.029665809 -0.001345359 0.999558968 4.190511023
-0.111826450 0.993718824 -0.004212321 238.323719349 -0.993247591 -0.111903170 -0.030608888 25.758792389 -0.030888001 0.000760995 0.999522562 4.169661103
-0.125065738 0.992144168 -0.002917387 238.300515052 -0.991641249 -0.125095272 -0.031603900 25.483890271 -0.031720576 -0.001059564 0.999496214 4.131567881
-0.137217370 0.990540269 -0.001170064 238.327545794 -0.989931346 -0.137174262 -0.034916360 25.227393034 -0.034746564 -0.003632848 0.999389553 4.157893848
-0.150246327 0.988648524 -0.000369608 238.306008188 -0.988064615 -0.150170416 -0.034309816 25.008017583 -0.033975853 -0.004789727 0.999411177 4.121658623
-0.164321469 0.986406763 -0.000390146 238.248818888 -0.985825270 -0.164238154 -0.034269012 24.822864570 -0.033867262 -0.005246518 0.999412569 4.121471236
-0.177709686 0.984082934 -0.000217548 238.155444961 -0.983488224 -0.177609966 -0.034721945 24.655879774 -0.034207912 -0.005956470 0.999396988 4.125447946
-0.191812757 0.981431424 -0.000475889 238.119655994 -0.980940260 -0.191732059 -0.031543997 24.511036130 -0.031049513 -0.005583722 0.999502251 4.144894452
-0.205111643 0.978738581 0.000062839 238.143566139 -0.978341546 -0.205026608 -0.028494024 24.339647730 -0.027875317 -0.005905934 0.999593961 4.140097956
-0.217513164 0.976051077 -0.003509712 238.138298448 -0.975625874 -0.217522508 -0.028950192 24.158352886 -0.029020307 -0.002872882 0.999574694 4.130526335
-0.230794461 0.972978472 -0.006841766 238.066986357 -0.972519353 -0.230895720 -0.029887712 24.012037687 -0.030659835 -0.000244168 0.999529847 4.156171748
-0.245762921 0.969287040 -0.009122520 237.938581956 -0.968848766 -0.245926544 -0.029192540 23.856198894 -0.030539420 0.001663898 0.999532178 4.135143448
-0.260236206 0.965501497 -0.009163907 237.944225594 -0.965091667 -0.260393107 -0.028169218 23.703185785 -0.029583640 0.001513360 0.999561163 4.112583592
-0.274819501 0.961467312 -0.007406080 237.950243668 -0.961110475 -0.274919264 -0.026192610 23.555944142 -0.027219412 -0.000080179 0.999629480 4.110737805
-0.288884543 0.957348846 -0.005376671 237.896327609 -0.957019415 -0.288926683 -0.025203412 23.358869243 -0.025681921 -0.002135298 0.999667885 4.135769905
-0.304358151 0.952546779 -0.004555144 237.778883100 -0.952255497 -0.304378563 -0.023730943 23.236694192 -0.023991322 -0.002885045 0.999708004 4.082108425
-0.320339124 0.947302719 0.000636541 237.671824608 -0.947078293 -0.320248455 -0.021991680 23.118688796 -0.020628927 -0.007647650 0.999757951 4.053904333
-0.339373558 0.940649620 0.001969998 237.535806583 -0.940543515 -0.339302029 -0.015875424 22.956590533 -0.014264787 -0.007240568 0.999872037 4.037196582
-0.362182930 0.932099370 0.003780141 237.508192154 -0.932052237 -0.362114684 -0.012311928 22.743158079 -0.010107096 -0.007982459 0.999917060 4.037015764
-0.386621533 0.922230438 0.003848264 237.484949810 -0.922189775 -0.386554877 -0.011888869 22.535818827 -0.009476712 -0.008145323 0.999921920 4.047845384
-0.415315719 0.909672695 0.002905526 237.395038499 -0.909631762 -0.415260822 -0.011336137 22.345381101 -0.009105623 -0.007351035 0.999931523 4.042326589
-0.447636347 0.894213862 0.001808042 237.267103906 -0.894180116 -0.447599589 -0.009824871 22.109105724 -0.007976257 -0.006014685 0.999950100 4.060879586
-0.481525742 0.876430107 0.001796336 237.095469936 -0.876397791 -0.481487869 -0.009815473 21.899374663 -0.007737662 -0.006300708 0.999950214 4.064450646
-0.516471488 0.856299607 0.002860936 236.925454063 -0.856267213 -0.516415054 -0.011043183 21.651178452 -0.007978842 -0.008153215 0.999934929 4.037722927
-0.552833519 0.833283335 0.003739398 236.682686415 -0.833259114 -0.552766616 -0.011327696 21.385844884 -0.007372166 -0.009378217 0.999928848 4.057948181
-0.590921968 0.806694184 0.007464653 236.462776596 -0.806716733 -0.590837450 -0.010918779 21.143724575 -0.004397719 -0.012474007 0.999912526 4.040805100
-0.629707004 0.776753156 0.011118612 236.217820448 -0.776830369 -0.629605310 -0.011477442 20.807178393 -0.001914802 -0.015864701 0.999872314 4.036400370
-0.668896516 0.743229002 0.013714983 236.019395442 -0.743355392 -0.668771133 -0.012958872 20.548137597 -0.000459225 -0.018863251 0.999821968 4.033011473
-0.706291988 0.707727312 0.016543257 235.744918782 -0.707918801 -0.706150487 -0.014228857 20.316298827 0.001611878 -0.021761010 0.999761902 4.013272522
-0.744613161 0.667303952 0.016021092 235.419597481 -0.667488069 -0.744508340 -0.012923174 20.054106205 0.003304152 -0.020316653 0.999788136 3.991981954
-0.780916360 0.624421119 0.016367823 235.058136842 -0.624610714 -0.780851030 -0.011537975 19.802509212 0.005576276 -0.019233711 0.999799465 3.958606139
-0.816372476 0.577255627 0.017661291 234.671329072 -0.577460767 -0.816357558 -0.009969942 19.550835110 0.008662723 -0.018337889 0.999794318 4.007042973
-0.849890576 0.526629278 0.018644351 234.333507562 -0.526843566 -0.849913258 -0.009127490 19.360203010 0.011039278 -0.017580024 0.999784515 4.054720096
-0.880210653 0.474097697 0.021461122 233.970636670 -0.474341615 -0.880305294 -0.007913348 19.143509220 0.015140640 -0.017145316 0.999738365 4.014094826
-0.907101160 0.420387388 0.021022135 233.507592298 -0.420620951 -0.907200362 -0.008094416 18.883807981 0.015668498 -0.016184805 0.999746243 3.998160060
-0.929861145 0.367353417 0.020241478 233.000720792 -0.367546493 -0.929981062 -0.006693291 18.731025269 0.016365388 -0.013663515 0.999772715 4.026275329
-0.948140963 0.317227876 0.019879384 232.462374445 -0.317336035 -0.948309960 -0.002461807 18.608527473 0.018070864 -0.008642585 0.999799355 4.036074819
-0.963053019 0.268766138 0.017136062 231.978614625 -0.268818060 -0.963190674 -0.000758979 18.503180083 0.016301307 -0.005337420 0.999852879 4.109845746
-0.974764916 0.222763631 0.014481806 231.499928015 -0.222800115 -0.974863699 -0.000936185 18.334578744 0.013909239 -0.004139109 0.999894695 4.077452160
-0.983600946 0.179873004 0.013224269 230.945432568 -0.179936499 -0.983671005 -0.003769761 18.225315939 0.012330251 -0.006087469 0.999905449 4.039502031
-0.989366506 0.145127330 0.009590390 230.299910968 -0.145211232 -0.989362250 -0.008719879 18.150315577 0.008222877 -0.010019789 0.999915991 4.083276383
-0.993154902 0.116573801 0.007340903 229.682773160 -0.116626482 -0.993149674 -0.007210340 18.101059139 0.006450078 -0.008017128 0.999947060 4.076913738
-0.995719577 0.092204062 0.006398119 229.042741335 -0.092228580 -0.995731177 -0.003648508 18.033069415 0.006034399 -0.004222981 0.999972876 4.096607344
-0.997228054 0.074005961 0.007702381 228.381363528 -0.074019808 -0.997255601 -0.001528080 17.951468480 0.007568155 -0.002093973 0.999969169 4.117050210
-0.998359422 0.056592294 0.008704941 227.624946433 -0.056588587 -0.998397356 0.000671671 17.961617767 0.008729002 0.000177969 0.999961886 4.086269396
-0.999152608 0.040267415 0.008520648 226.883567633 -0.040284031 -0.999186670 -0.001787480 17.913404810 0.008441741 -0.002129211 0.999962101 4.083836235
-0.999638874 0.025979592 0.006868884 226.183857653 -0.025999104 -0.999658138 -0.002766663 17.897639873 0.006794659 -0.002944249 0.999972582 4.080751939
-0.999890580 0.014156795 0.004291086 225.443023686 -0.014164567 -0.999898082 -0.001786338 17.899311514 0.004265360 -0.001846924 0.999989198 4.117360973
-0.999980865 0.005319122 0.003158678 224.654324215 -0.005319832 -0.999985826 -0.000216564 17.900584437 0.003157481 -0.000233364 0.999994988 4.153271814
-0.999995242 -0.000677994 0.003009422 223.902809195 0.000670465 -0.999996645 -0.002502260 17.919788478 0.003011108 -0.002500230 0.999992341 4.154310089
-0.999987745 -0.003395962 0.003602343 223.114408924 0.003392857 -0.999993868 -0.000867588 17.885204783 0.003605267 -0.000855356 0.999993135 4.116354906
-0.999980160 -0.005403333 0.003237986 222.282033911 0.005399591 -0.999984746 -0.001163139 17.853053547 0.003244221 -0.001145632 0.999994081 4.093020032
-0.999970227 -0.007418570 0.002123826 221.406489332 0.007422215 -0.999970987 0.001713170 17.886781783 0.002111055 0.001728882 0.999996277 4.116538642
-0.999972018 -0.007398977 0.001103508 220.539616828 0.007404538 -0.999959461 0.005123301 17.915672071 0.001065556 0.005131329 0.999986267 4.148985739
-0.999985506 -0.005376047 -0.000293807 219.677304375 0.005374376 -0.999970867 0.005420486 17.927341807 -0.000322939 0.005418828 0.999985266 4.122995991
-0.999989997 -0.004450569 0.000445370 218.719061073 0.004453061 -0.999973488 0.005761364 17.898093551 0.000419717 0.005763290 0.999983304 4.159941489
-0.999995335 -0.002488362 0.001771250 217.869479264 0.002500551 -0.999972978 0.006913064 17.907536136 0.001754000 0.006917461 0.999974536 4.160611588
-0.999993275 -0.001743198 0.003226513 216.866059478 0.001783006 -0.999921823 0.012376102 17.938970628 0.003204687 0.012381772 0.999918208 4.164547585
-0.999992055 0.000264825 0.003977422 215.829720304 -0.000228936 -0.999959286 0.009020797 17.930955190 0.003979649 0.009019815 0.999951401 4.140028297
-0.999980087 0.002741272 0.005684267 214.878948387 -0.002688497 -0.999953405 0.009271491 17.866713421 0.005709418 0.009256025 0.999940863 4.186573516
-0.999955281 0.005389550 0.007771007 213.928695693 -0.005243607 -0.999811763 0.018680027 17.921296989 0.007870221 0.018638444 0.999795313 4.208045147
-0.999947817 0.007624694 0.006799078 212.837141647 -0.007495868 -0.999795616 0.018775982 17.890150415 0.006940850 0.018724037 0.999800598 4.205420244
-0.999875990 0.013881991 0.007436101 211.861206520 -0.013738272 -0.999724301 0.019041557 17.832801030 0.007698386 0.018937037 0.999791040 4.213475646
-0.999815871 0.016965672 0.008966101 210.801328660 -0.016802804 -0.999697895 0.017938377 17.831463238 0.009267729 0.017784419 0.999798892 4.217986379
-0.999767244 0.019931997 0.008256701 209.684542436 -0.019790219 -0.999661123 0.016911131 17.805066914 0.008590975 0.016743793 0.999822905 4.193565527
-0.999716167 0.023006651 0.006187017 208.642009045 -0.022893807 -0.999580675 0.017729827 17.736497955 0.006592326 0.017583150 0.999823671 4.255074805
-0.999675406 0.024809629 0.005793613 207.628925728 -0.024697620 -0.999520719 0.018664422 17.674907248 0.006253893 0.018515275 0.999809018 4.257475794
-0.999603308 0.027379135 0.006603796 206.627731997 -0.027262194 -0.999480470 0.017191933 17.666182611 0.007071066 0.017005079 0.999830399 4.252006487
-0.999527252 0.030034249 0.006573842 205.540789239 -0.029907474 -0.999379581 0.018600994 17.697227985 0.007128430 0.018395594 0.999805375 4.242308606
-0.999436055 0.033136734 0.005433953 204.403970738 -0.033019533 -0.999246489 0.020400130 17.646613258 0.006105852 0.020209199 0.999777129 4.274635109
-0.999297939 0.037200977 0.004440269 203.262862259 -0.037109157 -0.999126256 0.019225914 17.602489220 0.005151612 0.019047641 0.999805305 4.264207913
-0.999233710 0.038746840 0.005538467 202.167730555 -0.038646837 -0.999105795 0.017147355 17.598497430 0.006197920 0.016920171 0.999837634 4.304176735
-0.999138986 0.041068994 0.005884256 201.045064715 -0.041014369 -0.999116923 0.009121173 17.507021585 0.006253657 0.008871980 0.999941088 4.307449219
-0.999089602 0.042156820 0.006539837 199.934013893 -0.042128388 -0.999102402 0.004425969 17.448173988 0.006720551 0.004146427 0.999968820 4.352414066
-0.999042945 0.043379993 0.005600963 198.860745325 -0.043367931 -0.999056618 0.002257465 17.412374402 0.005693608 0.002012402 0.999981766 4.336132965
-0.999012796 0.044079675 0.005514950 197.772562768 -0.044051790 -0.999016335 0.005079643 17.359229366 0.005733434 0.004831685 0.999971891 4.330413942
-0.998998394 0.044522303 0.004469157 196.515741568 -0.044507204 -0.999003199 0.003422926 17.287411929 0.004617099 0.003220588 0.999984155 4.359052699
-0.999005924 0.044271033 0.005219145 195.359918466 -0.044208978 -0.998956579 0.011459448 17.178849782 0.005721021 0.011217323 0.999920718 4.403710791
-0.998946604 0.045693009 0.004222622 194.245044354 -0.045630542 -0.998862171 0.013864263 17.161708315 0.004851317 0.013656978 0.999894970 4.436617353
-0.998896106 0.046898148 0.002670624 193.108873252 -0.046854424 -0.998795268 0.014583386 17.146982287 0.003351341 0.014442157 0.999890090 4.451906665
-0.998934605 0.046090100 0.002314648 191.965968600 -0.046064937 -0.998888899 0.009949320 17.085806439 0.002770641 0.009832096 0.999947825 4.440541731
-0.998996771 0.044758625 0.001455204 190.783472433 -0.044746407 -0.998969788 0.007557828 17.033237827 0.001791983 0.007485130 0.999970380 4.431207000
-0.999022407 0.044116716 0.002818826 189.649023926 -0.044089964 -0.998987596 0.008936336 16.928428364 0.003210214 0.008803318 0.999956097 4.487931849
-0.999051618 0.043443298 0.002923132 188.478693788 -0.043408578 -0.998996345 0.011045244 16.883449475 0.003400040 0.010907880 0.999934727 4.523719278
-0.999136946 0.041417933 0.003149312 187.336965559 -0.041397600 -0.999123088 0.006268473 16.845410146 0.003406177 0.006132689 0.999975394 4.536940662
-0.999215515 0.039516000 0.002615515 186.157138408 -0.039497858 -0.999197470 0.006658456 16.812389308 0.002876531 0.006549925 0.999974412 4.531782240
-0.999293626 0.037553330 0.001412856 184.989119709 -0.037544906 -0.999279368 0.005578941 16.707142590 0.001621346 0.005521955 0.999983439 4.518992278
-0.999326851 0.036668298 -0.001132022 183.740507446 -0.036678940 -0.999260384 0.011547310 16.637969759 -0.000707764 0.011581058 0.999932687 4.493705648
-0.999432053 0.033291351 -0.005220820 182.475718752 -0.033356804 -0.999359013 0.012995658 16.578199412 -0.004784831 0.013162427 0.999901923 4.465882753
-0.999488104 0.031606764 -0.004954047 181.346391870 -0.031683106 -0.999367088 0.016174164 16.515779664 -0.004439698 0.016322844 0.999856917 4.480026541
-0.999518201 0.030675702 -0.004729483 180.151909544 -0.030764527 -0.999326197 0.020017374 16.471871265 -0.004112249 0.020153230 0.999788446 4.511180281
-0.999577115 0.028825587 -0.003831096 178.990554204 -0.028888600 -0.999428388 0.017559778 16.435456321 -0.003322736 0.017663028 0.999838475 4.532625283
-0.999602555 0.028095475 -0.002318574 177.742449284 -0.028133333 -0.999435902 0.018341053 16.444029066 -0.001801966 0.018398993 0.999829100 4.487223077
-0.999658589 0.026036142 -0.002196558 176.452516834 -0.026070105 -0.999512293 0.017190855 16.441996231 -0.001747903 0.017242251 0.999849814 4.527705879
-0.999663922 0.025840962 -0.002070642 175.215181466 -0.025885654 -0.999334974 0.025681550 16.372919036 -0.001405629 0.025726519 0.999668030 4.526728400
-0.999703786 0.024329428 -0.000647677 173.982181036 -0.024337840 -0.999451081 0.022476804 16.358941530 -0.000100474 0.022485909 0.999747155 4.521904207
-0.999730577 0.023137593 0.001850687 172.740895471 -0.023090641 -0.999484829 0.022291231 16.317183021 0.002365499 0.022242491 0.999749807 4.531618715
-0.999754567 0.022045190 0.002194309 171.487753021 -0.021978343 -0.999397366 0.026867409 16.265760180 0.002785283 0.026812587 0.999636598 4.528460634
-0.999770006 0.021443375 -0.000341193 170.168902817 -0.021445483 -0.999495540 0.023425568 16.248176478 0.000161302 0.023427498 0.999725525 4.561970884
-0.999787569 0.020428161 -0.002739954 168.829367118 -0.020495451 -0.999416628 0.027319209 16.196015357 -0.002180274 0.027369562 0.999623006 4.552614837
-0.999802682 0.019750287 -0.002126774 167.606937985 -0.019800369 -0.999442249 0.026891192 16.139226616 -0.001594480 0.026927997 0.999636104 4.578703988
-0.999807801 0.019557548 0.001364723 166.396733502 -0.019523853 -0.999579924 0.021419499 16.175131824 0.001783063 0.021388738 0.999769645 4.588444389
-0.999778210 0.020710799 0.003820167 165.154007651 -0.020639116 -0.999626105 0.017935369 16.142553290 0.004190194 0.017852546 0.999831850 4.619334984
-0.999763581 0.021362021 0.004055288 163.878109038 -0.021305440 -0.999681629 0.013517353 16.078389381 0.004342755 0.013427757 0.999900413 4.625980503
-0.999764978 0.021611974 0.001706033 162.554107428 -0.021587572 -0.999679580 0.013217944 16.059544672 0.001991152 0.013178008 0.999911184 4.611686482
-0.999759305 0.021861374 -0.001847380 161.214725526 -0.021898436 -0.999489942 0.023244670 16.020239701 -0.001338278 0.023279530 0.999728099 4.601764181
-0.999755296 0.022085151 -0.001262643 159.973583484 -0.022111289 -0.999387245 0.027133470 15.992032963 -0.000662623 0.027154749 0.999631022 4.599678440
-0.999732598 0.023124205 0.000052388 158.720908590 -0.023113427 -0.999330852 0.028348159 15.934636412 0.000707881 0.028339367 0.999598109 4.618577029
-0.999723574 0.023424794 -0.002013646 157.399676679 -0.023479889 -0.999141894 0.034119932 15.889814644 -0.001212666 0.034157780 0.999415717 4.593989618
-0.999763247 0.021758857 -0.000042135 155.982561113 -0.021746119 -0.999107881 0.036201511 15.903993449 0.000745606 0.036193856 0.999344510 4.694254005
-0.999716929 0.023791938 0.000070762 154.640258376 -0.023778950 -0.999260981 0.030200228 15.887266446 0.000789232 0.030189996 0.999543867 4.664860839
-0.999695771 0.024656330 0.000655885 153.420911600 -0.024632598 -0.999391013 0.024715154 15.785246049 0.001264871 0.024691479 0.999694319 4.614671760
-0.999661954 0.025940033 -0.001758464 152.224008845 -0.025979873 -0.999249417 0.028734107 15.724900121 -0.001011780 0.028770078 0.999585544 4.610978115
-0.999647285 0.026510354 -0.001583110 151.009377954 -0.026542123 -0.999322381 0.025500876 15.709033318 -0.000906000 0.025533901 0.999673546 4.679888072
-0.999647349 0.026320932 -0.003519336 149.642593412 -0.026421848 -0.999118538 0.032619527 15.682597513 -0.002657657 0.032701011 0.999461645 4.689525932
-0.999603615 0.027890183 -0.003840585 148.313620831 -0.027979755 -0.999278775 0.025672235 15.602538606 -0.003121812 0.025769518 0.999663036 4.703375500
-0.999536697 0.030095320 -0.004545718 146.993685461 -0.030237001 -0.998921925 0.035223726 15.579491889 -0.003480748 0.035344856 0.999369114 4.710298891
-0.999489735 0.031614751 -0.004558098 145.708861304 -0.031756968 -0.998864111 0.035524383 15.537478424 -0.003429826 0.035651008 0.999358415 4.726207298
-0.999511466 0.030984654 -0.004096463 144.403512497 -0.031093551 -0.999068556 0.029920088 15.518421943 -0.003165584 0.030032845 0.999543900 4.780574814
-0.999515355 0.031052709 -0.002187498 143.056102893 -0.031095533 -0.999241032 0.023461189 15.435530622 -0.001457304 0.023517840 0.999722355 4.775591464
-0.999483766 0.031977670 -0.003103331 141.733259484 -0.032049906 -0.999121614 0.026996387 15.418777257 -0.002237324 0.027081912 0.999630714 4.740245586
-0.999453090 0.033023674 -0.001719723 140.421856701 -0.033056820 -0.999127916 0.025507932 15.343124383 -0.000875858 0.025550830 0.999673141 4.801147695
-0.999434352 0.033609113 -0.001184791 139.140774587 -0.033629533 -0.998983901 0.030003652 15.324414341 -0.000175191 0.030026525 0.999549087 4.831174785
-0.999406813 0.034214927 -0.003919353 137.911105305 -0.034340473 -0.998670689 0.038439404 15.268171711 -0.002598942 0.038551194 0.999253247 4.797103946
-0.999385151 0.034522646 -0.006124322 136.637057183 -0.034755317 -0.998463261 0.043164620 15.212622813 -0.004624754 0.043350933 0.999049202 4.784416716
-0.999324643 0.035106381 -0.010853541 135.322262591 -0.035502796 -0.998616490 0.038789918 15.166482380 -0.009476751 0.039149052 0.999188442 4.772981141
-0.999315096 0.034912473 -0.012266119 133.983086577 -0.035340400 -0.998704919 0.036599733 15.152289990 -0.010972446 0.037008155 0.999254723 4.799428031
-0.999298124 0.036063753 -0.010132395 132.651495894 -0.036400722 -0.998713069 0.035315627 15.126516831 -0.008845742 0.035659666 0.999324843 4.802670969
-0.999267265 0.037485169 -0.007732780 131.407921412 -0.037703987 -0.998825947 0.030416055 14.992047703 -0.006583551 0.030685325 0.999507413 4.823034397
-0.999252270 0.037751776 -0.008348889 130.218822111 -0.037994331 -0.998793760 0.031103946 14.975630677 -0.007164589 0.031397899 0.999481286 4.800145293
-0.999211730 0.038405684 -0.010046004 129.018377683 -0.038738553 -0.998623678 0.035356401 14.915334569 -0.008674291 0.035717698 0.999324273 4.824281148
-0.999164225 0.039043236 -0.012102753 127.764354281 -0.039456287 -0.998572225 0.036009890 14.915118651 -0.010679531 0.036457324 0.999278145 4.835027082
-0.999105625 0.040458997 -0.012289029 126.500402128 -0.040823708 -0.998684139 0.031038937 14.815260416 -0.011017054 0.031512860 0.999442627 4.857994789
-0.999114029 0.040133787 -0.012666306 125.297999822 -0.040530315 -0.998640510 0.032778432 14.771945864 -0.011333564 0.033262761 0.999382379 4.830822212
-0.999174567 0.039517630 -0.009409671 124.024361003 -0.039802829 -0.998683912 0.032344672 14.728601338 -0.008119102 0.032692505 0.999432479 4.861697134
-0.999226043 0.038816663 -0.006370339 122.707378016 -0.038989328 -0.998798480 0.029688855 14.708418175 -0.005210263 0.029914252 0.999538889 4.887900044
-0.999329374 0.036111456 -0.006063342 121.421621269 -0.036286425 -0.998836142 0.031775102 14.632273550 -0.004908840 0.031973810 0.999476652 4.849378977
-0.999294125 0.036783887 -0.007628674 120.200547782 -0.037005486 -0.998825102 0.031289127 14.606673735 -0.006468775 0.031549344 0.999481262 4.884513260
-0.999343151 0.035495500 -0.007303217 119.038287053 -0.035703272 -0.998893330 0.030616837 14.538438837 -0.006208375 0.030857475 0.999504513 4.914213587
-0.999362816 0.034593530 -0.008789222 117.969342862 -0.034862339 -0.998862434 0.032533916 14.483261039 -0.007653760 0.032819599 0.999431986 4.914347904
-0.999386851 0.034166041 -0.007655341 116.916103164 -0.034390287 -0.998915808 0.031377008 14.435887449 -0.006575013 0.031621039 0.999478303 4.944629558
-0.999421363 0.033280014 -0.007027010 115.805005015 -0.033490976 -0.998913380 0.032410079 14.405211382 -0.005940766 0.032626667 0.999449953 4.925824788
-0.999458748 0.032087953 -0.007250788 114.709662981 -0.032295317 -0.999010900 0.030565251 14.360114127 -0.006262840 0.030782874 0.999506474 4.938034334
-0.999513427 0.030770011 -0.005110432 113.653766830 -0.030919402 -0.998999430 0.032312996 14.305149480 -0.004111047 0.032455285 0.999464734 4.988104281
-0.999527555 0.030340427 -0.004911749 112.547900377 -0.030472992 -0.999095949 0.029642577 14.215805757 -0.004007940 0.029778248 0.999548494 5.020465793
-0.999575777 0.028512011 -0.005944082 111.486177157 -0.028675880 -0.999150507 0.029596584 14.205101731 -0.005095174 0.029754480 0.999544251 4.996926860
-0.999618451 0.027295440 -0.004232126 110.508019954 -0.027421869 -0.999064673 0.033433807 14.188031094 -0.003315577 0.033537103 0.999431973 5.021632776
-0.999628758 0.026890204 -0.004389016 109.500329251 -0.027027571 -0.999021547 0.035006543 14.157127183 -0.003443389 0.035112172 0.999377445 5.002937855
-0.999642075 0.026326147 -0.004759878 108.526862601 -0.026481783 -0.998990361 0.036290136 14.115601647 -0.003799693 0.036403197 0.999329960 5.023355904
-0.999679021 0.024655698 -0.005826805 107.625258738 -0.024850773 -0.999035915 0.036189499 14.142113459 -0.004928910 0.036322684 0.999327958 5.056189499
-0.999705969 0.023460702 -0.006129582 106.639597390 -0.023657369 -0.999132568 0.034270120 14.107422806 -0.005320264 0.034405054 0.999393810 5.098807291
-0.999726988 0.022330430 -0.006877669 105.785049142 -0.022553737 -0.999156677 0.034311263 14.083733183 -0.006105684 0.034457013 0.999387530 5.105928370
-0.999749463 0.021004662 -0.007733996 104.909435990 -0.021251383 -0.999218254 0.033335557 14.037489334 -0.007027748 0.033491563 0.999414291 5.109037802
-0.999775023 0.019129510 -0.009163283 104.085314985 -0.019393072 -0.999373858 0.029593932 14.043228856 -0.008591428 0.029764978 0.999520002 5.130649164
-0.999766593 0.017963738 -0.012002680 103.172979837 -0.018252404 -0.999535886 0.024389794 14.020139377 -0.011558978 0.024603179 0.999630469 5.131994785
-0.999732430 0.018294047 -0.014156163 102.374900299 -0.018602048 -0.999586203 0.021940521 14.021343658 -0.013748925 0.022197984 0.999659050 5.115212883
-0.999716382 0.018788473 -0.014633857 101.630358462 -0.019137967 -0.999525861 0.024120352 14.000043056 -0.014173734 0.024393574 0.999601950 5.126832939
-0.999652835 0.022067663 -0.014395406 100.881896689 -0.022501801 -0.999274478 0.030727618 13.987253474 -0.013706875 0.031040873 0.999424127 5.138915446
-0.999486099 0.029132962 -0.013371922 100.184328229 -0.029598999 -0.998910155 0.036088787 13.983597131 -0.012305975 0.036466037 0.999259121 5.113492984
-0.999035125 0.041680421 -0.013840609 99.486734993 -0.042184496 -0.998372368 0.038380777 13.928064724 -0.012218355 0.038927603 0.999167330 5.116412558
-0.998169110 0.058509403 -0.015332219 98.777197094 -0.059146780 -0.997231147 0.045074368 13.876135298 -0.012652492 0.045898693 0.998865969 5.126731691
-0.996768368 0.078400464 -0.017498234 98.037099681 -0.079104869 -0.995892594 0.044049525 13.817720467 -0.013972858 0.045291368 0.998876094 5.143892654
-0.994454412 0.103644541 -0.017839025 97.417169273 -0.104366306 -0.993479068 0.045902244 13.783874000 -0.012965181 0.047509482 0.998786640 5.143140167
-0.990851280 0.133955815 -0.016418890 96.770934502 -0.134639041 -0.989527809 0.052029263 13.687450480 -0.009277326 0.053763886 0.998510579 5.122752320
-0.985639114 0.168064418 -0.016428259 96.121807713 -0.168726651 -0.984100953 0.055467384 13.522714741 -0.006844972 0.057442708 0.998325339 5.129431807
-0.978980432 0.203297615 -0.016352146 95.545184156 -0.203907527 -0.977320591 0.057150533 13.375555399 -0.004362722 0.059283579 0.998231648 5.163757712
-0.970126235 0.242087298 -0.015774274 95.034051093 -0.242590699 -0.968623160 0.054027089 13.203268480 -0.002200055 0.056239789 0.998414867 5.191193083
-0.958908721 0.283282559 -0.015654269 94.504145495 -0.283706011 -0.957851722 0.045066372 13.076358971 -0.002227952 0.047655748 0.998861335 5.164613105
-0.945458424 0.325365149 -0.015680854 93.924602641 -0.325738770 -0.944589988 0.040546382 12.902023673 -0.001619598 0.043442781 0.999054604 5.133221534
-0.928818469 0.370221699 -0.015236292 93.406206985 -0.370531691 -0.928200451 0.033914427 12.588706644 -0.001586476 0.037145875 0.999308595 5.178004760
-0.909678726 0.415090102 -0.013594981 92.888916130 -0.415311353 -0.909270857 0.027257832 12.382730326 -0.001047064 0.030442020 0.999535986 5.190060737
-0.887154325 0.461322658 -0.011773232 92.445324956 -0.461470210 -0.886946976 0.019243360 12.051784768 -0.001564835 0.022504826 0.999745510 5.176626329
-0.861256110 0.508058236 -0.010711707 92.050026173 -0.508161651 -0.861177515 0.012042651 11.720557505 -0.003106313 0.015815085 0.999870109 5.190687338
-0.831704913 0.555105476 -0.011173588 91.622879495 -0.555181491 -0.831712445 0.005283946 11.477345114 -0.006360065 0.010598054 0.999923612 5.191191944
-0.800600588 0.599119962 -0.009693777 91.225649801 -0.599137313 -0.800645195 -0.001323919 11.056653274 -0.008554462 0.004747973 0.999952138 5.188893188
-0.765739362 0.643074955 -0.009890994 90.858046883 -0.643025879 -0.765803191 -0.007949336 10.742948355 -0.012686574 0.000273045 0.999919485 5.182673172
-0.725460725 0.688207897 -0.008753686 90.505978002 -0.688150326 -0.725513402 -0.008912541 10.381744018 -0.012484598 -0.000441847 0.999921967 5.180609354
-0.683229419 0.730144188 -0.009328773 90.111970336 -0.730091940 -0.683292615 -0.008772817 10.018216045 -0.012779703 0.000817015 0.999918002 5.160024847
-0.638901594 0.769237372 -0.008866767 89.786833643 -0.769163476 -0.638963118 -0.010662110 9.604087531 -0.013867230 0.000007955 0.999903845 5.179800509
-0.591403639 0.806339418 -0.007647120 89.586218370 -0.806299476 -0.591451531 -0.008138929 9.220438702 -0.011085641 0.001352477 0.999937638 5.196446066
-0.543029334 0.839693804 -0.005784281 89.321907566 -0.839627610 -0.543059413 -0.010580718 8.722837746 -0.012025772 -0.000888999 0.999927293 5.178095926
-0.491634396 0.870790852 -0.004348934 89.053819309 -0.870708925 -0.491648784 -0.012142570 8.227441864 -0.012711786 -0.002183050 0.999916819 5.164398960
-0.438756611 0.898604402 -0.001662871 88.853336989 -0.898512916 -0.438737066 -0.013576694 7.727940513 -0.012929640 -0.004462753 0.999906450 5.169461633
-0.386491432 0.922291954 0.001387482 88.693058254 -0.922204654 -0.386433152 -0.014422015 7.288004412 -0.012765139 -0.006853527 0.999895035 5.175354375
-0.336193669 0.941792206 0.001121850 88.531572437 -0.941729605 -0.336157038 -0.011991583 6.803845834 -0.010916462 -0.005087974 0.999927469 5.205651220
-0.287518770 0.957773959 0.001414612 88.442960064 -0.957736370 -0.287493593 -0.009406347 6.314050780 -0.008602462 -0.004059327 0.999954759 5.253817944
-0.243041738 0.969994208 0.006476863 88.380167989 -0.969983888 -0.242974128 -0.009738111 5.831741829 -0.007872201 -0.008649220 0.999931607 5.181897072
-0.203344867 0.979067072 0.008861947 88.301661996 -0.979078076 -0.203260710 -0.009550150 5.328441818 -0.007548952 -0.010618512 0.999915127 5.149413486
-0.167521364 0.985809617 0.010769937 88.219217994 -0.985831803 -0.167410955 -0.010451213 4.823208382 -0.008499901 -0.012368147 0.999887384 5.160641454
-0.138088982 0.990368315 0.010101150 88.128476543 -0.990403220 -0.138020424 -0.007198981 4.362711594 -0.005735477 -0.010998311 0.999923068 5.184467073
-0.114254085 0.993412418 0.008818814 88.077461098 -0.993443365 -0.114212584 -0.005075972 3.785010192 -0.004035314 -0.009340943 0.999948230 5.210142210
-0.094683729 0.995467141 0.008953375 88.053204696 -0.995507326 -0.094676341 -0.001246382 3.237760461 -0.000393060 -0.009031162 0.999959141 5.227758073
-0.079686432 0.996757714 0.011141422 88.047832864 -0.996809659 -0.079731491 0.003659643 2.712569785 0.004536099 -0.010814253 0.999931236 5.212179159
-0.067337253 0.997653717 0.012359458 88.037544249 -0.997699869 -0.067426739 0.006971868 2.159720956 0.007788868 -0.011861563 0.999899313 5.189507148
-0.058173012 0.998248263 0.010784546 87.942229127 -0.998281657 -0.058244406 0.006428319 1.563734510 0.007045198 -0.010392060 0.999921182 5.170461354
-0.052165417 0.998613162 0.007107900 87.867361879 -0.998636307 -0.052178756 0.001704271 0.971236257 0.002072789 -0.007009303 0.999973286 5.145803737
-0.046712780 0.998902860 0.003315443 87.870415933 -0.998907904 -0.046709322 -0.001112826 0.379422042 -0.000956743 -0.003363805 0.999993885 5.193485137
-0.044630485 0.998998463 0.003192386 87.835757461 -0.999001494 -0.044623661 -0.002177833 -0.226532010 -0.002033195 -0.003286396 0.999992533 5.238641930
-0.044858631 0.998958469 0.008347528 87.789005191 -0.998991259 -0.044839896 -0.002418270 -0.791932748 -0.002041449 -0.008447588 0.999962235 5.228990634
-0.044367768 0.999000890 0.005359385 87.746290434 -0.999015062 -0.044363694 -0.000876794 -1.403909765 -0.000638156 -0.005393008 0.999985254 5.270673521
-0.044176520 0.999009369 0.005358723 87.747668841 -0.999023740 -0.044176171 -0.000183522 -2.040335892 0.000053387 -0.005361599 0.999985625 5.248703593
-0.044418881 0.999012471 -0.001022646 87.757797849 -0.999012994 -0.044418876 0.000028492 -2.681473400 -0.000016961 0.001022903 0.999999477 5.210520260
-0.044477741 0.998937268 -0.012085733 87.730726491 -0.999010369 -0.044475857 0.000424772 -3.313699457 -0.000113203 0.012092666 0.999926875 5.220216271
-0.045985128 0.998929681 -0.004986012 87.712358494 -0.998942079 -0.045986052 -0.000070818 -4.025127881 -0.000300029 0.004977480 0.999987567 5.246533802
-0.044790190 0.998988108 -0.004074140 87.588834879 -0.998996416 -0.044789725 0.000205424 -4.731526011 0.000022737 0.004079252 0.999991680 5.268810119
-0.044466147 0.998930359 -0.012684638 87.587842126 -0.999010586 -0.044472481 -0.000217581 -5.455077905 -0.000781466 0.012662413 0.999919523 5.280396063
-0.042440875 0.998966420 -0.016274662 87.604220438 -0.999097527 -0.042462968 -0.001014221 -6.152624494 -0.001704243 0.016216930 0.999867045 5.283042663
-0.038000122 0.998903800 -0.027334768 87.520732796 -0.999276023 -0.038036458 -0.000810398 -6.867179106 -0.001849227 0.027284183 0.999626007 5.267212343
-0.030041746 0.999127304 -0.029019355 87.468949805 -0.999548468 -0.030046351 0.000277459 -7.598752318 -0.000594709 0.029014587 0.999578811 5.271587305
-0.021922744 0.999469908 -0.024068555 87.435104608 -0.999759528 -0.021929129 -0.000001335 -8.441057687 -0.000529137 0.024062738 0.999710310 5.284050494
-0.013522482 0.999624861 -0.023817656 87.447829312 -0.999907992 -0.013544178 -0.000749823 -9.274738472 -0.001072133 0.023805325 0.999716038 5.263704806
-0.002246171 0.999816205 -0.019039714 87.447452898 -0.999996155 -0.002276722 -0.001583067 -10.062910300 -0.001626125 0.019036085 0.999817475 5.257929930
0.009273030 0.999743017 -0.020686026 87.478497345 -0.999954895 0.009228531 -0.002245601 -10.854175474 -0.002054122 0.020705917 0.999783499 5.242409015
0.020641211 0.999549305 -0.021797401 87.454643275 -0.999783812 0.020581635 -0.002954041 -11.666111903 -0.002504083 0.021853664 0.999758044 5.218893159
0.030898166 0.999340666 -0.019066654 87.497656212 -0.999522155 0.030875846 -0.001463978 -12.473839440 -0.000874314 0.019102778 0.999817143 5.211241661
0.040939278 0.999125123 -0.008541909 87.590521500 -0.999159785 0.040954163 0.001574938 -13.370201707 0.001923387 0.008470255 0.999962277 5.246535729
0.049517091 0.998733813 -0.008878511 87.648236021 -0.998753760 0.049569739 0.005811021 -14.237111959 0.006243768 0.008579701 0.999943700 5.281449688
0.057206257 0.998348046 -0.005349977 87.673297758 -0.998333128 0.057244782 0.007348540 -15.192971356 0.007642659 0.004920677 0.999958688 5.299923783
0.063826380 0.997945724 -0.005525019 87.743708977 -0.997939778 0.063860163 0.006170810 -16.029401888 0.006510962 0.005119776 0.999965697 5.334777940
0.063488606 0.997961452 -0.006491305 87.853951280 -0.997975624 0.063511078 0.003316149 -16.876418122 0.003721658 0.006267626 0.999973433 5.365412719
0.060173396 0.998173626 -0.005345542 87.949030105 -0.998183385 0.060188436 0.002698590 -17.745800916 0.003015401 0.005173448 0.999982071 5.411091194
0.054861995 0.998493581 -0.000854689 88.045722447 -0.998489198 0.054864354 0.003036999 -18.677621346 0.003079316 0.000686781 0.999995023 5.394826007
0.048959336 0.998799044 0.001858221 88.056231918 -0.998797891 0.048954641 0.002493314 -19.515996187 0.002399351 -0.001978058 0.999995165 5.385163774
0.042298013 0.999084109 0.006466989 88.122791197 -0.999097376 0.042271452 0.004190203 -20.490026489 0.003912997 -0.006638389 0.999970310 5.426081516
0.031324952 0.999435757 0.012120836 88.120742886 -0.999505026 0.031287245 0.003288159 -21.355234672 0.002907077 -0.012217837 0.999921134 5.445044746
0.019035875 0.999818190 0.001105903 88.125252045 -0.999809863 0.019031016 0.004249599 -22.236964023 0.004227780 -0.001186587 0.999990359 5.550934771
0.006155298 0.999970392 -0.004618120 88.187526533 -0.999976630 0.006168946 0.002946817 -23.116475673 0.002975219 0.004599873 0.999984995 5.555177875
-0.003536450 0.999971525 -0.006666499 88.167616268 -0.999993583 -0.003532557 0.000595703 -24.138361734 0.000572137 0.006668563 0.999977601 5.552706413
-0.016691980 0.999834773 -0.007197571 88.156214195 -0.999859179 -0.016679050 0.001852612 -24.941681810 0.001732257 0.007227482 0.999972381 5.549357083
-0.029012684 0.999560537 -0.006082487 88.085167859 -0.999577992 -0.029003292 0.001626789 -25.789773657 0.001449662 0.006127118 0.999980178 5.599276094
-0.040899915 0.999150680 -0.005011532 88.075982845 -0.999162504 -0.040893247 0.001425820 -26.560563581 0.001219671 0.005065651 0.999986426 5.576877581
-0.054210916 0.998513274 -0.005693648 88.077825672 -0.998529474 -0.054211508 0.000050308 -27.373140310 -0.000258428 0.005688003 0.999983790 5.576933619
-0.066882091 0.997727244 -0.008193381 87.993194647 -0.997760870 -0.066878344 0.000730784 -28.248599814 0.000181163 0.008223911 0.999966167 5.523320212
-0.077621223 0.996935496 -0.009724375 87.930412203 -0.996982079 -0.077630148 -0.000543219 -29.034138162 -0.001296459 0.009652862 0.999952570 5.599775669
-0.084945769 0.996328435 -0.010670785 87.859502603 -0.996385434 -0.084946606 0.000375596 -29.924025785 -0.000532230 0.010664120 0.999942995 5.648887419
-0.090790851 0.995821224 -0.009854455 87.780573189 -0.995869680 -0.090778670 0.001677423 -30.812558556 0.000775839 0.009966047 0.999950037 5.640667518
-0.092524136 0.995684042 -0.007250688 87.693380093 -0.995709096 -0.092509584 0.002317956 -31.647302137 0.001637193 0.007434043 0.999971027 5.679302624
-0.096095886 0.995330655 -0.009081216 87.624183792 -0.995359914 -0.096045601 0.005821049 -32.446882247 0.004921657 0.009598458 0.999941822 5.648650623
-0.096895893 0.995242985 -0.010128520 87.566397526 -0.995274753 -0.096824812 0.007288452 -33.177631738 0.006273089 0.010786881 0.999922143 5.668357917
-0.095801511 0.995341585 -0.010825868 87.468449063 -0.995371472 -0.095710058 0.008672774 -34.007017778 0.007596228 0.011606625 0.999903787 5.661538333
-0.094981297 0.995456302 -0.006730832 87.373572685 -0.995445806 -0.094920691 0.008815316 -34.928201941 0.008136366 0.007537469 0.999938491 5.670804904
-0.092740782 0.995605744 -0.012974992 87.327843719 -0.995668394 -0.092644455 0.007839211 -35.870493201 0.006602703 0.013645804 0.999885092 5.719417204
-0.089898668 0.995845257 -0.014507046 87.269326849 -0.995945603 -0.089841067 0.004575898 -36.744231842 0.003253557 0.014859596 0.999884297 5.713626486
-0.085965698 0.996137171 -0.017906318 87.215403030 -0.996294653 -0.085904256 0.004174107 -37.697153632 0.002619755 0.018198799 0.999830956 5.692031359
-0.085143528 0.996327966 -0.009009078 87.171992750 -0.996367666 -0.085126952 0.002208300 -38.590636357 0.001433276 0.009164376 0.999956979 5.694108648
-0.083629945 0.996455505 -0.009080676 87.051587210 -0.996496876 -0.083625636 0.000853855 -39.449834892 0.000091451 0.009120273 0.999958405 5.702232680
-0.083847587 0.996427061 -0.010133850 86.956067810 -0.996474434 -0.083813528 0.003740867 -40.409804234 0.002878147 0.010411785 0.999941654 5.717789460
-0.088727519 0.996044823 -0.004705033 86.861801994 -0.996051439 -0.088711935 0.003424023 -41.366956601 0.002993087 0.004990260 0.999983069 5.775764395
-0.095979016 0.995370350 -0.005088759 86.833315511 -0.995373140 -0.095953613 0.005021503 -42.242873543 0.004509970 0.005547173 0.999974444 5.805259827
-0.108403598 0.994093449 -0.005184009 86.790930561 -0.994089305 -0.108369114 0.006526050 -43.099131413 0.005925717 0.005860816 0.999965268 5.807833221
-0.123178740 0.992384436 0.000358971 86.700184930 -0.992357164 -0.123178024 0.007377929 -44.087525652 0.007365960 0.000552576 0.999972718 5.774731096
-0.135275373 0.990786880 0.006475547 86.526594294 -0.990758705 -0.135330969 0.009094901 -45.112462065 0.009887451 -0.005185388 0.999937673 5.845320939
-0.149976934 0.988665678 0.006862669 86.410351444 -0.988626420 -0.150042158 0.010254415 -46.038825531 0.011167878 -0.005246691 0.999923872 5.919878645
-0.171289053 0.985192907 0.007415971 86.217863211 -0.985169640 -0.171352025 0.008903080 -46.944970354 0.010041992 -0.005780989 0.999932867 5.876815242
-0.191864459 0.981415818 0.003319841 85.968120764 -0.981406985 -0.191878892 0.004777050 -47.779070832 0.005325280 -0.002341569 0.999983079 5.808473350
-0.216398785 0.976304158 -0.001325708 85.761237114 -0.976304263 -0.216396676 0.001570194 -48.544397120 0.001246108 0.001634082 0.999997888 5.810484641
-0.239745336 0.970832075 -0.002693687 85.612918866 -0.970830593 -0.239734027 0.003944068 -49.291320763 0.003183259 0.003560686 0.999988594 5.790173752
-0.258342975 0.966037714 -0.005481096 85.466129406 -0.966049692 -0.258322434 0.004184904 -50.047597927 0.002626885 0.006376151 0.999976222 5.869546212
-0.277873090 0.960585918 -0.007825618 85.245774806 -0.960614618 -0.277842003 0.004835047 -50.939619418 0.002470192 0.008860933 0.999957690 5.848116743
-0.297669321 0.954598914 -0.011571069 84.969098225 -0.954668683 -0.297636857 0.004472994 -51.756253512 0.000825939 0.012378011 0.999923048 5.854266922
-0.314953913 0.948961620 -0.016609533 84.707598725 -0.949106951 -0.314908815 0.005332402 -52.485591828 -0.000170244 0.017443684 0.999847833 5.870413904
-0.328866328 0.944224639 -0.016934282 84.408783375 -0.944375502 -0.328787284 0.007337126 -53.325037698 0.001360118 0.018405254 0.999829684 5.905432322
-0.341681951 0.939570234 -0.021476004 84.146212847 -0.939814920 -0.341620822 0.006567330 -54.237174252 -0.001166183 0.022427407 0.999747794 5.880668520
-0.352389052 0.935527161 -0.024716117 83.855274218 -0.935836094 -0.352421075 0.003192501 -55.089238382 -0.005723809 0.024255237 0.999689413 5.783478544
-0.359107328 0.932875711 -0.028014894 83.596150276 -0.933179159 -0.359375977 -0.005056079 -55.904140026 -0.014784573 0.024327241 0.999594719 5.754280655
-0.363785344 0.930891398 -0.033187787 83.230299524 -0.931247279 -0.364263618 -0.009514257 -56.753388027 -0.020945843 0.027444889 0.999403847 5.685512961
-0.363561184 0.931033261 -0.031628047 82.916561697 -0.931406851 -0.363923838 -0.006381048 -57.570246392 -0.017451168 0.027138679 0.999479339 5.791406289
-0.360285407 0.932375085 -0.029514851 82.605831561 -0.932806203 -0.360368816 0.002627743 -58.425121590 -0.008186189 0.028478373 0.999560888 5.864149471
-0.359620360 0.932548177 -0.032048306 82.282254376 -0.933098511 -0.359430356 0.011704160 -59.267276465 -0.000604441 0.034113281 0.999417790 5.895198302
-0.360840933 0.932125447 -0.030593668 81.932880583 -0.932623500 -0.360550662 0.014718289 -60.128484538 0.002688724 0.033843335 0.999423534 5.891614390
-0.362757884 0.931529561 -0.025678686 81.602866963 -0.931881158 -0.362558476 0.012200746 -60.965707230 0.002055330 0.028355401 0.999595792 5.863045715
-0.362977439 0.931434509 -0.026021811 81.322125595 -0.931791225 -0.362939187 0.006345025 -61.797534423 -0.003534360 0.026549996 0.999641239 5.827936028
-0.365267103 0.930491307 -0.027674371 80.990894008 -0.930870731 -0.365339692 0.002567276 -62.559793204 -0.007721718 0.026699004 0.999613695 5.843401347
-0.369574977 0.928793943 -0.027498143 80.591743915 -0.929143026 -0.369720419 -0.000220891 -63.472223159 -0.010371787 0.025468073 0.999621830 5.826783001
-0.379320305 0.924873456 -0.026929488 80.278938053 -0.925213862 -0.379445743 0.000486774 -64.337002258 -0.009768075 0.025100179 0.999637217 5.822488528
-0.391174758 0.919950408 -0.025952950 79.939184911 -0.920273110 -0.391274362 0.001333258 -65.198580999 -0.008928193 0.024405339 0.999662276 5.827830209
-0.403091571 0.914770044 -0.026701161 79.517952522 -0.915136747 -0.403116297 0.004688818 -66.024080398 -0.006474483 0.026325237 0.999632464 5.919221363
-0.416997556 0.908711950 -0.018858157 79.058259096 -0.908894396 -0.417013600 0.003261219 -66.881747363 -0.004900600 0.018499993 0.999816850 5.873366102
-0.432080527 0.901552286 -0.022580855 78.702791650 -0.901834841 -0.431961135 0.010173420 -67.804648289 -0.000582182 0.024759938 0.999693256 5.886642622
-0.446574525 0.894594476 -0.016489908 78.350610286 -0.894727962 -0.446371012 0.014655852 -68.637516357 0.005750427 0.021298912 0.999756615 5.938475007
-0.458082408 0.888719593 -0.018384576 77.906823681 -0.888837939 -0.457684588 0.022179607 -69.488833791 0.011297114 0.026500996 0.999584950 5.929369074
-0.465825205 0.884715448 -0.016895412 77.462962337 -0.884803769 -0.465456633 0.021735079 -70.290897570 0.011365279 0.025073872 0.999620994 5.898556200
-0.469434791 0.882693473 -0.021982037 76.975568965 -0.882952163 -0.469136312 0.017509938 -71.232916364 0.005143336 0.027628861 0.999605018 5.905839555
-0.471194637 0.881533129 -0.029579653 76.489501033 -0.882027518 -0.470862031 0.017787806 -72.078143107 0.001752605 0.034471587 0.999404142 5.984599590
-0.474390592 0.879688962 -0.033179746 75.930466756 -0.880314466 -0.474049840 0.017977513 -72.957518421 0.000085767 0.037736973 0.999287703 5.992733621
-0.473971498 0.879743823 -0.037440952 75.524876868 -0.880539868 -0.473506525 0.021002660 -73.847207042 0.000748425 0.042922914 0.999078107 5.956461741
-0.475219396 0.878736926 -0.044586340 75.080814114 -0.879866105 -0.474692899 0.022411789 -74.699614257 -0.001470752 0.049880526 0.998754109 5.970541059
-0.476522383 0.878208344 -0.040945360 74.628551582 -0.879161708 -0.476060746 0.020996581 -75.576674140 -0.001053106 0.046002933 0.998940750 6.012752826
-0.477222413 0.877979136 -0.037568682 74.162831358 -0.878781588 -0.476848834 0.018923825 -76.467000529 -0.001299859 0.042045539 0.999114850 6.015558016
-0.480941984 0.875891965 -0.038833934 73.651339496 -0.876751944 -0.480423509 0.022344578 -77.337364329 0.000914701 0.044794173 0.998995818 6.044540365
-0.484858459 0.874013933 -0.031810682 73.158159992 -0.874592587 -0.484549431 0.017310557 -78.272062208 -0.000284180 0.036214557 0.999343997 6.030868785
-0.490510166 0.871076169 -0.025021691 72.674516569 -0.871433855 -0.490362290 0.012159842 -79.161904405 -0.001677545 0.027769275 0.999612952 6.051446468
-0.498875841 0.866361423 -0.023254683 72.214716885 -0.866664135 -0.498815361 0.008747177 -79.935388690 -0.004021576 0.024517755 0.999691306 6.047630514
-0.509471807 0.860244955 -0.020422916 71.803687297 -0.860461313 -0.509497511 0.004314603 -80.759919699 -0.006693809 0.019771298 0.999782121 6.046833041
-0.518655110 0.854688437 -0.022462230 71.297603017 -0.854925283 -0.518747473 0.001954390 -81.597873407 -0.009981831 0.020217182 0.999745782 6.028851438
-0.529638613 0.848012192 -0.018927815 70.784680373 -0.848173556 -0.529717528 0.000979716 -82.401768793 -0.009195584 0.016572967 0.999820373 6.015686351
-0.543418317 0.839198404 -0.021037388 70.193847054 -0.839405517 -0.543501900 0.002015791 -83.189938988 -0.009742212 0.018754318 0.999776658 6.017324019
-0.555664453 0.830981567 -0.026582901 69.697538479 -0.831327160 -0.555769373 0.003944184 -84.016994364 -0.011496418 0.024290731 0.999638831 6.011154721
-0.568049879 0.822464759 -0.029513625 69.238742942 -0.822931654 -0.568083261 0.008056079 -84.850830780 -0.010140356 0.028863951 0.999531913 6.005374826
-0.579759247 0.814498928 -0.021695880 68.659907906 -0.814764289 -0.579739358 0.007837672 -85.565174357 -0.006194180 0.022220991 0.999733894 5.981943650
-0.592447462 0.805394111 -0.018609956 68.065379913 -0.805596083 -0.592411070 0.008004726 -86.364048691 -0.004577785 0.019734487 0.999794776 5.935044831
-0.605531236 0.795666625 -0.015701748 67.574403421 -0.795796898 -0.605549881 0.004079075 -87.072326434 -0.006262608 0.014965410 0.999868399 5.957844616
-0.617713790 0.786163764 -0.019396127 66.976741685 -0.786359560 -0.617750996 0.004727527 -87.817303626 -0.008265367 0.018172589 0.999800701 6.018256973
-0.628828678 0.777210307 -0.022773505 66.384034470 -0.777466054 -0.628910387 0.004273206 -88.534528122 -0.011001314 0.020392741 0.999731518 6.044849212
-0.639279772 0.768574668 -0.024786150 65.858672338 -0.768881798 -0.639370554 0.005106457 -89.236880846 -0.011922841 0.022322074 0.999679734 6.017882565
-0.648351657 0.760867557 -0.026845665 65.198600071 -0.761240600 -0.648435666 0.006628409 -89.978215573 -0.012364346 0.024733550 0.999617614 6.036408267
-0.655047599 0.755073592 -0.027865978 64.603940688 -0.755481972 -0.655127139 0.007444578 -90.607912551 -0.012634554 0.025928797 0.999583946 6.060972142
-0.658474577 0.752023650 -0.029523910 63.951466257 -0.752510451 -0.658501922 0.010160657 -91.323210352 -0.011800497 0.028907585 0.999512431 6.005393694
-0.660483085 0.750096920 -0.033417139 63.375083978 -0.750739027 -0.660472283 0.012933550 -92.002169808 -0.012369678 0.033629941 0.999357803 5.976456534
-0.661758019 0.749006825 -0.032635873 62.780840495 -0.749623356 -0.661737534 0.012971545 -92.649532651 -0.011880607 0.033048637 0.999383129 5.940099551
-0.660761446 0.749701579 -0.036631315 62.220751421 -0.750507713 -0.660644877 0.016926902 -93.261175353 -0.011510166 0.038676728 0.999185482 5.934486899
-0.658242575 0.751877374 -0.037378177 61.625860008 -0.752707731 -0.658146765 0.016550126 -93.981766780 -0.012156662 0.039028840 0.999164133 5.953965418
-0.655605268 0.754000527 -0.040803662 61.091824016 -0.754986292 -0.655498753 0.017806846 -94.598764446 -0.013320378 0.042480468 0.999008497 5.975699900
-0.650853226 0.758077509 -0.041334840 60.590442583 -0.759081662 -0.650759190 0.017535880 -95.238707663 -0.013605471 0.042789803 0.998991453 5.965427987
-0.644630377 0.763481270 -0.039344968 60.082152073 -0.764392717 -0.644529817 0.016884563 -95.811737985 -0.012467958 0.040959309 0.999083022 5.972771128
-0.639570005 0.767604527 -0.041635309 59.531744915 -0.768624447 -0.639450764 0.017865607 -96.406146147 -0.012910009 0.043428222 0.998973133 5.993842149
-0.634225969 0.772183154 -0.038608250 59.042875905 -0.773026104 -0.634220797 0.013950771 -97.043398757 -0.013713605 0.038693126 0.999157034 6.023438643
-0.629476202 0.775925622 -0.041220634 58.579176483 -0.776898257 -0.629429655 0.015729212 -97.650121983 -0.013740790 0.041925403 0.999026252 6.038163295
-0.626083485 0.778512424 -0.044021309 58.170835161 -0.779626066 -0.626011489 0.017111771 -98.203593746 -0.014236118 0.045033557 0.998884033 6.056041428
-0.622955017 0.781034259 -0.043732526 57.802715246 -0.782118058 -0.622925897 0.015958409 -98.765229457 -0.014778059 0.044145369 0.998915810 6.075718282
-0.621471762 0.782426078 -0.039777896 57.382735592 -0.783359006 -0.621323154 0.017498740 -99.301774855 -0.011023457 0.042035346 0.999055310 6.054471303
-0.623006346 0.781232144 -0.039235562 56.920813636 -0.782175264 -0.622705881 0.020958094 -99.883493836 -0.008059079 0.043746111 0.999010175 6.084338879
-0.626681512 0.778400760 -0.036912579 56.476708785 -0.779270939 -0.626136230 0.026272142 -100.370176285 -0.002662048 0.045229166 0.998973091 6.133291187
-0.631120917 0.774866644 -0.035609985 56.011174662 -0.775681941 -0.630570558 0.026425340 -100.866089293 -0.001978494 0.044299607 0.999016331 6.127256624
-0.634967304 0.771667721 -0.036680400 55.519131958 -0.772527189 -0.634504137 0.024621992 -101.413568432 -0.004273869 0.043970766 0.999023676 6.105436500
-0.639092049 0.768011808 -0.041463438 55.112755195 -0.769050226 -0.638873971 0.020044926 -101.980761178 -0.011095172 0.044698019 0.998938929 6.053739610
-0.642646083 0.764661982 -0.047938142 54.759863033 -0.765918717 -0.642762713 0.014987091 -102.499485196 -0.019352792 0.046348116 0.998737864 6.021747797
-0.646738588 0.761289783 -0.046551755 54.373160550 -0.762414168 -0.646985753 0.011578923 -103.031085252 -0.021303407 0.042980254 0.998848769 6.034707390
-0.651187241 0.757682382 -0.043273377 53.969893956 -0.758700583 -0.651304270 0.013273014 -103.473808680 -0.018127407 0.041474753 0.998975096 6.059957255
-0.654614472 0.754900237 -0.040069012 53.564767619 -0.755839050 -0.654546568 0.016616863 -104.006702998 -0.013682960 0.041163363 0.999058734 6.063434266
-0.657080706 0.752959893 -0.036004804 53.092843583 -0.753752791 -0.656910954 0.018020223 -104.558470130 -0.010083445 0.038979463 0.999189134 6.111693017
-0.658907843 0.751497849 -0.033036906 52.627228610 -0.752165017 -0.658769189 0.016460366 -105.078706102 -0.009393766 0.035695069 0.999318577 6.063003426
-0.659726968 0.750854887 -0.031261256 52.144468119 -0.751460055 -0.659573008 0.016469157 -105.516292407 -0.008253134 0.034356732 0.999375555 6.081758079
-0.660803073 0.749936335 -0.030574360 51.682726498 -0.750521750 -0.660629128 0.016919132 -106.059235074 -0.007510041 0.034126936 0.999389289 6.043178670
-0.660520755 0.750226458 -0.029539710 51.218739389 -0.750781125 -0.660317461 0.017565694 -106.600648945 -0.006327337 0.033780362 0.999409251 6.045745614
-0.659116577 0.751292871 -0.033531490 50.761332195 -0.751932894 -0.659121843 0.012462706 -107.162734553 -0.012738195 0.033427806 0.999359955 6.044716285
-0.655461495 0.754215406 -0.039106901 50.259027245 -0.754994576 -0.655668286 0.009071314 -107.702710712 -0.018799430 0.035471395 0.999193856 6.044077227
-0.650526402 0.758307540 -0.042250149 49.767646474 -0.759131795 -0.650911259 0.005783661 -108.267593034 -0.023115304 0.035835856 0.999090323 6.001137413
-0.643786294 0.763936770 -0.044043369 49.301164088 -0.764836438 -0.644196190 0.006040837 -108.814296861 -0.023757753 0.037574981 0.999011356 6.004827314
-0.636984947 0.769790683 -0.040895986 48.799116165 -0.770548969 -0.637363594 0.004683528 -109.377497907 -0.022460277 0.034495697 0.999152432 6.013784580
-0.629780442 0.775894839 -0.036929578 48.395887375 -0.776505902 -0.630098943 0.003729044 -109.994942318 -0.020375943 0.031024514 0.999310913 5.980902368
-0.623748387 0.780954344 -0.032376866 47.921424751 -0.781364998 -0.624074305 0.000049958 -110.645859641 -0.020166555 0.025329311 0.999475731 5.978225314
-0.618549981 0.785253759 -0.027793082 47.458796651 -0.785477577 -0.618875715 -0.004221946 -111.263638565 -0.020515763 0.019219358 0.999604782 5.957137325
-0.614537999 0.788666041 -0.018679517 47.039101679 -0.788735449 -0.614711948 -0.005060826 -111.875034911 -0.015473824 0.011623127 0.999812714 5.972216773
-0.612181626 0.790675823 -0.008087073 46.611698309 -0.790670690 -0.612224520 -0.004582287 -112.550884102 -0.008574208 0.003589020 0.999956800 5.929917824
-0.610544942 0.791980680 0.001215325 46.132503455 -0.791976601 -0.610534900 -0.004494416 -113.222983910 -0.002817492 -0.003706552 0.999989162 5.861752790
-0.608015602 0.793924131 0.001225581 45.575662490 -0.793918625 -0.608003712 -0.004970276 -113.890227204 -0.003200864 -0.003995017 0.999986897 5.861226048
-0.606679071 0.794946629 -0.000601962 45.018075583 -0.794927930 -0.606669678 -0.006441097 -114.531768248 -0.005485521 -0.003429162 0.999979075 5.916315990
-0.605332477 0.795969124 -0.002397022 44.516422833 -0.795921263 -0.605324836 -0.009549167 -115.219334810 -0.009051820 -0.003872580 0.999951533 5.912334715
-0.604834487 0.796340772 -0.004076525 44.013780637 -0.796271276 -0.604838382 -0.011071920 -115.909608180 -0.011282660 -0.003450659 0.999930395 5.874102878
-0.604996920 0.796207420 -0.005698286 43.519141743 -0.796163385 -0.605023514 -0.008391173 -116.576979708 -0.010128712 -0.000539867 0.999948558 5.894849944
-0.606587031 0.794990183 -0.006540834 42.971929720 -0.794983182 -0.606616616 -0.004245247 -117.270159950 -0.007342708 0.002624741 0.999969597 5.942569206
-0.608489663 0.793543806 -0.005343907 42.392450414 -0.793534885 -0.608510690 -0.004138290 -117.992212552 -0.006535739 0.001722470 0.999977158 5.890046039
-0.610400795 0.792060266 -0.007169663 41.826650557 -0.792044028 -0.610438630 -0.005562175 -118.747616398 -0.008782217 0.002283532 0.999958828 5.901912922
-0.611520770 0.791123275 -0.012896192 41.289600372 -0.791132084 -0.611619403 -0.005632971 -119.431525210 -0.012343936 0.006757913 0.999900974 5.883079880
-0.612500313 0.790284090 -0.017158788 40.739173083 -0.790354408 -0.612637944 -0.003828779 -120.204812130 -0.013537948 0.011216395 0.999845446 5.860694464
-0.614102116 0.789123579 -0.012750200 40.225930544 -0.789114201 -0.614207159 -0.006952932 -120.936351804 -0.013317987 0.005791554 0.999894539 5.890430074
-0.616017384 0.787674365 -0.009574818 39.668850885 -0.787650152 -0.616083250 -0.006976209 -121.704287501 -0.011393866 0.003244141 0.999929825 5.872170609
-0.617276462 0.786671534 -0.010847468 39.024510313 -0.786640040 -0.617361029 -0.007925113 -122.461576158 -0.012931265 0.003641067 0.999909758 5.850484872
-0.617703657 0.786145585 -0.020428193 38.421616286 -0.786231086 -0.617909533 -0.005337455 -123.176801803 -0.016818792 0.012764315 0.999777075 5.793990350
-0.617849020 0.786075163 -0.018666169 37.779722047 -0.785925027 -0.618112769 -0.016076576 -123.983302505 -0.024175195 0.004737313 0.999696513 5.808362767
-0.617186810 0.786574625 -0.019514143 37.221961746 -0.786279672 -0.617492013 -0.021630779 -124.779365221 -0.029064050 0.001993343 0.999575564 5.781794642
-0.617030837 0.786824214 -0.013438879 36.677737914 -0.786466030 -0.617162058 -0.024128354 -125.664624920 -0.027278740 -0.004318717 0.999618537 5.782731112
-0.617648710 0.786451121 -0.002169328 36.036978984 -0.786078888 -0.617436872 -0.029183745 -126.424918978 -0.024291012 -0.016320039 0.999571710 5.831785308
-0.616244826 0.787545651 0.003763178 35.404613839 -0.787268819 -0.615885419 -0.029882394 -127.181916896 -0.021216063 -0.021377503 0.999546338 5.839788631
-0.614103090 0.789206736 0.005488434 34.813249073 -0.788978703 -0.613721949 -0.029291220 -127.901146154 -0.019748456 -0.022318086 0.999555852 5.813604368
-0.611596290 0.791168990 0.001267824 34.203671744 -0.790913995 -0.611356839 -0.026417186 -128.597399356 -0.020125366 -0.017159393 0.999650201 5.808491158
-0.609571716 0.792722676 -0.003617008 33.648864094 -0.792436485 -0.609463308 -0.024472303 -129.388718466 -0.021604183 -0.012051375 0.999693965 5.821672207
-0.606919702 0.794738094 -0.006311760 33.011544234 -0.794466263 -0.606890901 -0.022512000 -130.185864545 -0.021721694 -0.008648496 0.999726648 5.825562204
-0.603637517 0.797199080 -0.009766004 32.442441048 -0.797033446 -0.603712834 -0.016385989 -130.928073920 -0.018958757 -0.002107366 0.999818046 5.793628399
-0.600720868 0.799363160 -0.012368395 31.885888024 -0.799281792 -0.600841532 -0.011750340 -131.696632240 -0.016824234 0.002827159 0.999854466 5.790960654
-0.601940791 0.798465015 -0.010995618 31.323057582 -0.798370426 -0.602039726 -0.012362475 -132.443766560 -0.016490803 0.001337098 0.999863123 5.778004580
-0.602351965 0.798168399 -0.009965839 30.803208606 -0.798022538 -0.602433063 -0.015311225 -133.191007072 -0.018224687 -0.001269783 0.999833110 5.795914177
-0.602729118 0.797879794 -0.010268636 30.267988257 -0.797601908 -0.602797230 -0.021603137 -133.972458938 -0.023426612 -0.004830556 0.999713889 5.753797469
-0.603737289 0.797066278 -0.013661426 29.656670381 -0.796715387 -0.603881381 -0.023913788 -134.718936906 -0.027310755 -0.003553378 0.999620676 5.768073459
-0.605257925 0.795929844 -0.012590802 29.100120369 -0.795492257 -0.605354800 -0.027159449 -135.458079488 -0.029238918 -0.006422586 0.999551818 5.746227252
-0.606326708 0.795129703 -0.011690934 28.544389821 -0.794743479 -0.606407754 -0.025542872 -136.253105586 -0.027399369 -0.006196031 0.999605364 5.779807312
-0.608869960 0.793255725 -0.004767307 28.003778942 -0.792823103 -0.608717627 -0.029906157 -136.997937421 -0.026625174 -0.014429330 0.999541342 5.657440687
-0.612251704 0.790655548 -0.003413966 27.444345010 -0.790323891 -0.612109904 -0.026638570 -137.679919008 -0.023151656 -0.013611371 0.999639301 5.677577599
-0.614219768 0.789134708 0.000698976 26.889914279 -0.788911284 -0.614024295 -0.024354707 -138.465150755 -0.018789956 -0.015510572 0.999703136 5.699841101
-0.614535930 0.788868802 0.005621749 26.306000093 -0.788795397 -0.614337868 -0.019768788 -139.169242222 -0.012141327 -0.016583040 0.999788773 5.712336420
-0.616680396 0.787202521 0.004180825 25.708246131 -0.787145219 -0.616548102 -0.016457296 -139.850492755 -0.010377545 -0.013439808 0.999855829 5.696817190
-0.617795636 0.786324355 -0.004749811 25.089896121 -0.786200941 -0.617789197 -0.014986298 -140.603851245 -0.014718473 -0.005524164 0.999876417 5.712414256
-0.618608295 0.785624906 -0.010829756 24.494897870 -0.785386142 -0.618692074 -0.019716119 -141.380895689 -0.022189758 -0.003691014 0.999746964 5.632227855
-0.616573564 0.787146624 -0.015402362 23.984489978 -0.786978384 -0.616762635 -0.016397428 -142.148223179 -0.022406782 0.002011105 0.999746914 5.682752037
-0.616281835 0.787403830 -0.013853114 23.420708020 -0.787292668 -0.616432043 -0.013483017 -142.868240133 -0.019156083 0.002597117 0.999813132 5.677126891
-0.617227606 0.786645847 -0.014778181 22.809309264 -0.786675528 -0.617345945 -0.005059548 -143.541191104 -0.013103323 0.008502741 0.999877996 5.682758023
-0.617045187 0.786883193 -0.008371262 22.319303964 -0.786870806 -0.617093587 -0.005462530 -144.264805116 -0.009464225 0.003216473 0.999950040 5.674981496
-0.617566469 0.786507866 -0.004127105 21.706149252 -0.786405796 -0.617558226 -0.013702593 -145.030510841 -0.013325925 -0.005216683 0.999897598 5.681490658
-0.617908759 0.786209756 -0.007936381 21.192405100 -0.786005556 -0.617936915 -0.018687813 -145.737440027 -0.019596724 -0.005309324 0.999793869 5.682007150
-0.618123232 0.785870757 -0.018188562 20.723039022 -0.785779019 -0.618361707 -0.013421355 -146.367291951 -0.021794560 0.005996139 0.999744489 5.686392625
-0.622379701 0.782664541 -0.008928859 20.169747913 -0.782557748 -0.622442795 -0.012974507 -147.029872848 -0.015712390 -0.001087722 0.999875961 5.714186058
-0.624942740 0.780669614 0.001235119 19.630948901 -0.780641705 -0.624905223 -0.009591184 -147.651681563 -0.006715714 -0.006958126 0.999953241 5.716366684
-0.628404471 0.777884665 -0.001807866 19.167810794 -0.777886765 -0.628402689 0.001496912 -148.304640618 0.000028357 0.002346981 0.999997245 5.730613328
-0.633018079 0.774020742 -0.013416496 18.572041718 -0.774081017 -0.633085670 -0.001055523 -148.897297305 -0.009310788 0.009717289 0.999909438 5.698710461
-0.635032280 0.772337841 -0.015108368 18.001495928 -0.772219044 -0.635205480 -0.013847237 -149.505471571 -0.020291663 0.002873526 0.999789974 5.716481388
-0.639875476 0.768241348 -0.019094653 17.512741947 -0.768021606 -0.640154302 -0.018581798 -150.061745415 -0.026498830 0.002775070 0.999644992 5.667406329
-0.644698988 0.764155303 -0.020733708 17.029287783 -0.764065692 -0.644993905 -0.013655755 -150.644819388 -0.023808232 0.007038063 0.999691769 5.701516376
-0.647688170 0.761624756 -0.020682498 16.641505742 -0.761737269 -0.647876974 -0.003429236 -151.213623889 -0.016011505 0.013533554 0.999780213 5.702191100
-0.652036777 0.758024038 -0.015735251 16.171745358 -0.758138931 -0.652089236 0.002233769 -151.688675031 -0.008567538 0.013386006 0.999873698 5.698012929
-0.654519209 0.755898024 -0.014925899 15.692752216 -0.756023236 -0.654523560 0.005270337 -152.200521367 -0.005785515 0.014733863 0.999874713 5.708724284
-0.653170987 0.757129455 -0.011074790 15.286717406 -0.757191361 -0.653188505 0.002453466 -152.595659866 -0.005376335 0.009988268 0.999935663 5.763458123
-0.647912648 0.761535180 -0.016533913 14.901020333 -0.761684652 -0.647927112 0.005191173 -153.041517401 -0.006759510 0.015957054 0.999849829 5.821243132
-0.636216541 0.771276509 -0.019001564 14.528308392 -0.771458367 -0.636266962 0.004042409 -153.432992197 -0.008972253 0.017230763 0.999811282 5.902676347
-0.620636468 0.783710744 -0.024654500 14.159299923 -0.784055467 -0.620624804 0.009048585 -153.935335699 -0.008209721 0.024946377 0.999655080 5.857022188
-0.596746573 0.801822741 -0.031206070 13.848879153 -0.802402556 -0.596595182 0.014977566 -154.401551927 -0.006608038 0.033977642 0.999400747 5.854916922
-0.566991446 0.823218344 -0.028848903 13.536997968 -0.823721191 -0.566727979 0.017401045 -154.869393082 -0.002024621 0.033629696 0.999432311 5.818065914
-0.536417030 0.843290277 -0.033440674 13.202943143 -0.843941274 -0.536197700 0.015973504 -155.437877420 -0.004460512 0.036790424 0.999313048 5.852289858
-0.498781078 0.865982017 -0.035952497 12.878136862 -0.866716122 -0.498562164 0.015457430 -155.966562548 -0.004538699 0.038870482 0.999233949 5.837177664
-0.461030314 0.886784080 -0.032635039 12.719335714 -0.887379310 -0.460840195 0.013574795 -156.500238927 -0.003001625 0.035218050 0.999375144 5.808057876
-0.420909855 0.906682418 -0.027602309 12.482153385 -0.907100515 -0.420650826 0.014884198 -156.974280345 0.001884306 0.031302975 0.999508166 5.876815323
-0.380344603 0.924539754 -0.023753455 12.206913641 -0.924810523 -0.379983764 0.018380292 -157.430810392 0.007967383 0.028958290 0.999548867 5.908054676
-0.339682920 0.940315577 -0.020545806 12.052763673 -0.940437428 -0.339242197 0.022185052 -157.986223666 0.013890946 0.026857929 0.999542742 5.938455782
-0.300069528 0.953696320 -0.020533078 11.960743794 -0.953754028 -0.299550370 0.024956564 -158.564016405 0.017650293 0.027072210 0.999477645 5.916670895
-0.258946535 0.965739201 -0.017160623 11.930355398 -0.965764553 -0.258583376 0.020819856 -159.138384995 0.015669100 0.021964351 0.999635957 5.986423161
-0.215088158 0.976506836 -0.013095170 11.698112836 -0.976511333 -0.214875339 0.015943794 -159.730326953 0.012755394 0.016216903 0.999787133 6.012470983
-0.178818468 0.983732967 -0.017129087 11.593975888 -0.983832797 -0.178608152 0.013120780 -160.295324300 0.009847949 0.019198396 0.999767193 6.000071324
-0.144103980 0.989463381 -0.014009327 11.526826142 -0.989540082 -0.143990863 0.008778262 -160.936866970 0.006668553 0.015127773 0.999863331 6.002157368
-0.114440372 0.993356680 -0.012079193 11.495390559 -0.993424651 -0.114390940 0.004709092 -161.533415505 0.003296058 0.012538678 0.999915955 5.959658551
-0.089848529 0.995926130 -0.007641089 11.485577946 -0.995950645 -0.089821640 0.003792917 -162.095417071 0.003091130 0.007950936 0.999963613 5.967434147
-0.070623737 0.997503012 -0.000170020 11.452736523 -0.997502837 -0.070623827 -0.000605102 -162.740476213 -0.000615599 0.000126861 0.999999802 5.936412720
-0.055897944 0.998436394 0.000433445 11.537659452 -0.998435759 -0.055898423 0.001184267 -163.362841123 0.001206644 -0.000366569 0.999999205 5.897042911
-0.048203002 0.998791389 0.009603733 11.527631891 -0.998836512 -0.048214650 0.000984959 -164.013192507 0.001446810 -0.009545081 0.999953398 5.937200562
-0.043893692 0.998967268 0.011736339 11.523542201 -0.999027654 -0.043938899 0.003622035 -164.686910198 0.004133976 -0.011565943 0.999924567 5.936041054
-0.041536294 0.999076899 0.010958349 11.563537112 -0.999106737 -0.041617896 0.007326554 -165.341227640 0.007775854 -0.010644243 0.999913114 5.902456328
-0.040728447 0.999076207 0.013708615 11.511029140 -0.999133711 -0.040840463 0.007992782 -166.016400260 0.008545264 -0.013371206 0.999874087 5.944213102
-0.045277959 0.998913571 0.011026479 11.411443823 -0.998963883 -0.045325437 0.004094521 -166.673865039 0.004589852 -0.010829663 0.999930823 5.965980241
-0.050433195 0.998619454 0.014686042 11.387308123 -0.998727427 -0.050429780 -0.000602992 -167.335218834 0.000138454 -0.014697764 0.999891972 5.943179401
-0.058818598 0.998134018 0.016396763 11.366354192 -0.998268688 -0.058810726 -0.000962328 -167.996264724 0.000003774 -0.016424978 0.999865101 5.987483100
-0.065140984 0.997684191 0.019568017 11.344832832 -0.997843926 -0.065283757 0.006747641 -168.627100629 0.008009488 -0.019086279 0.999785758 5.951579657
-0.070429134 0.997317830 0.019921931 11.371693741 -0.997398406 -0.070714404 0.013996163 -169.316925820 0.015367390 -0.018884365 0.999703568 5.979432919
-0.074639656 0.997041924 0.018339111 11.302995026 -0.997003025 -0.074986687 0.019025380 -169.944052008 0.020344291 -0.016864101 0.999650795 6.018548515
-0.083491199 0.996367443 0.016767159 11.175814607 -0.996344740 -0.083770702 0.016722111 -170.633630953 0.018065964 -0.015309721 0.999719577 6.067079504
-0.092479222 0.995670547 0.009367798 11.168475956 -0.995636710 -0.092585579 0.011638386 -171.353154160 0.012455321 -0.008250615 0.999888390 6.029954195
-0.098526069 0.995134225 -0.000698541 11.106983579 -0.995081866 -0.098513619 0.010351170 -172.085042276 0.010231988 0.001714965 0.999946181 6.019055665
-0.107560675 0.994117145 -0.012720175 10.961034186 -0.994163819 -0.107441218 0.009730628 -172.946422212 0.008306713 0.013692570 0.999871748 6.045204029
-0.111848674 0.993671107 -0.010373287 10.948813829 -0.993667143 -0.111723152 0.011981103 -173.664864454 0.010746340 0.011647665 0.999874416 6.055002584
-0.115049113 0.993359699 -0.000458188 10.870391080 -0.993228063 -0.115026331 0.016338832 -174.328329423 0.016177634 0.002334853 0.999866407 6.094561239
-0.118742955 0.992912164 -0.005054248 10.762857825 -0.992816252 -0.118653064 0.015405842 -175.015950462 0.014696946 0.006847274 0.999868549 6.125917640
-0.120399468 0.992686974 -0.008748705 10.683963360 -0.992650083 -0.120276997 0.013388683 -175.655552235 0.012238504 0.010296393 0.999872093 6.131177205
-0.120723890 0.992675457 -0.004602012 10.612137916 -0.992590373 -0.120646560 0.014448489 -176.378964858 0.013787444 0.006312190 0.999885025 6.108121799
-0.118199083 0.992973238 -0.005755480 10.611092003 -0.992935448 -0.118129905 0.011158881 -177.130044783 0.010400576 0.007033789 0.999921174 6.126266780
-0.117820755 0.992924940 -0.014776122 10.529263358 -0.992988307 -0.117658080 0.011436675 -177.982019571 0.009617229 0.016019994 0.999825419 6.138170899
-0.116511234 0.993105002 -0.012945543 10.514907119 -0.993138643 -0.116363645 0.011624928 -178.703330492 0.010038384 0.014211154 0.999848626 6.140156566
-0.115284944 0.993330147 -0.002145008 10.473396286 -0.993286907 -0.115258708 0.009826000 -179.442044408 0.009513232 0.003263398 0.999949423 6.118096583
-0.113927818 0.993470569 -0.006056476 10.362744086 -0.993440859 -0.113860146 0.010541692 -180.207531594 0.009783270 0.007217743 0.999926093 6.119168379
-0.112045541 0.993648916 -0.010374363 10.186020586 -0.993686806 -0.111977864 0.006891324 -180.948424826 0.005685857 0.011081010 0.999922438 6.111210698
-0.111912316 0.993664639 -0.010306199 10.091418531 -0.993716802 -0.111889482 0.002768025 -181.702173800 0.001597333 0.010551219 0.999943059 6.117421688
-0.112061763 0.993686172 -0.005472878 10.066244879 -0.993694703 -0.112039344 0.004245212 -182.445372033 0.003605230 0.005914096 0.999976013 6.077644154
-0.112150626 0.993687387 -0.002759199 9.963694172 -0.993659972 -0.112124648 0.008241516 -183.110519518 0.007880116 0.003665997 0.999962231 6.236341692
-0.112384818 0.993664270 -0.000985593 9.858084802 -0.993604920 -0.112367110 0.011085824 -184.069508408 0.010904839 0.002225168 0.999938065 6.220246843
-0.112782338 0.993617877 0.001912958 9.763238132 -0.993508358 -0.112798312 0.014754083 -184.952551937 0.014875699 -0.000236540 0.999889323 6.174861395
-0.112290019 0.993668593 0.003698597 9.693225348 -0.993599674 -0.112326649 0.011933656 -185.726021443 0.012273550 -0.002334894 0.999921951 6.163902368
-0.112400458 0.993660635 0.002163395 9.565513179 -0.993617579 -0.112415870 0.009315491 -186.494795936 0.009499637 -0.001102522 0.999954270 6.208305024
-0.111847269 0.993719880 0.003314869 9.510607453 -0.993677708 -0.111873962 0.009424975 -187.250131549 0.009736632 -0.002239753 0.999950090 6.260512483
-0.111997270 0.993700760 0.003925636 9.492221680 -0.993594678 -0.112043361 0.014693579 -188.057038074 0.015040862 -0.002254851 0.999884337 6.254734782
-0.115007389 0.993351900 0.005030229 9.353235992 -0.993212067 -0.115076999 0.016943284 -188.814351001 0.017409507 -0.003047481 0.999843799 6.301770730
-0.117362681 0.993077027 0.004901044 9.214725168 -0.992908578 -0.117434016 0.018488029 -189.612037225 0.018935586 -0.002696484 0.999817070 6.342514553
-0.121729937 0.992547141 0.005656391 9.100856710 -0.992351547 -0.121819693 0.019959218 -190.414609085 0.020499524 -0.003183494 0.999784794 6.351071616
-0.123633969 0.992325000 0.002395225 9.057092374 -0.992117658 -0.123657098 0.020284844 -191.190100825 0.020425344 0.000131551 0.999791372 6.300365068
-0.127965909 0.991761936 -0.005743636 9.003061975 -0.991615672 -0.127837788 0.018864200 -191.992016143 0.017974542 0.008109454 0.999805557 6.338121606
-0.129439100 0.991506988 -0.012625839 8.893110528 -0.991490989 -0.129238496 0.015589388 -192.830960899 0.013825242 0.014536282 0.999798759 6.380739448
-0.128928910 0.991625202 -0.007536314 8.748346382 -0.991549483 -0.128801368 0.015486481 -193.720147947 0.014386098 0.009469283 0.999851675 6.279955456
-0.129593031 0.991511086 -0.010555226 8.630488857 -0.991475451 -0.129428829 0.014986950 -194.572316941 0.013493577 0.012407451 0.999831975 6.300906641
-0.131048243 0.991268713 -0.014584147 8.523502871 -0.991281250 -0.130818163 0.015750931 -195.402729750 0.013705534 0.016521124 0.999769579 6.343324452
-0.129847726 0.991463465 -0.011822218 8.378789645 -0.991432116 -0.129654285 0.015878498 -196.270865630 0.014210149 0.013782713 0.999804035 6.350282889
-0.129070843 0.991523874 -0.014870232 8.358202445 -0.991533716 -0.128828382 0.016252330 -197.037457292 0.014198865 0.016842039 0.999757340 6.379930475
-0.129049787 0.991436679 -0.019986585 8.280785216 -0.991529182 -0.128710660 0.017419743 -197.844322331 0.014698086 0.022065297 0.999648483 6.399937717
-0.123834356 0.992144143 -0.017749681 8.143695288 -0.992209520 -0.123557498 0.015931495 -198.677234063 0.013613233 0.019584268 0.999715528 6.388332989
-0.117325048 0.992858334 -0.021613932 8.024574459 -0.993000053 -0.116987542 0.016272977 -199.515596218 0.013628200 0.023371863 0.999633947 6.367701103
-0.115675259 0.992886414 -0.028209987 7.939018231 -0.993206668 -0.115257851 0.016004426 -200.311161986 0.012639155 0.029869663 0.999473889 6.381891278
-0.115087588 0.993122446 -0.021509384 7.843687559 -0.993207000 -0.114669215 0.019769348 -201.153844525 0.017166919 0.023638477 0.999573169 6.466734265
-0.113213533 0.993557822 -0.005054775 7.730866045 -0.993242865 -0.113044038 0.026261322 -201.991498487 0.025520730 0.007993757 0.999642332 6.556335684
-0.113718062 0.993498078 -0.005456254 7.739891256 -0.993145692 -0.113524964 0.027815767 -202.803786086 0.027015490 0.008582010 0.999598175 6.564539342
-0.112570060 0.993513986 -0.016060518 7.671119833 -0.993453815 -0.112217785 0.021370197 -203.712884807 0.019429314 0.018361027 0.999642623 6.552254540
-0.114162873 0.993257425 -0.020162477 7.589983213 -0.993385393 -0.113878442 0.014736395 -204.534459776 0.012340963 0.021711459 0.999688108 6.405816592
-0.116062781 0.993046272 -0.019711218 7.450580732 -0.993211231 -0.115880442 0.010157466 -205.394752306 0.007802689 0.020756307 0.999754117 6.455476411
-0.117683297 0.992968917 -0.012781661 7.375350234 -0.992955333 -0.117483370 0.015406651 -206.189764074 0.013796693 0.014504724 0.999799612 6.581447754
-0.117022670 0.993127637 -0.001786342 7.298373100 -0.992985388 -0.116974916 0.017230432 -207.020103218 0.016903061 0.003790163 0.999849949 6.655068641
-0.116737821 0.993145842 0.005798112 7.173459229 -0.992987369 -0.116824930 0.018111363 -207.843944248 0.018664589 -0.003643171 0.999819164 6.670479110
-0.117742602 0.993027785 0.005700638 7.120862566 -0.992940767 -0.117811236 0.013753062 -208.791435258 0.014328771 -0.004041075 0.999889172 6.642314493
-0.119882233 0.992765355 0.006723116 7.065866883 -0.992750484 -0.119933905 0.007895300 -209.654594566 0.008644510 -0.005727870 0.999946231 6.663230161
-0.118550794 0.992930616 0.005873806 6.924777779 -0.992931303 -0.118581022 0.005096026 -210.496516338 0.005756522 -0.005228148 0.999969764 6.637596439
-0.118763955 0.992919117 0.002598225 6.772699616 -0.992898652 -0.118778836 0.006622260 -211.328699743 0.006883983 -0.001793289 0.999974697 6.723859054
-0.118192636 0.992988174 0.002233207 6.658459550 -0.992916082 -0.118211025 0.011991947 -212.250048680 0.012171852 -0.000800027 0.999925600 6.719294067
-0.117510293 0.993070927 -0.001210148 6.572758608 -0.992931681 -0.117473181 0.016933081 -213.134304063 0.016673590 0.003191406 0.999855893 6.711775962
-0.117034700 0.993124710 -0.002487848 6.504271029 -0.993000256 -0.116979149 0.016320869 -213.993416861 0.015917632 0.004380542 0.999863711 6.744009482
-0.116826680 0.993072913 -0.012558503 6.367698158 -0.993069183 -0.116643950 0.014414806 -214.812317384 0.012850080 0.014155496 0.999817232 6.741703270
-0.115839189 0.993198386 -0.011757929 6.283981035 -0.993241143 -0.115740923 0.008721867 -215.633656345 0.007301670 0.012688793 0.999892834 6.774998184
-0.115045511 0.993342880 -0.005869682 6.239000172 -0.993333435 -0.114997007 0.008023427 -216.539292712 0.007295018 0.006753611 0.999950585 6.812305844
-0.113699280 0.993507035 0.004030524 6.155989097 -0.993484210 -0.113726844 0.007438344 -217.416217299 0.007848426 -0.003158528 0.999964212 6.876332656
-0.114553340 0.993404527 0.004997784 6.066672387 -0.993393176 -0.114584045 0.006363459 -218.379543293 0.006894155 -0.004235810 0.999967264 6.847684896
-0.118119421 0.992987910 0.004776276 5.928838820 -0.992971333 -0.118150879 0.006949936 -219.271997521 0.007465524 -0.003921782 0.999964442 6.857423090
-0.120084330 0.992756360 0.003816236 5.866520983 -0.992741731 -0.120106356 0.006190193 -220.137484676 0.006603707 -0.003045191 0.999973559 6.861401133
-0.120702891 0.992677731 0.004661956 5.739835583 -0.992665014 -0.120731110 0.006337853 -221.025042873 0.006854289 -0.003862764 0.999969048 6.877585545
-0.123905712 0.992285646 0.004070791 5.611680434 -0.992278979 -0.123925364 0.004993175 -221.913487515 0.005459130 -0.003420677 0.999979248 6.849767147
-0.125328789 0.992096309 0.006132568 5.497503865 -0.992093634 -0.125364479 0.005828269 -222.872002893 0.006551011 -0.005353632 0.999964211 6.869222262
-0.125864904 0.992044163 -0.002530615 5.379694098 -0.991985502 -0.125828149 0.011490891 -223.841328693 0.011081048 0.003956633 0.999930775 6.961128382
-0.127285142 0.991863392 0.002346210 5.267443120 -0.991771510 -0.127305318 0.013513959 -224.828100405 0.013702686 -0.000606778 0.999905930 6.963064880
-0.131047552 0.991368343 0.003917596 5.096887858 -0.991327699 -0.131079175 0.009361804 -225.737849054 0.009794511 -0.002656780 0.999948503 6.963599804
-0.132318015 0.991113717 0.013621424 4.992124024 -0.991202905 -0.132345929 0.001164675 -226.688076690 0.002957065 -0.013347487 0.999906546 6.951963776
-0.135486980 0.990625869 0.017425993 4.931511487 -0.990779105 -0.135462322 -0.002593188 -227.534290478 -0.000208313 -0.017616653 0.999844793 6.946483431
-0.136419002 0.990435410 0.020677370 4.886182045 -0.990651177 -0.136396000 -0.002525325 -228.450449220 0.000319140 -0.020828564 0.999783011 7.018403031
-0.135512729 0.990378453 0.028050312 4.743175208 -0.990770457 -0.135548973 -0.000614114 -229.259711105 0.003193986 -0.027874641 0.999606324 7.068682929
-0.135505520 0.990480377 0.024225520 4.596626983 -0.990735690 -0.135681587 0.005770546 -230.061402622 0.009002569 -0.023219146 0.999689864 7.071649553
-0.136259628 0.990483899 0.019363873 4.517043556 -0.990575595 -0.136494496 0.011368529 -230.876782634 0.013903407 -0.017632309 0.999747867 7.089017468
-0.136204527 0.990541806 0.016590894 4.331040362 -0.990569296 -0.136421293 0.012716115 -231.822118503 0.014859195 -0.014702438 0.999781497 7.095601512
-0.134432817 0.990841091 0.012718120 4.210150653 -0.990869637 -0.134547379 0.008623563 -232.719476941 0.010255770 -0.011442709 0.999881935 7.075423128
-0.131182011 0.991289526 0.011677181 4.134120264 -0.991312935 -0.131279592 0.008020794 -233.641431026 0.009483905 -0.010523557 0.999899650 7.083369173
-0.129577331 0.991436681 0.016217963 4.057880040 -0.991483889 -0.129763532 0.011005630 -234.418232894 0.013015886 -0.014653768 0.999807908 7.118376425
-0.128223416 0.991425402 0.025187851 3.967385129 -0.991574388 -0.128631466 0.015302915 -235.268811794 0.018411649 -0.023013436 0.999565602 7.147471399
-0.124636211 0.991875530 0.025470529 3.838352217 -0.992113461 -0.124927869 0.010193486 -236.180846872 0.013292648 -0.023999177 0.999623602 7.180480205
-0.120645390 0.992544361 0.017331535 3.744995796 -0.992684007 -0.120710210 0.002740053 -237.086795711 0.004811717 -0.016874163 0.999846043 7.151174276
-0.119267693 0.992435114 0.029116342 3.652210866 -0.992839416 -0.119412049 0.003264303 -237.971762906 0.006716451 -0.028518526 0.999570699 7.180995960
-0.117359489 0.992781712 0.024722902 3.589253375 -0.992988519 -0.117666193 0.011334384 -238.796783374 0.014161619 -0.023219361 0.999630087 7.236770478
-0.116764868 0.992834757 0.025399016 3.474781662 -0.992976443 -0.117196264 0.016211720 -239.579262501 0.019072229 -0.023327666 0.999545932 7.263431264
-0.114904985 0.992917130 0.030206251 3.348192133 -0.993225014 -0.115365335 0.013961070 -240.364306109 0.017346940 -0.028397408 0.999446182 7.292220038
-0.113044947 0.993289473 0.024430785 3.285375947 -0.993543871 -0.113242147 0.006840450 -241.270078000 0.009561142 -0.023499778 0.999678121 7.315580064
-0.110116934 0.993625389 0.024142217 3.215235257 -0.993901301 -0.110225993 0.003230069 -242.203305591 0.005870579 -0.023639295 0.999703316 7.307739804
-0.108556604 0.993884826 0.020209295 3.129222153 -0.994077162 -0.108637134 0.002927290 -242.991039148 0.005104869 -0.019771822 0.999791486 7.327740225
-0.104795688 0.994239654 0.022480528 3.038357130 -0.994473231 -0.104912037 0.004056864 -243.822766653 0.006391973 -0.021931141 0.999739050 7.373935985
-0.104642898 0.994267070 0.021974035 2.972173064 -0.994481051 -0.104782503 0.005297734 -244.639138416 0.007569856 -0.021298391 0.999744505 7.379017173
-0.103687661 0.994388322 0.020993674 2.902793080 -0.994576075 -0.103835131 0.006057752 -245.414776908 0.008203639 -0.020251691 0.999761256 7.396731296
-0.102050148 0.994569914 0.020407210 2.818154395 -0.994748326 -0.102187267 0.005790475 -246.199248441 0.007844389 -0.019709119 0.999774983 7.413886470
-0.102464941 0.994468818 0.023080416 2.681193930 -0.994733818 -0.102492104 -0.000006086 -247.013355302 0.002359508 -0.022959494 0.999733612 7.426442873
-0.102082025 0.994589025 0.019285539 2.681828039 -0.994774651 -0.102030960 -0.003616078 -247.788013781 -0.001628789 -0.019553902 0.999807477 7.390760257
-0.101894443 0.994665969 0.016035328 2.614735369 -0.994795212 -0.101879662 -0.001738124 -248.471194336 -0.000095179 -0.016128973 0.999869915 7.452903186
-0.102581126 0.994517982 0.020275482 2.556671209 -0.994723621 -0.102588908 -0.000658668 -249.229855754 0.001424982 -0.020236068 0.999794214 7.515333528
-0.102483688 0.994513660 0.020968418 2.513851577 -0.994711719 -0.102601790 0.004633457 -249.971939075 0.006759433 -0.020382677 0.999769402 7.503908163
-0.103537863 0.994422936 0.020073245 2.355433032 -0.994579267 -0.103706577 0.007551709 -250.689395768 0.009591320 -0.019182545 0.999769992 7.518186272
-0.105456729 0.994287526 0.016467957 2.241800768 -0.994377558 -0.105597217 0.007905735 -251.336816664 0.009599544 -0.015541654 0.999833139 7.533806071
-0.110421956 0.993803784 0.012689745 2.212606487 -0.993843587 -0.110524647 0.007695962 -252.046860214 0.009050806 -0.011761818 0.999889865 7.538466214
-0.116857937 0.993023066 0.015792839 2.182236536 -0.993110571 -0.116977915 0.006896458 -252.769806690 0.008695756 -0.014878130 0.999851502 7.566593332
-0.125139445 0.992000983 0.016558053 2.113907838 -0.992092477 -0.125278032 0.007611323 -253.409566317 0.009624800 -0.015474643 0.999833936 7.606424178
-0.136611491 0.990590640 0.008214856 2.020081760 -0.990564449 -0.136689945 0.009896000 -254.051367558 0.010925773 -0.006785437 0.999917289 7.662052790
-0.146824719 0.989124519 0.008671060 1.882945432 -0.989091536 -0.146913561 0.010692914 -254.673846240 0.011850520 -0.007006488 0.999905233 7.693589631
-0.160254990 0.987061803 0.005228221 1.809834168 -0.987028018 -0.160297043 0.008974956 -255.342729761 0.009696905 -0.003722119 0.999946056 7.696344312
-0.174099720 0.984726791 0.001560532 1.686654395 -0.984709844 -0.174105917 0.005801029 -255.917341101 0.005984127 -0.000526713 0.999981956 7.729839649
-0.185829917 0.982581568 -0.000839271 1.539165961 -0.982576886 -0.185826160 0.003361637 -256.512030958 0.003147124 0.001449341 0.999993997 7.691239802
-0.196848676 0.980428412 0.003275366 1.428133034 -0.980433754 -0.196849264 -0.000145079 -257.017324399 0.000502514 -0.003239838 0.999994625 7.665655129
-0.208829355 0.977951768 0.000800191 1.252725466 -0.977950793 -0.208827672 -0.001802847 -257.681640360 -0.001595995 -0.001159035 0.999998055 7.645899442
-0.220813267 0.975301331 -0.005367954 1.101182465 -0.975313478 -0.220822098 -0.001104751 -258.264715443 -0.002262827 0.004991494 0.999984982 7.616463373
-0.231013955 0.972936915 -0.005129436 0.951302754 -0.972950412 -0.231009539 0.001445498 -258.706049956 0.000221429 0.005324616 0.999985800 7.680985804
-0.241224591 0.970399598 -0.011632546 0.827830059 -0.970467833 -0.241185928 0.004640298 -259.203249920 0.001697337 0.012408366 0.999921573 7.713835733
-0.248541894 0.968561740 -0.010727707 0.700563776 -0.968615081 -0.248485896 0.006291638 -259.604548125 0.003428156 0.011954755 0.999922663 7.749254984
-0.256959526 0.966328801 -0.013433180 0.551601148 -0.966411422 -0.256866303 0.008286522 -260.030346286 0.004556973 0.015111279 0.999875434 7.779284563
-0.264086164 0.964449581 -0.009772582 0.427065031 -0.964484959 -0.264013888 0.008088889 -260.467000942 0.005221228 0.011561672 0.999919530 7.778226968
-0.268096673 0.963256691 -0.016146850 0.288112575 -0.963387835 -0.268008481 0.007438666 -260.867745512 0.002837852 0.017549961 0.999841960 7.749725988
-0.272550023 0.962060582 -0.012486859 0.219664761 -0.962141497 -0.272520657 0.004028731 -261.297866910 0.000472956 0.013112156 0.999913920 7.733927931
-0.272417394 0.962086250 -0.013372039 0.096783551 -0.962178735 -0.272404241 0.002830410 -261.704756556 -0.000919502 0.013637345 0.999906584 7.718178599
-0.270654844 0.962494776 -0.018701890 0.029865101 -0.962676261 -0.270616025 0.004624270 -262.039015674 -0.000610195 0.019255447 0.999814410 7.722780457
-0.265848956 0.963790771 -0.020776953 -0.046507814 -0.964014457 -0.265771991 0.006432393 -262.347423284 0.000677548 0.021739328 0.999763443 7.748431631
-0.259961385 0.965438845 -0.018652483 -0.112814651 -0.965614348 -0.259851580 0.008129420 -262.681061591 0.003001581 0.020124440 0.999792977 7.744362678
-0.248285459 0.968472019 -0.020402909 -0.231450552 -0.968671989 -0.248109648 0.010778722 -262.935692803 0.005376732 0.022439927 0.999733735 7.772714416
-0.233539659 0.972178284 -0.018127680 -0.275264638 -0.972321104 -0.233355994 0.011689780 -263.245046960 0.007134347 0.020355953 0.999767341 7.840496933
-0.217721221 0.975862917 -0.017001092 -0.323956954 -0.975962268 -0.217503257 0.013783469 -263.572017737 0.009752984 0.019593378 0.999760461 7.890469700
-0.198288084 0.979975234 -0.018176282 -0.369201511 -0.980064313 -0.198001767 0.016408601 -263.821664000 0.012481086 0.021067555 0.999700145 7.862625515
-0.177106654 0.983917918 -0.023211291 -0.393881811 -0.984128747 -0.176779405 0.015480646 -264.036163277 0.011128407 0.025584624 0.999610717 7.854437530
-0.152458928 0.987891280 -0.028759230 -0.435944233 -0.988248345 -0.152060362 0.015583780 -264.289480586 0.011021941 0.030797148 0.999464883 7.843893590
-0.122200900 0.992101755 -0.028302785 -0.464853682 -0.992438369 -0.121811575 0.015100443 -264.548330279 0.011533569 0.029934057 0.999485332 7.853628949
-0.088291329 0.995775150 -0.025228775 -0.413825459 -0.996044747 -0.088004941 0.012247154 -264.842133297 0.009975154 0.026210306 0.999606681 7.843502809
-0.055612149 0.998119214 -0.025793862 -0.405754960 -0.998408575 -0.055348971 0.010807792 -265.087900189 0.009359802 0.026353857 0.999608858 7.836068394
-0.018527992 0.999517081 -0.024946293 -0.363663952 -0.999810152 -0.018371381 0.006492549 -265.339181852 0.006031115 0.025061851 0.999667709 7.831879248
0.022415226 0.999459265 -0.024056904 -0.338430652 -0.999730438 0.022553954 0.005510868 -265.639082200 0.006050466 0.023926892 0.999695401 7.837750853
0.063326849 0.997880801 -0.014953811 -0.240577734 -0.997983861 0.063382734 0.003292824 -265.865761501 0.004233659 0.014715138 0.999882764 7.801825211
0.109055900 0.993952597 -0.012846975 -0.128786741 -0.994019516 0.109118588 0.004282025 -266.142162561 0.005657973 0.012303164 0.999908306 7.825337093
0.157674370 0.987434422 -0.010585582 -0.036112545 -0.987459527 0.157746063 0.006313697 -266.390597279 0.007904196 0.009457325 0.999924038 7.847737008
0.209296435 0.977814026 -0.008644810 0.085220973 -0.977794412 0.209372023 0.009024657 -266.679706751 0.010634418 0.006564018 0.999921908 7.857427478
0.260995465 0.965301488 -0.008625773 0.164031790 -0.965248112 0.261083499 0.011466885 -266.906935412 0.013321048 0.005333206 0.999897048 7.852280690
0.315197382 0.948943051 -0.012557748 0.184349183 -0.948910698 0.315337832 0.011425348 -267.258985468 0.014801937 0.008314942 0.999855872 7.862369958
0.372227349 0.927904823 -0.020962826 0.296509984 -0.927951644 0.372513151 0.011819446 -267.468308767 0.018776249 0.015052968 0.999710388 7.894758309
0.427714641 0.903489432 -0.027695334 0.419613962 -0.903644109 0.428134689 0.011314233 -267.707040872 0.022079623 0.020187462 0.999552378 7.919924737
0.483478704 0.874980705 -0.025634121 0.592662491 -0.875089156 0.483847153 0.010530966 -267.970609273 0.021617389 0.017340644 0.999615922 7.929136823
0.537301349 0.843115409 -0.021532934 0.828795659 -0.843098565 0.537611902 0.012579890 -268.188001869 0.022182661 0.011395194 0.999688991 7.927326497
0.590485791 0.806884649 -0.016238618 1.091050631 -0.806672701 0.590705270 0.018612815 -268.498115547 0.024610632 0.002108647 0.999694889 7.945386294
0.642576716 0.766115519 -0.012734824 1.389595873 -0.765740877 0.642673569 0.024730408 -268.826580294 0.027130685 -0.006139609 0.999613041 7.879441323
0.692687691 0.721049824 -0.016459459 1.671185028 -0.720607221 0.692855946 0.025997523 -269.099899734 0.030149544 -0.006147359 0.999526495 7.942448337
0.739473761 0.672994325 -0.016037317 2.003483527 -0.672636892 0.739623044 0.022745629 -269.287390957 0.027169248 -0.006032504 0.999612645 7.959915044
0.780190102 0.625456113 -0.010394962 2.318656342 -0.625154213 0.780183578 0.022266436 -269.459818188 0.022036657 -0.010873598 0.999698030 7.964841960
0.815662449 0.578504193 -0.005259938 2.665414110 -0.578223413 0.815494212 0.025037462 -269.633997348 0.018773726 -0.017380698 0.999672676 7.970794323
0.846445370 0.532469242 -0.002596676 3.028589845 -0.532175635 0.846122174 0.029433982 -269.799386136 0.017869796 -0.023532370 0.999563354 7.914987101
0.872852373 0.487977702 -0.002549108 3.414108283 -0.487671581 0.872468008 0.031241066 -269.978744866 0.017468959 -0.026025711 0.999508628 7.924558823
0.894861320 0.446342283 -0.001335801 3.880789483 -0.446042344 0.894362032 0.034099602 -270.145198706 0.016414784 -0.029918591 0.999417547 7.942988723
0.912027602 0.410122712 -0.002239295 4.320432679 -0.409720863 0.911350282 0.039616626 -270.281721632 0.018288460 -0.035213971 0.999212444 7.953408082
0.925006769 0.379942061 -0.002551075 4.788180367 -0.379314476 0.923825587 0.051641201 -270.388298511 0.021977413 -0.046800801 0.998662445 7.942873347
0.936022851 0.351926248 -0.003022928 5.280060945 -0.351416389 0.935065836 0.046458619 -270.488854462 0.019176644 -0.042424022 0.998915641 7.952338837
0.944875881 0.327403381 -0.004073628 5.831357640 -0.326970811 0.944139187 0.041125233 -270.705735227 0.017310612 -0.037526284 0.999145695 7.972681410
0.952275738 0.305178904 -0.006062664 6.386324234 -0.304676308 0.951537980 0.041806937 -270.877313105 0.018527450 -0.037964581 0.999107314 8.011954929
0.959671550 0.281038592 -0.006915613 6.956930436 -0.280482750 0.958854066 0.043912502 -271.054712897 0.018972171 -0.040201869 0.999011445 8.060508260
0.966594063 0.256241223 -0.006029425 7.518047118 -0.255706901 0.965660377 0.045978445 -271.201967557 0.017603950 -0.042900726 0.998924236 8.050193042
0.973792075 0.227385910 -0.004964040 8.189006453 -0.226943433 0.972875753 0.044826871 -271.427928729 0.015022393 -0.042525496 0.998982437 8.027263646
0.979676451 0.200486533 -0.006261148 8.833862152 -0.200075537 0.978937284 0.040639557 -271.620787790 0.014276955 -0.038560914 0.999154255 8.072486605
0.983347369 0.181187755 -0.014104903 9.464266271 -0.180540715 0.982820108 0.038336469 -271.647566172 0.020808681 -0.035151557 0.999165335 8.139187994
0.986424417 0.163143338 -0.018738225 10.048712921 -0.162209958 0.985791470 0.043624609 -271.779285222 0.025589046 -0.039992853 0.998872250 8.146327766
0.988332467 0.150647475 -0.022456021 10.757011208 -0.149386083 0.987512996 0.050018815 -271.877695451 0.029710821 -0.046080601 0.998495791 8.180244887
0.990499953 0.136044469 -0.020043605 11.530271663 -0.134868719 0.989525002 0.051484938 -271.912682110 0.026837889 -0.048292574 0.998472611 8.180679223
0.992560919 0.121220851 -0.011328194 12.319595753 -0.120508646 0.991434596 0.050349852 -272.045576399 0.017334616 -0.048610150 0.998667394 8.192915450
0.993828567 0.110806018 -0.005177518 13.118944158 -0.110402744 0.992586479 0.050826324 -272.124767136 0.010770997 -0.049941040 0.998694086 8.155890771
0.994677778 0.102949574 -0.004183580 13.860097930 -0.102625459 0.993526158 0.048721536 -272.176401043 0.009172358 -0.048032887 0.998803639 8.167385472
0.995370394 0.095712110 -0.008773344 14.599606176 -0.095223179 0.994429126 0.045202432 -272.196027928 0.013050889 -0.044157737 0.998939322 8.213181490
0.995662122 0.092264707 -0.012006762 15.436973450 -0.091488023 0.994331206 0.054179285 -272.330082055 0.016937533 -0.052845787 0.998459034 8.215252628
0.995885398 0.089783546 -0.012295898 16.269482601 -0.088999645 0.994572127 0.053901280 -272.398019343 0.017068605 -0.052585167 0.998470562 8.251927332
0.996112367 0.087290783 -0.011852037 17.132915685 -0.086523204 0.994756569 0.054526180 -272.479946337 0.016549524 -0.053288726 0.998441999 8.231714403
0.996150845 0.086705934 -0.012867570 17.990779517 -0.085909400 0.994885051 0.053134831 -272.603649742 0.017408858 -0.051824861 0.998504439 8.322226556
0.995799727 0.090329072 -0.014952033 18.900594240 -0.089421068 0.994577893 0.053091315 -272.598692609 0.019666650 -0.051531290 0.998477716 8.309655166
0.995378652 0.094524403 -0.016925632 19.829590975 -0.093593353 0.994391951 0.049243607 -272.662684751 0.021485434 -0.047431908 0.998643375 8.349542010
0.995043974 0.098588860 -0.012950891 20.682903664 -0.097791274 0.993841063 0.052123018 -272.764576517 0.018009877 -0.050598211 0.998556691 8.363922816
0.994844454 0.101100828 -0.007945789 21.583305690 -0.100672078 0.993995320 0.042876997 -272.902946025 0.012232977 -0.041856023 0.999048761 8.390238339
0.994660604 0.103058424 -0.005407819 22.536877172 -0.102797944 0.994044481 0.036168391 -273.001312119 0.009103070 -0.035419361 0.999331078 8.414961246
0.994355082 0.106021421 -0.004174756 23.442493772 -0.105771094 0.993584000 0.040041353 -273.113876313 0.008393212 -0.039373754 0.999189302 8.412423302
0.993833201 0.110579797 -0.008226573 24.448622567 -0.110139659 0.993018787 0.042224917 -273.211825305 0.012838365 -0.041058453 0.999074261 8.421824335
0.993355994 0.114368360 -0.012796351 25.405429236 -0.113792236 0.992732768 0.039153269 -273.280162109 0.017181252 -0.037437009 0.999151277 8.464666009
0.993097849 0.115858147 -0.018263427 26.299812956 -0.115067988 0.992567836 0.039603658 -273.374166192 0.022716096 -0.037228771 0.999048546 8.502850499
0.992617682 0.119789677 -0.018988685 27.242152204 -0.118917818 0.992022863 0.041823346 -273.461586395 0.023847214 -0.039256500 0.998944562 8.558278804
0.992739812 0.119530774 -0.013418628 28.248260588 -0.118910922 0.992094465 0.040109415 -273.581881917 0.018106856 -0.038222592 0.999105187 8.543851528
0.992824221 0.119419739 -0.006244415 29.262728995 -0.119223785 0.992536132 0.025645966 -273.738968066 0.009260442 -0.024717453 0.999651585 8.559156703
0.992850257 0.119334965 -0.002744606 30.239750734 -0.119224715 0.992529023 0.025915349 -273.915207347 0.005816709 -0.025402836 0.999660373 8.559000199
0.992685172 0.120591833 -0.005810208 31.256431630 -0.120389159 0.992344335 0.027553077 -274.010014857 0.009088403 -0.026652045 0.999603456 8.519156269
0.992666211 0.120434270 -0.010458512 32.192367540 -0.120034464 0.992225386 0.032871124 -274.113952921 0.014336011 -0.031374673 0.999404877 8.575876733
0.992803225 0.118494896 -0.017341185 33.169662149 -0.117901556 0.992510543 0.031969447 -274.189813200 0.020999525 -0.029694818 0.999338400 8.657500208
0.992782473 0.118904488 -0.015642391 34.185078430 -0.118290001 0.992339541 0.035633005 -274.272271053 0.019759487 -0.033525485 0.999242515 8.687923289
0.992887655 0.118624253 -0.010118872 35.207160820 -0.118180264 0.992310190 0.036795531 -274.350141867 0.014405902 -0.035337977 0.999271583 8.669835625
0.993025623 0.117791925 -0.005017388 36.192714170 -0.117490490 0.992229030 0.040957738 -274.443478498 0.009802889 -0.040082588 0.999148282 8.665467678
0.993470969 0.114018862 -0.003890086 37.204053146 -0.113739315 0.992536155 0.043992607 -274.574928801 0.008877038 -0.043262923 0.999024283 8.690525028
0.993328787 0.115226002 -0.004570493 38.208700493 -0.114938726 0.992501766 0.041585263 -274.725503672 0.009327926 -0.040782512 0.999124505 8.763672571
0.993335658 0.115255307 0.000695573 39.226823002 -0.115162220 0.992252014 0.046621921 -274.781861710 0.004683240 -0.046391320 0.998912365 8.705829365
0.993644011 0.112481723 0.004409346 40.282681509 -0.112565481 0.992590261 0.045755714 -274.909962043 0.000770008 -0.045961232 0.998942927 8.727221321
0.993692193 0.112004284 0.005555715 41.306474296 -0.112141909 0.992412362 0.050417214 -275.047291063 0.000133384 -0.050722220 0.998712791 8.719818038
0.993855548 0.110639324 0.003176303 42.361464254 -0.110644251 0.992303593 0.055600626 -275.138444670 0.002999758 -0.055610430 0.998448036 8.746326041
0.993964272 0.109666035 0.002896120 43.351508860 -0.109663242 0.992524342 0.053566823 -275.218579582 0.002999991 -0.053561106 0.998560067 8.788741250
0.994142468 0.108075875 -0.000599108 44.335475424 -0.107909377 0.992889530 0.050258803 -275.345058849 0.006026612 -0.049899761 0.998736048 8.790518311
0.994000018 0.109154478 -0.007018869 45.422819131 -0.108635241 0.992673191 0.052899156 -275.430381997 0.012741623 -0.051819266 0.998575192 8.869030736
0.993726213 0.111403303 -0.009875155 46.345440392 -0.110768844 0.992555387 0.050636612 -275.546425517 0.015442724 -0.049225069 0.998668321 8.911838386
0.993502490 0.113553239 -0.007646232 47.213003867 -0.113153533 0.992744468 0.040677990 -275.751484986 0.012209872 -0.039548486 0.999143051 8.952435974
0.993297574 0.115554461 -0.002663813 48.251828143 -0.115359390 0.992533824 0.039608332 -275.779515957 0.007220844 -0.039035565 0.999211731 8.887018926
0.992979447 0.118266756 -0.002189027 49.264514088 -0.118065955 0.992084876 0.042755465 -275.865058725 0.007228250 -0.042196848 0.999083169 8.912112279
0.992841716 0.119349703 -0.004579950 50.323647692 -0.118908715 0.991323222 0.056026661 -275.976949610 0.011226977 -0.055081010 0.998418769 8.963112304
0.992345139 0.123398468 -0.004893184 51.370276827 -0.122878316 0.990567007 0.060645897 -276.053844741 0.012330637 -0.059580395 0.998147350 9.030714691
0.991819550 0.127647613 -0.000257723 52.376554089 -0.127407718 0.990075324 0.059313799 -276.160106604 0.007826430 -0.058795749 0.998239354 8.976389205
0.991459921 0.130321755 0.004843999 53.342259836 -0.130390824 0.989951416 0.054721357 -276.289391430 0.002336060 -0.054885645 0.998489914 8.938698051
0.991396716 0.130650096 0.007943852 54.419065525 -0.130886780 0.990043054 0.051801566 -276.396779605 -0.001096876 -0.052395647 0.998625802 8.948270367
0.991471238 0.130187010 0.006010578 55.458428803 -0.130319165 0.989905298 0.055717288 -276.601299095 0.001303765 -0.056025382 0.998428494 8.974880276
0.991580607 0.129490925 0.000002844 56.380306849 -0.129307614 0.990175726 0.053212514 -276.747081887 0.006887721 -0.052764865 0.998583211 9.015078592
0.991965960 0.126488146 -0.002069507 57.343308848 -0.126184900 0.990486122 0.054905483 -276.811732660 0.008994711 -0.054203230 0.998489412 9.001020992
0.992099516 0.125432805 0.002271792 58.434893396 -0.125404470 0.991044542 0.045874111 -277.022894882 0.003502672 -0.045796576 0.998944646 9.005263894
0.992693038 0.120586197 0.004415939 59.458035955 -0.120664762 0.991785230 0.042450833 -277.090818802 0.000739321 -0.042673495 0.999088798 9.022124200
0.993067126 0.117472393 0.004233202 60.505394082 -0.117546392 0.992181197 0.041944225 -277.134568306 0.000727185 -0.042151029 0.999110986 8.962344498
0.993483359 0.113905763 -0.004036332 61.578018402 -0.113550360 0.992203649 0.051363759 -277.170332532 0.009855492 -0.050570713 0.998671854 9.001054214
0.993637831 0.111807519 -0.013525489 62.558432907 -0.110837394 0.992108039 0.058623464 -277.296454225 0.019973290 -0.056751362 0.998188535 9.121026219
0.993767438 0.110644299 -0.013569020 63.518027151 -0.109524630 0.991795576 0.065923370 -277.429263875 0.020751739 -0.064026357 0.997732425 9.152964516
0.994236955 0.106942213 -0.007499330 64.456918954 -0.106243378 0.992254160 0.064374111 -277.586265273 0.014325551 -0.063206366 0.997897657 9.172708567
0.994414691 0.105497839 -0.003102850 65.467833914 -0.105089849 0.992435592 0.063464309 -277.673058742 0.009774726 -0.062783763 0.997979285 9.146859463
0.994761586 0.102169717 -0.003276701 66.459271169 -0.101713588 0.992496780 0.067856380 -277.783881421 0.010184982 -0.067167636 0.997689719 9.176221384
0.994621389 0.103427672 -0.005568515 67.478794592 -0.102816238 0.992389692 0.067760758 -277.882813167 0.012534475 -0.066823765 0.997686059 9.188931735
0.994485281 0.104600011 -0.007606767 68.505675797 -0.103817918 0.992134945 0.069929187 -277.966422904 0.014861533 -0.068753829 0.997522955 9.236478161
0.994152454 0.107610277 -0.008995904 69.541752149 -0.106723853 0.991818586 0.070042210 -278.035555622 0.016459566 -0.068672558 0.997503465 9.254045174
0.993908983 0.110051632 -0.005794091 70.556046608 -0.109448914 0.991877596 0.064805626 -278.129671218 0.012878994 -0.063776737 0.997881085 9.249284842
0.993775562 0.111365741 -0.002793415 71.604355625 -0.111011788 0.992087824 0.058635597 -278.241087423 0.009301309 -0.057960522 0.998275545 9.253576208
0.993784910 0.111263895 -0.003449239 72.579754408 -0.110960538 0.992602774 0.049269590 -278.320512469 0.008905651 -0.048580646 0.998779560 9.274667575
0.993525102 0.113163733 -0.010091631 73.477436965 -0.112488394 0.992269831 0.052411293 -278.445760772 0.015944678 -0.050936744 0.998574592 9.297017152
0.993337220 0.114339774 -0.014407787 74.468426816 -0.113507939 0.992315901 0.049245315 -278.565731003 0.019927774 -0.047281806 0.998682790 9.335542480
0.993215825 0.115849418 -0.010061672 75.461359475 -0.115188836 0.992014272 0.051373303 -278.682169037 0.015932890 -0.049865785 0.998628833 9.367488947
0.993043451 0.117729664 -0.002105086 76.564558291 -0.117566946 0.992346333 0.037772595 -278.821371743 0.006535929 -0.037262340 0.999284144 9.259715264
0.992830051 0.119495647 0.003046360 77.540355321 -0.119527108 0.992163567 0.036396787 -278.919956360 0.001326770 -0.036499946 0.999332774 9.248122015
0.992622485 0.121218924 -0.002564076 78.523467106 -0.120955096 0.991483284 0.048277973 -279.010017265 0.008394442 -0.047611664 0.998830648 9.314112015
0.992397333 0.122273437 -0.014026391 79.478970900 -0.121424482 0.991310545 0.050591486 -279.117781075 0.020090504 -0.048503708 0.998620930 9.442032138
0.992047388 0.124268102 -0.019985483 80.413544686 -0.122950516 0.990753791 0.057359366 -279.226839465 0.026928632 -0.054445984 0.998153537 9.490264706
0.991597320 0.128276684 -0.016728661 81.396109683 -0.127229360 0.990443721 0.053234619 -279.367355392 0.023397558 -0.050658929 0.998441900 9.450349755
0.991206490 0.132068947 -0.008215049 82.410993981 -0.131542868 0.990189612 0.047127562 -279.519648146 0.014358544 -0.045632514 0.998855098 9.366432712
0.990909136 0.134523147 -0.001614668 83.398574504 -0.134313483 0.989907311 0.045204016 -279.631328970 0.007679358 -0.044576201 0.998976471 9.369811118
0.990543979 0.137185348 0.001674843 84.415261822 -0.137115455 0.989474640 0.046252454 -279.756002545 0.004687944 -0.046044737 0.998928378 9.398700560
0.989971158 0.141259584 -0.001683915 85.465157285 -0.141016288 0.988839209 0.048077290 -279.922998497 0.008456500 -0.047357671 0.998842199 9.464755252
0.989484293 0.144452092 -0.007377415 86.466903892 -0.143922023 0.988365652 0.049191357 -280.052090628 0.014397378 -0.047612303 0.998762126 9.515853232
0.988550778 0.150614585 -0.009088753 87.434722864 -0.149959900 0.987355274 0.051396406 -280.191620354 0.016714876 -0.049445008 0.998636973 9.519146953
0.987866071 0.155116199 -0.007719528 88.384557316 -0.154486917 0.986532566 0.053733504 -280.312445508 0.015950503 -0.051888940 0.998525473 9.517683678
0.986779291 0.161990741 -0.005062629 89.460199978 -0.161577858 0.985735851 0.047089579 -280.505405585 0.012618491 -0.045649013 0.998877841 9.528153709
0.985439906 0.169986940 -0.003554250 90.436048454 -0.169656099 0.984466801 0.045187662 -280.682320218 0.011180353 -0.043926726 0.998972193 9.568776416
0.984919426 0.173004383 -0.001791262 91.394471998 -0.172768947 0.984024110 0.042981885 -280.829575786 0.009198699 -0.042024219 0.999074246 9.558165608
0.984120472 0.177501816 -0.000032919 92.382632753 -0.177368846 0.983390392 0.038517918 -280.957085205 0.006869373 -0.037900433 0.999257909 9.538060933
0.983355766 0.181689892 0.000470461 93.337221406 -0.181601218 0.982788080 0.033890824 -281.118830043 0.005695257 -0.033412174 0.999425430 9.600925551
0.982220621 0.187728619 -0.000785067 94.307911423 -0.187631689 0.981831804 0.028295899 -281.344821362 0.006082754 -0.027645512 0.999599283 9.695874196
0.981408436 0.191922817 -0.001764610 95.269927709 -0.191784818 0.980978549 0.029994508 -281.504977664 0.007487675 -0.029098438 0.999548506 9.661180952
0.980649685 0.195744077 -0.003233029 96.225298301 -0.195597518 0.980342826 0.025875762 -281.702746918 0.008234504 -0.024742685 0.999659938 9.660227734
0.979738625 0.200246502 -0.003683097 97.177280313 -0.200031855 0.979273278 0.031797849 -281.912141827 0.009974166 -0.030416844 0.999487534 9.750632899
0.979511022 0.201347370 -0.004170547 98.096814228 -0.201053742 0.978860327 0.037548001 -282.045068702 0.011642574 -0.035940177 0.999286122 9.766054016
0.979450209 0.201642839 -0.004177664 99.049137586 -0.201402279 0.978960518 0.032763173 -282.237750223 0.010696227 -0.031248506 0.999454412 9.733214199
0.979394022 0.201930701 -0.003367626 100.038217279 -0.201791732 0.979125943 0.024340996 -282.514726435 0.008212524 -0.023159867 0.999698042 9.756811713
0.979756294 0.200158993 -0.003739284 100.974192607 -0.200074503 0.979646100 0.016239239 -282.713516346 0.006913605 -0.015162361 0.999861143 9.871595005
0.980455575 0.196717168 -0.003036513 101.933293067 -0.196651792 0.980359952 0.014914355 -282.901966790 0.005910785 -0.014025727 0.999884164 9.866504100
0.981165518 0.193157437 -0.002105163 102.915604640 -0.193123777 0.981113593 0.010923532 -283.090014287 0.004175366 -0.010311236 0.999938120 9.861221529
0.982263387 0.187504318 -0.000877582 103.816930212 -0.187472884 0.982165655 0.014301868 -283.214508203 0.003543593 -0.013883678 0.999897338 9.832762295
0.982485679 0.186273001 -0.004925381 104.825099516 -0.186251401 0.982491655 0.004534669 -283.364465302 0.005683832 -0.003537888 0.999977588 9.924835862
0.983146098 0.182630325 -0.008361468 105.736404767 -0.182557484 0.983155974 0.008780461 -283.536536410 0.009824206 -0.007106028 0.999926492 9.982995230
0.983670640 0.179427815 -0.014061715 106.684115042 -0.179405007 0.983771094 0.002877309 -283.702527877 0.014349778 -0.000307582 0.999896989 9.998917781
0.984113955 0.177123934 -0.012117595 107.615146370 -0.177113535 0.984188525 0.001934556 -283.868115735 0.012268654 0.000242366 0.999924708 10.001153659
0.984635035 0.174486859 -0.006941509 108.528588116 -0.174501161 0.984655816 -0.001506337 -284.057846419 0.006572161 0.002694493 0.999974773 9.974044272
0.985149568 0.171678961 -0.002581426 109.448556298 -0.171697483 0.985081411 -0.011601169 -284.207913185 0.000551238 0.011872111 0.999929372 9.966059462
0.985367295 0.170385017 0.004498878 110.319154844 -0.170314107 0.985302862 -0.013091012 -284.376583096 -0.006663270 0.012133233 0.999904188 9.980319704
0.984895251 0.173120782 0.003246330 111.203611428 -0.173052087 0.984792700 -0.015372458 -284.557047965 -0.005858254 0.014578476 0.999876567 9.977221097
0.984590818 0.174873591 -0.000385479 112.060694937 -0.174854124 0.984443184 -0.017252608 -284.715491919 -0.002637544 0.017054162 0.999851088 10.017940612
0.984457412 0.175565693 -0.004504610 112.903085070 -0.175608168 0.984386376 -0.012051341 -284.897431716 0.002318475 0.012655078 0.999917233 10.064764363
0.983936281 0.178368155 -0.007361793 113.787142955 -0.178459445 0.983839874 -0.014537141 -285.024638913 0.004649863 0.015617402 0.999867229 10.100502742
0.983407366 0.181366702 -0.004009027 114.636722915 -0.181407945 0.983278984 -0.015924711 -285.097375274 0.001053780 0.016387747 0.999865157 10.073385280
0.982712647 0.185137362 0.000106021 115.459218969 -0.185116053 0.982607911 -0.014619887 -285.255771633 -0.002810864 0.014347522 0.999893118 10.069080788
0.981843320 0.189684743 0.001842011 116.249011692 -0.189642760 0.981758444 -0.013637487 -285.417449426 -0.004395233 0.013040552 0.999905308 10.079213383
0.981011648 0.193933633 0.002427611 117.138105739 -0.193870368 0.980893970 -0.016164781 -285.550095657 -0.005516123 0.015387196 0.999866394 10.127377696
0.979117721 0.203293801 -0.000344452 117.914006729 -0.203270735 0.978978137 -0.016817151 -285.721180441 -0.003081612 0.016535988 0.999858522 10.119884959
0.977069591 0.212909227 -0.002162531 118.646584316 -0.212915320 0.976927941 -0.016699262 -285.893523744 -0.001442790 0.016776777 0.999858219 10.143371460
0.975044190 0.221977727 -0.003836182 119.360515689 -0.222010599 0.974924540 -0.015278582 -286.145126467 0.000348483 0.015748965 0.999875917 10.155941495
0.973070371 0.230489596 -0.002932405 120.140251143 -0.230507991 0.973009566 -0.010883471 -286.273581460 0.000344731 0.011266326 0.999936474 10.144137120
0.971261739 0.238009795 -0.001404396 120.878122023 -0.238010529 0.971199340 -0.011082859 -286.434748700 -0.001273881 0.011098618 0.999937597 10.139411988
0.968612348 0.248571429 -0.001537575 121.533467303 -0.248572649 0.968547054 -0.011324435 -286.581553108 -0.001325717 0.011351187 0.999934694 10.156043776
0.965972851 0.258601406 -0.004665127 122.193125829 -0.258632831 0.965939623 -0.008348860 -286.769825612 0.002347204 0.009271327 0.999954266 10.198607722
0.963503555 0.267525675 -0.009534853 122.769132760 -0.267578068 0.963524718 -0.004700553 -286.939311481 0.007929548 0.007080317 0.999943494 10.216840963
0.961765878 0.273654136 -0.010945771 123.472208654 -0.273686789 0.961817579 -0.001576569 -287.151597725 0.010096400 0.004512003 0.999938850 10.234515344
0.959502409 0.281621416 -0.006671225 124.063695899 -0.281626474 0.959524098 0.000188109 -287.267942732 0.006454176 0.001698303 0.999977729 10.244283158
0.957789850 0.287466952 -0.001163756 124.660641575 -0.287468221 0.957789512 -0.001127984 -287.516239101 0.000790375 0.001414914 0.999998687 10.263102809
0.956543399 0.291583042 0.002013632 125.206092742 -0.291559254 0.956520022 -0.007915117 -287.711097247 -0.004233993 0.006984060 0.999966648 10.244360760
0.956094149 0.293032240 0.004010532 125.721167657 -0.292950719 0.956022309 -0.014185228 -287.839455718 -0.007990887 0.012387526 0.999891342 10.267569129
0.955449953 0.295140977 0.002681692 126.243078800 -0.295068967 0.955354982 -0.015204048 -287.952500951 -0.007049305 0.013735423 0.999880816 10.299085844
0.955479381 0.295057530 0.000454164 126.735567322 -0.295032308 0.955415707 -0.011694583 -288.123174247 -0.003884490 0.011039940 0.999931513 10.271908251
0.956398720 0.291997102 -0.006259455 127.282720056 -0.292047521 0.956353429 -0.009816511 -288.313214540 0.003119858 0.011216557 0.999932225 10.286579975
0.958162161 0.285969811 -0.012105428 127.791542337 -0.286109265 0.958122031 -0.011985953 -288.553395819 0.008170856 0.014947961 0.999854887 10.265010103
0.960613072 0.277573750 -0.013241585 128.294321746 -0.277798668 0.960426199 -0.020234015 -288.678031403 0.007101134 0.023115554 0.999707580 10.255172040
0.964214320 0.264923291 -0.010314760 128.854262981 -0.265105623 0.963875753 -0.025739899 -288.809884767 0.003123048 0.027553280 0.999615458 10.294068683
0.968449229 0.249123528 -0.006599907 129.338125891 -0.249210484 0.968158249 -0.023743192 -288.914402916 0.000474767 0.024638842 0.999696305 10.308129248
0.973345325 0.229337833 -0.001742762 129.899258902 -0.229318133 0.973090390 -0.022545195 -289.018984046 -0.003474601 0.022343908 0.999744306 10.323351778
0.979123773 0.203263850 -0.000666972 130.388710241 -0.203224121 0.978856098 -0.023252891 -289.133629849 -0.004073602 0.022903003 0.999729392 10.348895190
0.984649536 0.174516744 -0.003032620 130.942823033 -0.174532698 0.984252675 -0.028018002 -289.233451956 -0.001904746 0.028117204 0.999602819 10.373334809
0.990066926 0.140354146 -0.008258056 131.473090010 -0.140527465 0.989715101 -0.026759114 -289.288367177 0.004417370 0.027653797 0.999607800 10.400835150
0.994658352 0.102392283 -0.013060776 131.981442730 -0.102685518 0.994419315 -0.024205569 -289.286326330 0.010509424 0.025417424 0.999621682 10.394092964
0.998090202 0.059800578 -0.015486726 132.517935195 -0.060159813 0.997903214 -0.023874094 -289.308379366 0.014026569 0.024760178 0.999595012 10.388768037
0.999745504 0.013573463 -0.018019131 133.093348351 -0.014012381 0.999602603 -0.024459936 -289.327296768 0.017679964 0.024706202 0.999538405 10.395517001
0.999337354 -0.033447370 -0.014357110 133.652427902 0.033116186 0.999193309 -0.022716716 -289.242373753 0.015105343 0.022226210 0.999638847 10.426327961
0.996323785 -0.084829996 -0.011949385 134.184151217 0.084485877 0.996063086 -0.026841471 -289.202317951 0.014179303 0.025733242 0.999568281 10.443346405
0.990354239 -0.138368868 -0.007248275 134.696425294 0.138137220 0.990067238 -0.026171985 -289.136757131 0.010797668 0.024918279 0.999631177 10.422854000
0.981348363 -0.192143769 -0.006013573 135.231548663 0.191964293 0.981140542 -0.022648328 -289.032258480 0.010251895 0.021071508 0.999725407 10.439358388
0.968172926 -0.250211498 -0.005949152 135.802839532 0.250034907 0.967999403 -0.021440641 -288.861469670 0.011123471 0.019270753 0.999752423 10.463881652
0.951059030 -0.308996730 -0.002782520 136.310718417 0.308892510 0.950908665 -0.018924262 -288.659064003 0.008493457 0.017138590 0.999817048 10.430086986
0.931152387 -0.364630200 -0.000222240 136.771260829 0.364571746 0.931013685 -0.017348216 -288.499152639 0.006532592 0.016072810 0.999849484 10.432991183
0.907694583 -0.419623461 0.002587562 137.260765734 0.419592568 0.907509319 -0.019207101 -288.213410480 0.005711513 0.018519904 0.999812178 10.468151646
0.880208716 -0.474558082 0.005219484 137.740311606 0.474574056 0.880051330 -0.017003604 -287.921141436 0.003475784 0.017443752 0.999841805 10.441310091
0.848132284 -0.529748839 0.006147911 138.245195041 0.529783557 0.848051605 -0.011741294 -287.584439292 0.001006191 0.013215233 0.999912169 10.425782806
0.813085774 -0.582105673 0.006671591 138.772715019 0.582142010 0.813058962 -0.006767959 -287.159515654 -0.001484730 0.009386745 0.999954841 10.412751653
0.775907131 -0.630834543 0.003987978 139.217557815 0.630841754 0.775911135 -0.000769645 -286.784530626 -0.002608798 0.003112956 0.999991752 10.461433932
0.737012839 -0.675844660 0.006787518 139.641094572 0.675856521 0.737032878 0.000707277 -286.376189321 -0.005480633 0.004066116 0.999976714 10.412535889
0.696866599 -0.717143790 0.009040336 140.039449109 0.717166135 0.696901462 0.001043045 -285.926368637 -0.007048236 0.005756559 0.999958591 10.373270627
0.657172367 -0.753711042 0.006644246 140.415657744 0.753713758 0.657197683 0.002603211 -285.454136424 -0.006328652 0.003297102 0.999974538 10.364175772
0.617080937 -0.786894206 0.002937006 140.832707943 0.786895862 0.617085277 0.000814885 -284.925132021 -0.002453611 0.001808268 0.999995355 10.388291105
0.578825906 -0.815448084 -0.002234523 141.179856281 0.815430689 0.578828622 -0.005497127 -284.406540286 0.005776028 0.001359781 0.999982394 10.439000179
0.546545143 -0.837322635 -0.013386997 141.525776610 0.837338782 0.546651491 -0.005992580 -283.840303127 0.012335745 -0.007934237 0.999892433 10.486567110
0.520386078 -0.853695945 -0.020039027 141.860225462 0.853841062 0.520528691 -0.002307098 -283.250988003 0.012400449 -0.015909562 0.999796537 10.485421532
0.499957648 -0.865778978 -0.021658955 142.192424453 0.866015407 0.500004451 0.003586641 -282.580245946 0.007724335 -0.020550157 0.999758984 10.482647165
0.487006759 -0.873184909 -0.019301064 142.532784510 0.873396568 0.486929637 0.008829648 -281.959566527 0.001688344 -0.021157581 0.999774728 10.484842139
0.479821444 -0.877190493 -0.017556211 142.856388590 0.877364959 0.479691581 0.011256796 -281.376581158 -0.001452788 -0.020804457 0.999782508 10.446194497
0.475280004 -0.879605853 -0.020061453 143.165954509 0.879826083 0.475051531 0.015235043 -280.720410966 -0.003870609 -0.024891501 0.999682665 10.431996884
0.475612908 -0.879322822 -0.024160659 143.570116688 0.879644273 0.475294228 0.017926215 -279.990946101 -0.004279508 -0.029778725 0.999547354 10.416890408
0.476735530 -0.878608182 -0.027765026 143.915329204 0.879046068 0.476457193 0.016326449 -279.324857769 -0.001115705 -0.032190135 0.999481141 10.454087965
0.477453434 -0.878230429 -0.027377567 144.262885050 0.878657041 0.477226813 0.014709604 -278.687349572 0.000146887 -0.031078643 0.999516932 10.489934810
0.479337661 -0.877332438 -0.022873571 144.646095099 0.877630537 0.479168365 0.012740424 -277.984496729 -0.000217295 -0.026181510 0.999657182 10.519755767
0.481516541 -0.876052670 -0.025952637 144.975811468 0.876437001 0.481307330 0.014192820 -277.281226470 0.000057536 -0.029579929 0.999562417 10.530794235
0.485969080 -0.873320781 -0.033835893 145.334813348 0.873973341 0.485698825 0.016347815 -276.547354330 0.002157167 -0.037516201 0.999293691 10.561837006
0.488535603 -0.871780274 -0.036498206 145.742953779 0.872511813 0.488449104 0.011857870 -275.871789057 0.007490059 -0.037638107 0.999263365 10.563553490
0.491979076 -0.869615967 -0.041529008 146.150586649 0.870561649 0.491880423 0.013268948 -275.139415663 0.008888417 -0.042681606 0.999049186 10.596076714
0.494676622 -0.867997736 -0.043300917 146.535979495 0.869022709 0.494588828 0.013469352 -274.421856752 0.009724783 -0.044292454 0.998971274 10.604343032
0.498367381 -0.865879361 -0.043392233 146.945072661 0.866930034 0.498177707 0.015852069 -273.696378598 0.007891064 -0.045518185 0.998932343 10.613227583
0.503470949 -0.863496983 -0.029832272 147.422504855 0.863995667 0.503374456 0.011209131 -272.880076637 0.005337753 -0.031418426 0.999492066 10.636580898
0.505530591 -0.862616048 -0.018231150 147.799568454 0.862797275 0.505519693 0.005540860 -272.087573569 0.004436570 -0.018530861 0.999818446 10.713173727
0.506118652 -0.862249504 -0.019227678 148.198545317 0.862434376 0.506159905 0.003016331 -271.306146371 0.007131450 -0.018109232 0.999810581 10.661285922
0.507915306 -0.861147000 -0.021163305 148.730206142 0.861376015 0.507952146 0.003997278 -270.555120972 0.007307703 -0.020259842 0.999768041 10.636754578
0.506198887 -0.862109654 -0.023013728 149.265663395 0.862368182 0.506273377 0.002895983 -269.783750191 0.009154583 -0.021312250 0.999730955 10.654703616
0.506645974 -0.861970828 -0.017780534 149.701351214 0.862134986 0.506664601 0.003774591 -268.975732723 0.005755180 -0.017241602 0.999834789 10.669119427
0.509571057 -0.860398104 -0.007241554 150.172875356 0.860427054 0.509567949 0.002406439 -268.091421391 0.001619568 -0.007457081 0.999970884 10.712847863
0.511816244 -0.859009473 -0.012118505 150.664401933 0.859088510 0.511706868 0.011091136 -267.243524078 -0.003326268 -0.016087492 0.999865055 10.668409609
0.515088891 -0.857007078 -0.014909835 151.156169086 0.857135789 0.514984112 0.010469188 -266.425069336 -0.001293840 -0.018172316 0.999834033 10.662123869
0.517301630 -0.855496180 -0.022919627 151.639779679 0.855784365 0.517282157 0.007231250 -265.621852850 0.005669607 -0.023354996 0.999711158 10.657416920
0.520389644 -0.853387502 -0.030403783 152.089622994 0.853867205 0.520450192 0.006511100 -264.810949146 0.010267164 -0.029349102 0.999516491 10.698131392
0.525316375 -0.850484047 -0.026825198 152.573233606 0.850833201 0.525424901 0.003396689 -263.944177028 0.011205797 -0.024608105 0.999634369 10.703746215
0.530155344 -0.847574485 -0.023511769 153.079430739 0.847861126 0.530194188 0.005063015 -263.154740108 0.008174521 -0.022618900 0.999710739 10.757547002
0.537784528 -0.842864430 -0.019166463 153.670089892 0.843077775 0.537717301 0.008942539 -262.283580049 0.002768791 -0.020967978 0.999776314 10.759748310
0.546594200 -0.837194349 -0.018450017 154.180975739 0.837397491 0.546473859 0.011478828 -261.453235809 0.000472443 -0.021724259 0.999763889 10.760877598
0.555620308 -0.831064452 -0.024858597 154.693755847 0.831434190 0.555435537 0.014441316 -260.669030323 0.001805684 -0.028692176 0.999586664 10.779456754
0.563557648 -0.825555452 -0.029342348 155.186687731 0.826061693 0.563406142 0.013985697 -259.824474544 0.004985691 -0.032120336 0.999471574 10.803339487
0.573805506 -0.818371010 -0.031876832 155.782508358 0.818971145 0.573631470 0.015270859 -259.041356603 0.005788326 -0.034868708 0.999375139 10.766006613
0.581019449 -0.813368704 -0.029116160 156.379655927 0.813872341 0.580868636 0.014263204 -258.203513477 0.005311420 -0.031984036 0.999474267 10.777573067
0.589784628 -0.807179487 -0.024806635 156.934325317 0.807557091 0.589594071 0.015178145 -257.509658377 0.002374358 -0.028984611 0.999577038 10.796443515
0.597331787 -0.801835240 -0.015968219 157.546903133 0.801994224 0.597213245 0.011899759 -256.765391414 -0.000005215 -0.019914524 0.999801686 10.785559854
0.603013926 -0.797608659 -0.013951077 158.108241914 0.797729116 0.602886136 0.012512564 -256.033101897 -0.001569219 -0.018674430 0.999824386 10.766838881
0.606982411 -0.794598109 -0.013645406 158.704453109 0.794712217 0.606843048 0.013191173 -255.256567133 -0.002201061 -0.018850980 0.999819882 10.732645317
0.610993601 -0.791567933 -0.010345333 159.261033162 0.791635417 0.610934227 0.008528568 -254.471167006 -0.000430623 -0.013400632 0.999910115 10.763571491
0.611809017 -0.790957258 -0.008737390 159.920066990 0.791005148 0.611782068 0.005792833 -253.683672903 0.000763495 -0.010455428 0.999945049 10.822692604
0.611155966 -0.791490966 -0.005516768 160.499481336 0.791510060 0.611145051 0.003681252 -252.907713426 0.000457867 -0.006616397 0.999978007 10.848139258
0.607627790 -0.794199010 -0.006033421 161.065583073 0.794220739 0.607596210 0.006345380 -252.190699306 -0.001373611 -0.008647497 0.999961666 10.802200736
0.604070776 -0.796839045 -0.012084448 161.615088305 0.796923441 0.603931236 0.013419821 -251.416386571 -0.003395261 -0.017736902 0.999836924 10.816665057
0.598822148 -0.800839834 -0.008221636 162.222376505 0.800871342 0.598729551 0.011314517 -250.641164797 -0.004138579 -0.013359856 0.999902188 10.776094145
0.593383301 -0.804910852 0.003844399 162.848568884 0.804902398 0.593395148 0.003785232 -249.838486868 -0.005328022 0.000848272 0.999985446 10.795376202
0.586997949 -0.809576446 0.004402892 163.401282327 0.809575086 0.587010813 0.002546665 -248.970690763 -0.004646265 0.002069585 0.999987064 10.797352776
0.577151696 -0.816621185 0.005075336 163.948128471 0.816636929 0.577138888 -0.003851150 -248.160401944 0.000215757 0.006367405 0.999979705 10.794394590
0.568992275 -0.822304736 0.007919103 164.563611893 0.822329093 0.568900626 -0.011266787 -247.365925104 0.004759550 0.012922823 0.999905169 10.842533450
0.562504978 -0.826755676 0.007949961 165.115979909 0.826769368 0.562388217 -0.013111288 -246.572417320 0.006368867 0.013947949 0.999882439 10.858830767
0.555233318 -0.831574637 0.014127505 165.609565296 0.831694310 0.555138010 -0.010313355 -245.725284535 0.000733610 0.017476084 0.999847012 10.845585878
0.549260205 -0.835334755 0.023001606 166.162582569 0.835631079 0.549230615 -0.008150545 -244.903666230 -0.005824753 0.023697627 0.999702203 10.824357188
0.544380666 -0.838513951 0.023324757 166.701384952 0.838800062 0.544410860 -0.005592129 -244.085279254 -0.008009173 0.022609055 0.999712301 10.815182403
0.537531670 -0.842753435 0.028746339 167.247981257 0.843193087 0.537560070 -0.007388501 -243.288089782 -0.009226200 0.028210267 0.999559432 10.867670735
0.530637147 -0.846930448 0.033660571 167.769201200 0.847560034 0.530575346 -0.011479997 -242.427346817 -0.008136710 0.034621068 0.999367388 10.867537000
0.524191447 -0.850899537 0.034544249 168.325741717 0.851588641 0.523966368 -0.016000999 -241.551519399 -0.004484782 0.037805076 0.999275069 10.885638262
0.517675989 -0.854787931 0.036730952 168.816009375 0.855575592 0.517268560 -0.020582585 -240.753323620 -0.001406021 0.042081216 0.999113204 10.890763670
0.513095615 -0.857239521 0.043281551 169.294911573 0.858329328 0.512553917 -0.023648401 -239.910271590 -0.001911784 0.049283716 0.998782990 10.926857271
0.508271184 -0.860035611 0.044711868 169.792773844 0.861188889 0.507807254 -0.022033836 -239.045289457 -0.003755127 0.049704528 0.998756907 10.952722264
0.502036687 -0.863358872 0.050701309 170.362485010 0.864822549 0.501594151 -0.022028761 -238.201579913 -0.006412754 0.054906882 0.998470886 10.986842174
0.498423805 -0.865634592 0.047439058 170.852926740 0.866900638 0.498134667 -0.018577864 -237.326161774 -0.007549398 0.050384599 0.998701356 10.942240901
0.494753393 -0.867568353 0.050440398 171.330659834 0.868983382 0.494513704 -0.018002181 -236.441987196 -0.009325346 0.052738508 0.998564814 10.887773432
0.494376884 -0.868118116 0.044299360 171.776441526 0.869178089 0.494339723 -0.012557421 -235.598547756 -0.010997609 0.044712132 0.998939376 10.880685033
0.494475556 -0.868007491 0.045353282 172.201550523 0.869154549 0.494262307 -0.016587420 -234.726105413 -0.008018413 0.047621085 0.998833288 10.940901464
0.494900679 -0.867612744 0.048181373 172.693607160 0.868941409 0.494374680 -0.023119314 -233.823099218 -0.003761040 0.053308554 0.998571005 11.013011409
0.494104453 -0.868234140 0.045058499 173.275218846 0.869398882 0.493287837 -0.028507778 -232.943673201 0.002524616 0.053259629 0.998577507 11.006613137
0.495304889 -0.867578911 0.044496068 173.763295535 0.868717173 0.494542650 -0.027532529 -232.133234540 0.001881438 0.052291495 0.998630092 11.002367666
0.496960366 -0.866684643 0.043452549 174.210300520 0.867770317 0.496205307 -0.027476732 -231.352934727 0.002252276 0.051361679 0.998677578 11.034955096
0.501980661 -0.863924805 0.040612149 174.676149253 0.864843867 0.500984349 -0.032554071 -230.499954533 0.007778218 0.051464682 0.998644524 11.072168908
0.505040469 -0.862302066 0.037003674 175.180192078 0.863026573 0.503993237 -0.034292145 -229.682229146 0.010920586 0.049254075 0.998726578 11.076830963
0.507571333 -0.860861744 0.035894293 175.689234825 0.861567063 0.506690944 -0.031088303 -228.843200481 0.008575417 0.046704871 0.998871922 11.057109378
0.509263030 -0.859907894 0.034779022 176.096735034 0.860602391 0.508661978 -0.025030322 -228.002174271 0.003833006 0.042677927 0.999081530 11.062076046
0.512807226 -0.857576477 0.039891539 176.612430149 0.858502376 0.512336662 -0.022018527 -227.135590547 -0.001555327 0.045538241 0.998961385 11.080136976
0.512333786 -0.857779247 0.041579509 177.043051137 0.858784043 0.511845106 -0.022462281 -226.301526671 -0.002014589 0.047216005 0.998882671 11.089965102
0.511456622 -0.858356717 0.040445880 177.509471737 0.859300169 0.511099019 -0.019519545 -225.514004162 -0.003917118 0.044738552 0.998991050 11.014164533
0.510473994 -0.858947347 0.040320664 178.015818779 0.859886165 0.510097890 -0.019897871 -224.764973654 -0.003476262 0.044828527 0.998988648 11.049851773
0.508934584 -0.859967122 0.037975510 178.497956822 0.860803497 0.508525782 -0.020466252 -223.978552908 -0.001711222 0.043105435 0.999069063 11.069696762
0.508674779 -0.860367016 0.031915010 178.968974609 0.860954095 0.508200525 -0.022142079 -223.197154230 0.002831090 0.038740475 0.999245295 11.090230874
0.508695990 -0.860433645 0.029704099 179.465702630 0.860940694 0.508266278 -0.021130846 -222.390249975 0.003084099 0.036322644 0.999335356 11.102970506
0.508093563 -0.860726237 0.031484548 179.905120107 0.861301415 0.507715660 -0.019613297 -221.585558312 0.000896481 0.037083076 0.999311784 11.097615553
0.505334143 -0.862224128 0.034741274 180.302479678 0.862919219 0.505052293 -0.017105620 -220.827208918 -0.002797282 0.038622967 0.999249940 11.074852530
0.502727411 -0.863571772 0.038845127 180.792889672 0.864418620 0.502555281 -0.014786416 -220.113547440 -0.006752692 0.041011988 0.999135836 11.028650715
0.501886089 -0.863976826 0.040674290 181.212452213 0.864889184 0.501782274 -0.013462900 -219.342184288 -0.008778004 0.041935596 0.999081755 11.045465369
0.500543258 -0.865052180 0.033781254 181.627820965 0.865705527 0.500303837 -0.015811731 -218.574802737 -0.003222918 0.037159074 0.999304166 11.114904852
0.501344180 -0.864666946 0.031703102 182.045387458 0.865234163 0.500792715 -0.024010406 -217.858985096 0.004884322 0.039468084 0.999208894 11.174772568
0.499746387 -0.865375072 0.037142072 182.449958341 0.866129112 0.498836521 -0.031344634 -217.114184996 0.008597043 0.047834197 0.998818292 11.172159017
0.497682576 -0.866463337 0.039412438 182.845537176 0.867341837 0.496870679 -0.028942463 -216.422304279 0.005494699 0.048588216 0.998803781 11.161252270
0.495955112 -0.867141454 0.045762710 183.282576061 0.868341967 0.495461406 -0.022365676 -215.698480502 -0.003279452 0.050830053 0.998701933 11.141254636
0.493780641 -0.868432621 0.044782377 183.657920663 0.869560004 0.493512412 -0.017632342 -215.005646999 -0.006788158 0.047647473 0.998841148 11.102337542
0.491507982 -0.869887688 0.041416355 184.035979598 0.870860434 0.491200914 -0.017993532 -214.388263005 -0.004691400 0.044911829 0.998979939 11.157429514
0.490590532 -0.870741736 0.033611903 184.378892031 0.871390225 0.490221905 -0.019014726 -213.712498646 0.000079624 0.038617528 0.999254062 11.192169099
0.486698087 -0.873214590 0.024924927 184.672355153 0.873563747 0.486386279 -0.017741668 -213.005510472 0.003369140 0.030408349 0.999531881 11.181961689
0.486454898 -0.873126227 0.031815477 185.013505848 0.873702805 0.486037088 -0.020281955 -212.437436848 0.002245205 0.037663528 0.999287955 11.164118014
0.486845572 -0.872874346 0.032737828 185.387670369 0.873487322 0.486551780 -0.016948850 -211.801862606 -0.001134432 0.036847550 0.999320255 11.154819942
0.484856760 -0.874082961 0.029881434 185.706936758 0.874587876 0.484693869 -0.012957610 -211.234914988 -0.003157321 0.032416525 0.999469459 11.183824282
0.482471667 -0.875420459 0.029327633 186.033883385 0.875888491 0.482431535 -0.008897554 -210.687604340 -0.006359474 0.029980554 0.999530251 11.172824270
0.481399518 -0.875982119 0.030163399 186.348965626 0.876453519 0.481447429 -0.006132025 -210.130968492 -0.009150546 0.029388771 0.999526172 11.183914997
0.482596113 -0.875288503 0.031161329 186.674505135 0.875788375 0.482657902 -0.006005977 -209.629698303 -0.009783299 0.030189191 0.999496323 11.203316000
0.482500118 -0.875469193 0.027337298 186.895939239 0.875872916 0.482478524 -0.007817206 -209.089422429 -0.006345937 0.027715802 0.999595700 11.202095438
0.483078249 -0.875236727 0.024414692 187.123732024 0.875574016 0.482963679 -0.010780889 -208.493281874 -0.002355579 0.026584883 0.999643784 11.259682659
0.484722522 -0.874165503 0.029643705 187.398511300 0.874667616 0.484474801 -0.015515439 -207.969861542 -0.000798567 0.033449072 0.999440104 11.299237225
0.487902169 -0.872342254 0.031152298 187.721566866 0.872890879 0.487734546 -0.013286337 -207.542935582 -0.003603819 0.033674990 0.999426339 11.287256141
0.492279913 -0.869880749 0.031112203 187.987486843 0.870421693 0.492168370 -0.011677876 -207.118260635 -0.005154082 0.032829520 0.999447676 11.274483087
0.496992397 -0.867233544 0.030075530 188.211608342 0.867741666 0.496877608 -0.011706577 -206.712246919 -0.004791521 0.031915871 0.999479074 11.307397336
0.501112155 -0.864823913 0.031083870 188.470180878 0.865365112 0.501005510 -0.011691944 -206.331377750 -0.005461718 0.032757872 0.999448394 11.307556044
0.508249818 -0.860566830 0.033269415 188.659357047 0.861197681 0.508067319 -0.014358019 -205.980752457 -0.004547068 0.035949004 0.999343281 11.340942747
0.515230483 -0.856421639 0.032856136 188.897577517 0.857027989 0.515122440 -0.012324665 -205.621544868 -0.006369823 0.034508672 0.999384099 11.371905306
0.522331379 -0.851986484 0.035902110 189.075629011 0.852682953 0.522329672 -0.010173296 -205.211051121 -0.010085226 0.035926949 0.999303529 11.374148374
0.530395109 -0.846928700 0.037320315 189.262474013 0.847607578 0.530600057 -0.004997205 -204.873920967 -0.015569885 0.034283475 0.999290860 11.322677871
0.538772767 -0.841572213 0.038472258 189.442886367 0.842246389 0.539086621 -0.002575806 -204.681061019 -0.018572153 0.033790895 0.999256349 11.324714771
0.547831824 -0.835660848 0.039385772 189.581095446 0.836370187 0.548157009 -0.002966917 -204.419061456 -0.019110250 0.034566457 0.999219675 11.357124902
0.556262455 -0.830130912 0.038141188 189.744184199 0.830815247 0.556533321 -0.004085220 -204.216800223 -0.017835574 0.033960735 0.999264010 11.356012208
0.564574655 -0.824527513 0.037547815 189.929691663 0.825199687 0.564821703 -0.004681909 -204.005069921 -0.017347458 0.033627732 0.999283864 11.351981685
0.573580180 -0.818306702 0.037147255 190.025407482 0.819008910 0.573731724 -0.007504268 -203.815080895 -0.015171766 0.034728232 0.999281626 11.348065088
0.581996512 -0.812388656 0.036121053 190.111919966 0.813076314 0.582086769 -0.009049875 -203.681962018 -0.013673571 0.034636168 0.999306444 11.325573293
0.590043837 -0.806711957 0.032620392 190.309664673 0.807300000 0.590046647 -0.010567141 -203.501926003 -0.010722914 0.032569519 0.999411950 11.347636024
0.598052616 -0.800931962 0.029001051 190.468044663 0.801417222 0.597991198 -0.011703109 -203.292912099 -0.007968980 0.030241017 0.999510869 11.337688947
0.605688476 -0.795288441 0.025646960 190.569968892 0.795686520 0.605562315 -0.013313314 -203.097778548 -0.004942908 0.028470661 0.999582407 11.347380457
0.612918469 -0.789727851 0.025707437 190.703063539 0.790133470 0.612768526 -0.014277016 -202.920494046 -0.004477752 0.029062953 0.999567554 11.377560436
0.620157931 -0.784003500 0.027251661 190.889410035 0.784469789 0.619926738 -0.017262372 -202.750652052 -0.003360274 0.032083501 0.999479543 11.406592854
0.627778647 -0.777983392 0.025215331 190.995522669 0.778389522 0.627527546 -0.017858643 -202.542164905 -0.001929587 0.030838624 0.999522514 11.407105102
0.633735918 -0.773201650 0.023194702 191.115912450 0.773548110 0.633506116 -0.017126652 -202.361825433 -0.001451630 0.028795993 0.999584255 11.409611580
0.640579609 -0.767634434 0.019878145 191.305531063 0.767888389 0.640438899 -0.013617597 -202.164245752 -0.002277401 0.023987351 0.999709668 11.390625271
0.647415627 -0.761954903 0.016665304 191.485879799 0.762130613 0.647345726 -0.010021943 -201.969211111 -0.003151944 0.019189501 0.999810896 11.366812356
0.653080586 -0.757160282 0.013930421 191.646921151 0.757287735 0.652944781 -0.013356607 -201.821485418 0.001017297 0.019272277 0.999813755 11.380552303
0.658595795 -0.752410066 0.011431163 191.866496276 0.752453320 0.658318183 -0.020764648 -201.616179252 0.008098188 0.022276926 0.999719039 11.375477654
0.664810669 -0.746942422 0.010187886 192.048487490 0.746896137 0.664405738 -0.026667887 -201.390904168 0.013150486 0.025338389 0.999592432 11.412838724
0.669579464 -0.742705191 0.007234683 192.229246888 0.742554640 0.669162370 -0.028884757 -201.159554019 0.016611681 0.024712788 0.999556567 11.399120654
0.673114755 -0.739522299 0.004826628 192.494379700 0.739318521 0.672741600 -0.028755233 -200.843686100 0.018018062 0.022923987 0.999574830 11.378926732
0.675697725 -0.737167423 0.004095604 192.744336724 0.736993161 0.675392466 -0.026193459 -200.511743463 0.016542824 0.020717293 0.999648503 11.387628808
0.675077977 -0.737746105 0.000639560 193.076169837 0.737514836 0.674844128 -0.025637266 -200.188197022 0.018482190 0.017778839 0.999671107 11.362791602
0.672882036 -0.739746870 -0.002081878 193.344799102 0.739482320 0.672711745 -0.024996140 -199.880821315 0.019891320 0.015279942 0.999685380 11.376667210
0.669178054 -0.743094911 -0.003268867 193.668666672 0.742869427 0.669072127 -0.022079464 -199.516355320 0.018594245 0.012346751 0.999750875 11.378723930
0.666512233 -0.745492239 0.001662549 193.958328290 0.745345908 0.666333627 -0.021423715 -199.148287965 0.014863401 0.015518343 0.999769104 11.412103259
0.661240397 -0.750152047 0.005748419 194.313780719 0.750088874 0.661030404 -0.020136664 -198.766492043 0.011305680 0.017627000 0.999780711 11.472768593
0.655260297 -0.755351944 0.008796811 194.694501492 0.755377002 0.655096248 -0.015952761 -198.334564787 0.006287191 0.017098119 0.999834049 11.469381519
0.648286484 -0.761317654 0.010957388 195.064832866 0.761396470 0.648223524 -0.009037621 -197.925933977 -0.000222336 0.014201884 0.999899123 11.477933473
0.639365598 -0.768771531 0.014211426 195.417309034 0.768876388 0.639387774 -0.003517875 -197.510549608 -0.006382170 0.013176039 0.999892824 11.451199508
0.630737958 -0.775796346 0.017597109 195.802479724 0.775930613 0.630816854 -0.001334323 -197.055395880 -0.010065390 0.014495743 0.999844269 11.456218257
0.622433212 -0.782297351 0.024243590 196.200455306 0.782549090 0.622587084 -0.001498041 -196.573902082 -0.013921833 0.019904230 0.999704959 11.417758188
0.613165566 -0.789510638 0.026475303 196.603188591 0.789879644 0.613224225 -0.006796905 -196.084795976 -0.010869068 0.025079931 0.999626360 11.472989653
0.603234556 -0.797147874 0.025755356 196.972295265 0.797551796 0.603088272 -0.013988152 -195.564457601 -0.004382127 0.028979367 0.999570404 11.461982770
0.594044975 -0.804067280 0.024215229 197.349866566 0.804431716 0.593791626 -0.017352765 -194.996461616 -0.000426010 0.029787821 0.999556154 11.464174087
0.583622937 -0.811644045 0.024863853 197.703832128 0.812018077 0.583219912 -0.021935735 -194.491400512 0.003302915 0.032992097 0.999450155 11.423789712
0.573885578 -0.818416647 0.029146807 198.099271237 0.818916650 0.573267342 -0.027204321 -193.942187581 0.005555556 0.039480973 0.999204878 11.416151759
0.564309425 -0.824873525 0.033742262 198.525437377 0.825535101 0.563480372 -0.031331565 -193.369032740 0.006831476 0.045536118 0.998939334 11.360259142
0.556263153 -0.830163080 0.037424136 198.903955047 0.830993500 0.555441308 -0.030573796 -192.793099614 0.004594325 0.048106290 0.998831656 11.374831876
0.547754216 -0.835766258 0.038211005 199.290841057 0.836623355 0.546890225 -0.031184014 -192.232224436 0.005165322 0.049049395 0.998782998 11.454647615
0.539452621 -0.840982616 0.041702626 199.775495660 0.842013711 0.538674804 -0.029023547 -191.555202847 0.001944145 0.050771012 0.998708428 11.413591540
0.533663341 -0.844371536 0.047330201 200.137621978 0.845690565 0.533041411 -0.025967735 -190.962668809 -0.003302541 0.053884732 0.998541701 11.368962055
0.530182609 -0.846091403 0.055097537 200.503435059 0.847834768 0.529728198 -0.023753784 -190.333761576 -0.009088847 0.059307450 0.998198387 11.363847836
0.526650852 -0.848133100 0.057524982 200.936649569 0.849990519 0.526378344 -0.021022764 -189.706524277 -0.012449803 0.059967346 0.998122698 11.359459365
0.524166359 -0.849692370 0.057205799 201.317165335 0.851551159 0.523770906 -0.022905505 -189.044230498 -0.010500101 0.060719960 0.998099611 11.331701570
0.522407920 -0.850797719 0.056861291 201.697763496 0.852663420 0.521805656 -0.026152443 -188.343136575 -0.007420104 0.062145786 0.998039500 11.388143784
0.521305733 -0.851506987 0.056357648 202.137626914 0.853354404 0.520557260 -0.028397187 -187.643541706 -0.005156979 0.062896664 0.998006721 11.395222213
0.520729545 -0.851515154 0.061340717 202.579530205 0.853694880 0.519936871 -0.029507680 -186.938048506 -0.006767064 0.067731777 0.997680617 11.308374732
0.519478556 -0.852330930 0.060613657 202.977723330 0.854453785 0.518743365 -0.028531579 -186.216807675 -0.007124585 0.066613112 0.997753443 11.281327258
0.519806258 -0.852307885 0.058075153 203.387113257 0.854266282 0.519032890 -0.028878694 -185.538585556 -0.005529375 0.064622971 0.997894432 11.316451161
0.519794550 -0.852771061 0.050942548 203.802482374 0.854284666 0.519100531 -0.027061926 -184.870466643 -0.003366677 0.057586079 0.998334868 11.350594281
0.519755521 -0.853141523 0.044763158 204.205747894 0.854314787 0.519000613 -0.028010853 -184.087472859 0.000665115 0.052800623 0.998604853 11.382847012
0.521459151 -0.852296854 0.040870846 204.712913953 0.853253612 0.520497916 -0.032252017 -183.324459083 0.006215102 0.051691307 0.998643771 11.372040121
0.522381453 -0.851372751 0.047770876 205.148255780 0.852696093 0.521210058 -0.035347534 -182.558957013 0.005195266 0.059198936 0.998232686 11.313024080
0.521976593 -0.851607006 0.048020240 205.613590284 0.852959314 0.521209122 -0.028310068 -181.926024667 -0.000919535 0.055736503 0.998445089 11.333943900
0.521779469 -0.851453899 0.052653991 206.053036145 0.853057944 0.521218853 -0.024961006 -181.179534820 -0.006191107 0.057941046 0.998300809 11.297481517
0.521708908 -0.851409954 0.054045409 206.528418909 0.853061520 0.521387128 -0.021012019 -180.427193964 -0.010288739 0.057066216 0.998317379 11.322309519
0.522205980 -0.851395728 0.049256761 206.933612474 0.852746540 0.522044620 -0.017110003 -179.697411151 -0.011146843 0.050938479 0.998639584 11.377005161
0.523184272 -0.851219921 0.041265762 207.380841848 0.852182086 0.523001804 -0.015962628 -178.857656348 -0.007994362 0.043517339 0.999020686 11.370238755
0.524235992 -0.850504541 0.042645636 207.842520339 0.851563502 0.523809250 -0.021528390 -178.105045228 -0.004028185 0.047601424 0.998858287 11.390286952
0.525258858 -0.849964590 0.040783920 208.303666571 0.850936126 0.524836761 -0.021309257 -177.380582703 -0.003292787 0.045897387 0.998940733 11.338573355
0.524609401 -0.850335909 0.041398289 208.762195986 0.851333910 0.524208407 -0.020883490 -176.639713166 -0.003943350 0.046199442 0.998924452 11.384432793
0.523229695 -0.850750394 0.049542435 209.203188941 0.852167198 0.522770553 -0.022847672 -175.958714107 -0.006461660 0.054173019 0.998510656 11.359867922
0.522418850 -0.851285448 0.048904310 209.645429899 0.852657755 0.522030859 -0.021413435 -175.244267420 -0.007300614 0.052885421 0.998573900 11.366089056
0.522766979 -0.851294860 0.044852502 210.089382813 0.852446202 0.522461997 -0.019207674 -174.483376464 -0.007082334 0.048275482 0.998808950 11.358178381
0.522681352 -0.851343120 0.044934350 210.531166104 0.852484906 0.522459085 -0.017492549 -173.713733910 -0.008584198 0.047448884 0.998836781 11.350024449
0.522765280 -0.851332387 0.044154600 210.984513897 0.852426319 0.522595650 -0.016222134 -172.957399175 -0.009264573 0.046118911 0.998892994 11.372978452
0.523464521 -0.850584657 0.049906277 211.422925196 0.852019624 0.523022306 -0.022588248 -172.169096264 -0.006888879 0.054345274 0.998498440 11.379364326
0.522831345 -0.851225558 0.045414028 211.903678584 0.852436074 0.522066773 -0.028267001 -171.515617867 0.000352439 0.053491430 0.998568246 11.455825119
0.520075535 -0.853038577 0.042972359 212.347908522 0.854092093 0.518991081 -0.034277597 -170.777353706 0.006937841 0.054529292 0.998488068 11.434182883
0.519766002 -0.853063013 0.046117240 212.801185335 0.854300021 0.518759979 -0.032550859 -170.086057340 0.003844155 0.056316789 0.998405550 11.456703211
0.518310045 -0.853658763 0.051199749 213.250084406 0.855190264 0.517524133 -0.028607411 -169.314193976 -0.002076138 0.058613035 0.998278619 11.454212710
0.518782850 -0.853468562 0.049555705 213.678446987 0.854900745 0.518111524 -0.026554930 -168.619315596 -0.003011584 0.056141451 0.998418283 11.482040173
0.518741400 -0.853869788 0.042588088 214.109905829 0.854930633 0.518154509 -0.024688415 -167.890963234 -0.000986518 0.049216764 0.998787634 11.518938141
0.517826847 -0.854412154 0.042839550 214.490816011 0.855482943 0.517054406 -0.028349182 -167.244056055 0.002071507 0.051328472 0.998679677 11.515851042
0.516430830 -0.855229549 0.043377609 214.899950750 0.856328663 0.515729393 -0.026914953 -166.533798730 0.000647355 0.051045202 0.998696134 11.506589529
0.514994091 -0.856077863 0.043723903 215.323694598 0.857192784 0.514398812 -0.024786953 -165.858119649 -0.001271962 0.050244948 0.998736115 11.481652801
0.512641746 -0.857303419 0.047215343 215.699672457 0.858600561 0.511984939 -0.026009603 -165.256206743 -0.001875423 0.053872728 0.998546049 11.584789882
0.509678697 -0.859026550 0.047968867 216.086614006 0.860359719 0.509074913 -0.024977750 -164.723160454 -0.002963197 0.054001108 0.998536479 11.607258294
0.505755405 -0.861346563 0.047891222 216.407639226 0.862661885 0.505294431 -0.022181314 -164.097537252 -0.005093369 0.052532251 0.998606239 11.586216025
0.499675119 -0.864904439 0.047592917 216.717152062 0.866200167 0.499210834 -0.022041209 -163.441322092 -0.004695360 0.052238436 0.998623602 11.578720549
0.491820320 -0.869460027 0.046390026 217.093824681 0.870683842 0.491404249 -0.020772867 -162.784581762 -0.004735078 0.050607564 0.998707391 11.580554113
0.484578635 -0.873441806 0.047780316 217.373862351 0.874722709 0.484254312 -0.018919421 -162.221541539 -0.006612810 0.050962475 0.998678676 11.573452428
0.475727973 -0.878547535 0.042861680 217.561462550 0.879584544 0.475365276 -0.018944216 -161.781611381 -0.003731560 0.046712765 0.998901393 11.562583126
0.464991849 -0.884266611 0.043071356 217.875775065 0.885314742 0.464406862 -0.023325411 -161.318752778 0.000623249 0.048977833 0.998799671 11.632290958
0.449972206 -0.892096420 0.041097329 218.183969758 0.892992752 0.448984379 -0.031256565 -160.844272364 0.009431811 0.050764202 0.998666129 11.625969438
0.431268740 -0.901172300 0.043540316 218.431897784 0.902099976 0.429908673 -0.037338544 -160.233984467 0.014930102 0.055380665 0.998353682 11.638120501
0.406653748 -0.912569219 0.043013365 218.629186458 0.913434599 0.405290321 -0.037107814 -159.726647381 0.016430549 0.054379928 0.998385126 11.641181545
0.377803522 -0.925070867 0.038837997 218.820096697 0.925793988 0.376842884 -0.029915426 -159.167324969 0.013038066 0.047258138 0.998797616 11.666474046
0.347240379 -0.936990573 0.038376870 218.976221879 0.937725744 0.346506517 -0.024569554 -158.578797506 0.009723605 0.044518520 0.998961237 11.660754893
0.314561275 -0.948542009 0.036321641 219.129800876 0.949210520 0.314035364 -0.019523787 -158.044242779 0.007112852 0.040618311 0.999149418 11.657725073
0.279691964 -0.959459739 0.034776631 219.245683016 0.960075648 0.279307697 -0.015555106 -157.539456947 0.005211117 0.037738834 0.999274049 11.668187133
0.245728906 -0.968818670 0.031744119 219.375986570 0.969331927 0.245473978 -0.011753371 -156.965310801 0.003594530 0.033658731 0.999426920 11.690519613
0.210294296 -0.977207760 0.029005207 219.477812503 0.977630292 0.210081250 -0.010241132 -156.435601939 0.003914263 0.030510020 0.999526797 11.693985266
0.176549923 -0.983930364 0.026667634 219.553594659 0.984278680 0.176343499 -0.009922202 -155.859310493 0.005060092 0.028000148 0.999595112 11.694668188
0.141460871 -0.989617929 0.025400311 219.621277977 0.989932657 0.141290697 -0.008382936 -155.307236967 0.004707076 0.026330455 0.999642211 11.686989692
0.107026391 -0.994036966 0.020877307 219.619010136 0.994233289 0.106857843 -0.009031560 -154.746929879 0.006746801 0.021723529 0.999741251 11.763739246
0.074423250 -0.997115962 0.014864012 219.653444116 0.997193929 0.074291615 -0.009220789 -154.168378879 0.008089925 0.015508544 0.999847007 11.741512868
0.046045436 -0.998893089 0.009613245 219.712312414 0.998909474 0.045967504 -0.008176238 -153.639410948 0.007725291 0.009979240 0.999920364 11.705071259
0.022808052 -0.999711584 0.007519399 219.713143168 0.999727029 0.022769003 -0.005238400 -153.067303439 0.005065680 0.007636824 0.999958008 11.710708204
0.005641022 -0.999963292 0.006449327 219.653860354 0.999983923 0.005644624 0.000540442 -152.387945731 -0.000576827 0.006446175 0.999979057 11.704418641
-0.007447468 -0.999968453 0.002762085 219.669651490 0.999939170 -0.007424720 0.008156594 -151.739278536 -0.008135829 0.002822663 0.999962920 11.692474999
-0.018660889 -0.999823865 -0.002002573 219.628931424 0.999775699 -0.018679980 0.009980440 -151.120937418 -0.010016090 -0.001815880 0.999948189 11.712889400
-0.028962427 -0.999554992 -0.007141176 219.604484772 0.999526501 -0.029034382 0.010187152 -150.488258273 -0.010389959 -0.006842750 0.999922610 11.682333577
-0.033569933 -0.999403046 -0.008161617 219.603305831 0.999378367 -0.033654845 0.010499092 -149.825216423 -0.010767503 -0.007804090 0.999911575 11.683556458
-0.036881511 -0.999300211 -0.006232370 219.530374492 0.999273286 -0.036939155 0.009402043 -149.188718472 -0.009625682 -0.005881079 0.999936378 11.687944708
-0.038956724 -0.999233450 -0.003858194 219.481838737 0.999190106 -0.038993384 0.009932219 -148.468069883 -0.010075050 -0.003468143 0.999943231 11.652054070
-0.039719600 -0.999206049 0.003102344 219.491500767 0.999170582 -0.039689928 0.009102637 -147.766799197 -0.008972278 0.003461324 0.999953758 11.710972527
-0.039682761 -0.999192189 0.006344096 219.464481389 0.999192978 -0.039641679 0.006475317 -147.065379621 -0.006218595 0.006595934 0.999958911 11.778686140
-0.040538386 -0.999123424 0.010441409 219.451396063 0.999175198 -0.040511393 0.002783913 -146.347906766 -0.002358477 0.010545652 0.999941612 11.780997634
-0.040916903 -0.999062335 0.014151260 219.403781860 0.999162364 -0.040921509 -0.000035961 -145.586601708 0.000615018 0.014137935 0.999899865 11.790428365
-0.040326548 -0.999111859 0.012217348 219.339315120 0.999186522 -0.040326639 0.000238993 -144.789442981 0.000253903 0.012217047 0.999925337 11.732723382
-0.037606775 -0.999219526 0.012085894 219.345004762 0.999287870 -0.037566575 0.003536287 -143.983685343 -0.003079502 0.012210276 0.999920710 11.674097489
-0.035748168 -0.999265723 0.013787094 219.334754182 0.999338116 -0.035650938 0.007234740 -143.171470406 -0.006737905 0.014036598 0.999878780 11.704014043
-0.033658650 -0.999354502 0.012556890 219.313971677 0.999410803 -0.033570770 0.007144928 -142.368380061 -0.006718772 0.012789980 0.999895632 11.765923106
-0.029958320 -0.999463751 0.013217750 219.271024578 0.999550465 -0.029940208 0.001566119 -141.587266725 -0.001169537 0.013258726 0.999911415 11.792669350
-0.025595420 -0.999561880 0.014863482 219.231999908 0.999657216 -0.025674107 -0.005127502 -140.745968859 0.005506862 0.014727146 0.999876385 11.776864569
-0.020357132 -0.999612739 0.018972569 219.202681581 0.999766147 -0.020491415 -0.006910412 -139.856404648 0.007296510 0.018827456 0.999796123 11.738066285
-0.016684148 -0.999627466 0.021600176 219.182180930 0.999846088 -0.016797238 -0.005064791 -139.011318245 0.005425728 0.021512350 0.999753860 11.715881972
-0.011802565 -0.999638912 0.024140115 219.185368732 0.999925590 -0.011873539 -0.002798878 -138.055627907 0.003084496 0.024105285 0.999704667 11.737729818
-0.007080157 -0.999635042 0.026070183 219.210245064 0.999974123 -0.007110982 -0.001089851 -137.143022410 0.001274838 0.026061792 0.999659521 11.731942812
-0.003567433 -0.999652435 0.026120536 219.190602468 0.999992598 -0.003528570 0.001533761 -136.227484419 -0.001441059 0.026125814 0.999657624 11.697069862
0.000945299 -0.999620428 0.027533733 219.201083401 0.999991163 0.001057722 0.004068819 -135.240835025 -0.004096397 0.027529643 0.999612594 11.692194390
0.004385030 -0.999338502 0.036101665 219.217814332 0.999986851 0.004478151 0.002498974 -134.268205489 -0.002658990 0.036090232 0.999344998 11.774320110
0.007717996 -0.999042751 0.043058265 219.276448601 0.999965232 0.007574855 -0.003486523 -133.320783782 0.003157025 0.043083677 0.999066479 11.816569446
0.008393703 -0.999108957 0.041362279 219.266014552 0.999901103 0.007919218 -0.011621970 -132.325273271 0.011284058 0.041455740 0.999076620 11.772358247
0.009000798 -0.998913523 0.045724831 219.290826897 0.999812940 0.008207223 -0.017513628 -131.350702456 0.017119326 0.045873914 0.998800537 11.746885922
0.008515812 -0.998842177 0.047347504 219.259400106 0.999799562 0.007646889 -0.018502978 -130.381724416 0.018119494 0.047495582 0.998707091 11.829370830
0.009314621 -0.998990844 0.043937822 219.246275397 0.999876756 0.008749562 -0.013035274 -129.346157071 0.012637683 0.044053825 0.998949223 11.839519834
0.008005329 -0.999089970 0.041894476 219.270825071 0.999965665 0.007908583 -0.002474511 -128.322192287 0.002140934 0.041912847 0.999118977 11.835910596
0.006735146 -0.999266344 0.037701617 219.231809638 0.999964229 0.006923176 0.004858990 -127.221601012 -0.005116440 0.037667543 0.999277228 11.783491149
0.003458745 -0.999338695 0.036196809 219.263518668 0.999960556 0.003752482 0.008050208 -126.158812559 -0.008180712 0.036167538 0.999312256 11.800687771
-0.000595134 -0.999166488 0.040816353 219.253143707 0.999996111 -0.000483430 0.002746578 -125.251355419 -0.002724557 0.040817829 0.999162890 11.847823806
-0.003520615 -0.999103192 0.042194982 219.236494047 0.999965194 -0.003836548 -0.007408826 -124.258453344 0.007564065 0.042167429 0.999081925 11.859968050
-0.006443494 -0.999077982 0.042446061 219.248533455 0.999887201 -0.007012988 -0.013281667 -123.239886377 0.013567095 0.042355693 0.999010475 11.875538419
-0.009211358 -0.999132068 0.040623424 219.174027761 0.999884475 -0.009694291 -0.011707138 -122.226383134 0.012090792 0.040510892 0.999105941 11.878115419
-0.011245654 -0.999132415 0.040099292 219.161988305 0.999907926 -0.011540854 -0.007137852 -121.136466554 0.007594440 0.040015330 0.999170205 11.894589054
-0.012072899 -0.999137436 0.039731969 219.210121077 0.999925613 -0.012132322 -0.001254808 -120.132943513 0.001735766 0.039713865 0.999209586 11.922532591
-0.014648308 -0.999281540 0.034954692 219.200527581 0.999883433 -0.014488645 0.004816678 -119.028966436 -0.004306771 0.035021174 0.999377291 11.893163742
-0.017022868 -0.999200505 0.036174207 219.166918096 0.999826663 -0.016738373 0.008152938 -118.042205586 -0.007540922 0.036306723 0.999312242 11.920430154
-0.016302167 -0.999248662 0.035161784 219.119946024 0.999856258 -0.016128060 0.005229584 -117.106002625 -0.004658564 0.035241984 0.999367950 11.914538960
-0.015649131 -0.999403831 0.030774786 219.141778976 0.999876180 -0.015692552 -0.001169913 -116.172045253 0.001652150 0.030752667 0.999525659 11.969937786
-0.017296769 -0.999330303 0.032245418 219.126710448 0.999830868 -0.017489016 -0.005689502 -115.182796692 0.006249633 0.032141554 0.999463788 11.970174910
-0.017365044 -0.999405664 0.029778756 219.075778311 0.999837040 -0.017504113 -0.004415756 -114.146376266 0.004934383 0.029697223 0.999546761 11.936482657
-0.016450050 -0.999443304 0.029025459 219.032541970 0.999863245 -0.016393756 0.002176372 -113.142387786 -0.001699324 0.029057291 0.999576303 11.908480446
-0.015885416 -0.999339515 0.032683129 219.029268700 0.999851290 -0.015657145 0.007228488 -112.097322377 -0.006711990 0.032793096 0.999439624 11.918230319
-0.015149819 -0.999278032 0.034841043 219.023238381 0.999861775 -0.014901569 0.007373878 -111.095563979 -0.006849368 0.034947940 0.999365663 11.965384332
-0.013502948 -0.999216631 0.037199390 218.995440289 0.999907277 -0.013427982 0.002264368 -110.150715530 -0.001763082 0.037226516 0.999305298 11.990208764
-0.010850476 -0.999250929 0.037146316 219.016313180 0.999931735 -0.011003937 -0.003929283 -109.192975388 0.004335096 0.037101146 0.999302112 11.969729890
-0.005988190 -0.999001092 0.044282729 219.028804834 0.999925858 -0.006451518 -0.010327438 -108.149830174 0.010602813 0.044217603 0.998965657 12.074216792
-0.004127899 -0.999119164 0.041759505 219.039040124 0.999907934 -0.004663749 -0.012742551 -107.148701766 0.012926083 0.041703060 0.999046431 12.073215833
-0.004377163 -0.998980817 0.044924013 219.042378155 0.999956106 -0.004744758 -0.008079239 -106.167047499 0.008284158 0.044886677 0.998957736 12.096245511
-0.004236372 -0.998780775 0.049183491 219.048985207 0.999989936 -0.004303889 -0.001266919 -105.155482353 0.001477055 0.049177629 0.998788956 12.026923671
-0.003462842 -0.998741607 0.050032111 219.001782781 0.999993995 -0.003451758 0.000307936 -104.176091295 -0.000134850 0.050032876 0.998747562 12.079861717
-0.002306000 -0.998894706 0.046947304 219.021667590 0.999996103 -0.002377339 -0.001463776 -103.351480089 0.001573768 0.046943745 0.998896295 12.083120939
-0.003314165 -0.998933571 0.046051466 219.001774300 0.999992218 -0.003409190 -0.001985074 -102.415676358 0.002139955 0.046044529 0.998937096 12.069718562
-0.004722437 -0.998750793 0.049744875 218.989729397 0.999981191 -0.004911243 -0.003673939 -101.426187145 0.003913659 0.049726589 0.998755200 12.100373756
-0.004187284 -0.998667701 0.051432389 218.932786784 0.999972614 -0.004495528 -0.005878974 -100.389262080 0.006102357 0.051406363 0.998659175 12.180769571
-0.006729325 -0.998397622 0.056186330 218.932883555 0.999970723 -0.006923325 -0.003258855 -99.440605073 0.003642629 0.056162755 0.998414982 12.170445596
-0.008981771 -0.998231804 0.058758767 218.932023834 0.999956698 -0.008823124 0.002958854 -98.575204843 -0.002435186 0.058782799 0.998267826 12.185473386
-0.011256106 -0.998141573 0.059889070 218.959045409 0.999924910 -0.010945564 0.005510837 -97.668781304 -0.004845076 0.059946604 0.998189827 12.208021168
-0.013194197 -0.997886651 0.063625034 218.940974052 0.999905454 -0.012920932 0.004704490 -96.758920394 -0.003872453 0.063681090 0.997962786 12.193785644
-0.017909245 -0.997844553 0.063130868 218.911980159 0.999826114 -0.017545120 0.006317494 -95.814999330 -0.005196239 0.063233032 0.997985262 12.222759365
-0.021783917 -0.998039323 0.058676826 218.839256997 0.999737129 -0.021326024 0.008418661 -94.897842425 -0.007150812 0.058844793 0.998241532 12.235870295
-0.025690726 -0.998266703 0.052948816 218.762809293 0.999631768 -0.025190823 0.010087209 -93.984145820 -0.008735900 0.053188466 0.998546279 12.201979717
-0.028912306 -0.998442965 0.047704554 218.751630015 0.999547010 -0.028479311 0.009731599 -93.080670302 -0.008357854 0.047964307 0.998814083 12.204075577
-0.030038296 -0.998355469 0.048826825 218.792979134 0.999527748 -0.029685154 0.007941842 -92.234067354 -0.006479349 0.049042326 0.998775685 12.217887406
-0.033755173 -0.998280259 0.047928206 218.733862012 0.999424286 -0.033552113 0.005035193 -91.359822549 -0.003418442 0.048070577 0.998838092 12.269409305
-0.035883881 -0.998096034 0.050166258 218.701742447 0.999350765 -0.035676506 0.005023397 -90.492513603 -0.003224076 0.050313948 0.998728247 12.275485401
-0.035841774 -0.998007497 0.051926910 218.636945859 0.999353525 -0.035647088 0.004670847 -89.733409774 -0.002810497 0.052060752 0.998639965 12.351029184
-0.037325235 -0.998032769 0.050372793 218.495835173 0.999294695 -0.037069861 0.005994763 -88.895815070 -0.004115657 0.050561021 0.998712493 12.337986296
-0.035630348 -0.998356250 0.044891820 218.503523216 0.999337711 -0.035261217 0.008988137 -88.079933851 -0.007390422 0.045182339 0.998951419 12.257568841
-0.032891128 -0.998510854 0.043522951 218.561309812 0.999422950 -0.032489193 0.009910563 -87.368499718 -0.008481779 0.043823806 0.999003270 12.264723277
-0.029896227 -0.998766224 0.039651558 218.522441159 0.999504700 -0.029481247 0.011009560 -86.557449986 -0.009827000 0.039961063 0.999152913 12.283328664
-0.028899635 -0.998824122 0.038925369 218.367748297 0.999542281 -0.028528021 0.010068808 -85.816121432 -0.008946504 0.039198537 0.999191390 12.313128068
-0.022201029 -0.998932240 0.040515365 218.337858962 0.999693357 -0.021736846 0.011861806 -85.128670168 -0.010968464 0.040766286 0.999108504 12.300082530
-0.016559478 -0.999288305 0.033891988 218.269768012 0.999755475 -0.016051355 0.015210012 -84.502497778 -0.014655175 0.034135570 0.999309756 12.246878590
-0.007338490 -0.999446950 0.032433625 218.252404523 0.999861256 -0.006848778 0.015184273 -83.843519086 -0.014953745 0.032540554 0.999358543 12.223940510
0.004764794 -0.999445387 0.032957791 218.177234088 0.999897320 0.005207193 0.013350422 -83.222007654 -0.013514635 0.032890795 0.999367575 12.233482260
0.019911894 -0.999334384 0.030566424 218.191852120 0.999710220 0.020314414 0.012915092 -82.619511692 -0.013527435 0.030300402 0.999449295 12.202644700
0.037416747 -0.998715701 0.034160425 218.200461194 0.999224867 0.037810556 0.010955724 -82.003622649 -0.012233278 0.033724019 0.999356312 12.206551680
0.061987737 -0.997634930 0.029699604 218.160244814 0.997968725 0.062391690 0.012872457 -81.343254950 -0.014695021 0.028841341 0.999475979 12.122271209
0.085341304 -0.995906698 0.029777682 218.144212607 0.996216053 0.085784848 0.013947619 -80.699142383 -0.016445001 0.028474697 0.999459231 12.101554602
0.109705853 -0.993599955 0.026902715 218.155480800 0.993827389 0.110099466 0.013609887 -80.049576447 -0.016484757 0.025243571 0.999545404 12.071191752
0.139513734 -0.989930559 0.023945890 218.273716637 0.990050691 0.139896415 0.015120249 -79.518128383 -0.018317940 0.021598163 0.999598906 12.018516520
0.174805327 -0.984273687 0.025463838 218.460935183 0.984397141 0.175239161 0.015921820 -79.049056120 -0.020133690 0.022283311 0.999548943 12.020684819
0.212760317 -0.976911709 0.019405169 218.681672096 0.976925435 0.213059499 0.014911217 -78.501321195 -0.018701399 0.015784888 0.999700503 11.978934488
0.252533075 -0.967445470 0.016622544 218.831152546 0.967463979 0.252738714 0.011687201 -77.905230716 -0.015507890 0.013130307 0.999793529 11.947616327
0.295644401 -0.955238027 0.010709801 219.020393937 0.955198775 0.295756726 0.011102183 -77.360060705 -0.013772723 0.006947691 0.999881014 11.896948111
0.341405482 -0.939915265 0.001261712 219.225430607 0.939834273 0.341393161 0.012737717 -76.759909400 -0.012403114 -0.003162927 0.999918076 11.856436317
0.389950535 -0.920833494 -0.002063044 219.378727280 0.920799991 0.389914630 0.009693172 -76.285520977 -0.008121386 -0.005679509 0.999950892 11.971762120
0.439528582 -0.898127211 -0.013495828 219.682997798 0.898213798 0.439385453 0.012344922 -75.757513051 -0.005157440 -0.017548085 0.999832719 11.908439825
0.488548241 -0.872486019 -0.009421349 219.945446892 0.872523920 0.488453640 0.010726107 -75.260767775 -0.004756486 -0.013460573 0.999898089 11.965780434
0.540459202 -0.841336075 -0.007580209 220.190680255 0.841338742 0.540339112 0.013519058 -74.823260166 -0.007278188 -0.013684023 0.999879881 11.996481133
0.591409702 -0.806361412 -0.003979679 220.631188275 0.806302404 0.591287538 0.015983772 -74.369540609 -0.010535562 -0.012661783 0.999864331 12.088992593
0.641651775 -0.766994312 -0.001650909 221.136856162 0.766908313 0.641544294 0.016509353 -73.859819751 -0.011603449 -0.011859352 0.999862348 12.045360815
0.686588853 -0.727038485 0.003284469 221.551089874 0.726920488 0.686547317 0.015472096 -73.484357863 -0.013503753 -0.008235420 0.999874905 12.032512505
0.727832328 -0.685751499 0.002232386 221.978683858 0.685667604 0.727787583 0.013607709 -73.106239717 -0.010956210 -0.008373456 0.999904919 12.033802614
0.767392982 -0.641158123 -0.004926723 222.397184651 0.641164693 0.767307831 0.012104868 -72.801392120 -0.003980821 -0.012448032 0.999914596 12.061484951
0.802729764 -0.596179427 -0.013964828 222.834729370 0.596327184 0.802658740 0.011525460 -72.425161142 0.004337749 -0.017579436 0.999836060 12.042114253
0.833799503 -0.551724790 -0.019445922 223.358835203 0.551935105 0.833853454 0.007487120 -72.051760964 0.012084220 -0.016975644 0.999782876 12.028048855
0.862191024 -0.506297092 -0.017026248 223.832550807 0.506337468 0.862332690 -0.002168026 -71.830447384 0.015779955 -0.006751775 0.999852692 12.052826423
0.888338496 -0.458999649 -0.013192343 224.300633937 0.458940056 0.888436288 -0.007415341 -71.638783228 0.015124195 0.000532838 0.999885481 12.109030078
0.912468143 -0.409030000 -0.009815695 224.892608447 0.408960927 0.912513896 -0.008327604 -71.352969583 0.012363198 0.003584437 0.999917148 12.139599879
0.932410431 -0.361272556 -0.009639882 225.510383843 0.361214798 0.932454535 -0.007239515 -71.120380518 0.011604190 0.003268131 0.999927328 12.170315107
0.949607258 -0.313346257 -0.007757549 226.161935431 0.313288028 0.949625566 -0.007867368 -70.944343925 0.009831977 0.005040563 0.999938961 12.139360311
0.963673140 -0.266985139 -0.007281089 226.793037411 0.266924338 0.963681334 -0.008347691 -70.765518881 0.009245359 0.006100946 0.999938649 12.167435460
0.975187167 -0.221210020 -0.008724457 227.438573592 0.221169470 0.975220555 -0.005379085 -70.595634657 0.009698177 0.003316031 0.999947473 12.203941116
0.983974565 -0.178050116 -0.009602679 228.061103081 0.177954901 0.983987810 -0.010002137 -70.504159565 0.011229800 0.008133005 0.999903868 12.238664063
0.989704234 -0.142036667 -0.017638412 228.650085120 0.141871262 0.989831470 -0.010305595 -70.473652453 0.018922828 0.007697107 0.999791319 12.217045866
0.993477917 -0.111983847 -0.021476626 229.260888865 0.111562027 0.993557633 -0.019928463 -70.398056359 0.023569932 0.017402512 0.999570713 12.253015881
0.996150672 -0.083462477 -0.026792785 229.982265089 0.082905629 0.996330522 -0.021263750 -70.366959165 0.028469194 0.018960626 0.999414829 12.311779608
0.997870655 -0.061109050 -0.022799979 230.720139686 0.060474299 0.997789148 -0.027562221 -70.277807605 0.024433873 0.026124719 0.999360038 12.328956211
0.999036505 -0.041763607 -0.013485666 231.438028351 0.041411662 0.998819266 -0.025399766 -70.207470016 0.014530529 0.024816829 0.999586409 12.338704235
0.999685635 -0.024832530 -0.003460810 232.265660095 0.024758669 0.999494145 -0.019961518 -70.265441053 0.003954755 0.019869558 0.999794759 12.301472902
0.999934834 -0.011413424 0.000248236 233.054645908 0.011416062 0.999621733 -0.025021271 -70.313764181 0.000037436 0.025022474 0.999686888 12.317407952
0.999993988 -0.003217728 0.001292017 233.796093492 0.003251557 0.999627566 -0.027095332 -70.250201582 -0.001204350 0.027099370 0.999632019 12.327843721
0.999991588 0.003380656 -0.002322667 234.632959743 -0.003454243 0.999467564 -0.032444657 -70.265981086 0.002211746 0.032452407 0.999470835 12.319733058
0.999963024 0.005531945 -0.006583912 235.432167440 -0.005731130 0.999514388 -0.030629102 -70.253411368 0.006411276 0.030665703 0.999509135 12.282261910
0.999947023 0.007140993 -0.007413272 236.212613916 -0.007385906 0.999409649 -0.033552979 -70.272005454 0.007169294 0.033605956 0.999409446 12.291149399
0.999933365 0.006247881 -0.009707156 236.870332191 -0.006569655 0.999417872 -0.033477702 -70.293712654 0.009492341 0.033539244 0.999392323 12.309982213
0.999952035 0.007386926 -0.006431314 237.680182931 -0.007615494 0.999312924 -0.036272359 -70.367183887 0.006158954 0.036319597 0.999321247 12.344359415
0.999963844 0.007718387 -0.003568889 238.520180135 -0.007868007 0.999000300 -0.044005624 -70.377843741 0.003225668 0.044032113 0.999024909 12.361708254
0.999946631 0.006955812 -0.007638774 239.353668245 -0.007324041 0.998757898 -0.049285094 -70.376003214 0.007286468 0.049338410 0.998755540 12.384533813
0.999863728 0.007090901 -0.014907892 240.129558896 -0.007913853 0.998405655 -0.055888447 -70.345613971 0.014487825 0.055998809 0.998325717 12.420957806
0.999776213 0.005439454 -0.020443497 240.940992403 -0.006676125 0.998120375 -0.060919185 -70.308319889 0.020073704 0.061042035 0.997933323 12.483030479
0.999701303 0.002228820 -0.024337974 241.763455035 -0.003850166 0.997760579 -0.066775772 -70.361057293 0.024134640 0.066849531 0.997471132 12.470612109
0.999748062 0.000247683 -0.022444391 242.563924456 -0.001991251 0.996975192 -0.077694931 -70.337026287 0.022357257 0.077720049 0.996724509 12.558133646
0.999819766 -0.001741644 -0.018905075 243.411861213 0.000144078 0.996450636 -0.084179034 -70.376645284 0.018984583 0.084161138 0.996271293 12.565495227
0.999917478 -0.004534213 -0.012019903 244.316006334 0.003526699 0.996580297 -0.082554679 -70.400090339 0.012353119 0.082505476 0.996514048 12.574151653
0.999956265 -0.007194524 -0.005975471 245.219353394 0.006669151 0.996467261 -0.083716904 -70.362663357 0.006556665 0.083673391 0.996471662 12.510807354
0.999953883 -0.009590732 -0.000500011 246.117786191 0.009519114 0.996693655 -0.080691669 -70.327485116 0.001272250 0.080683188 0.996738985 12.573821420
0.999947506 -0.009803462 0.002979595 246.962767410 0.009997156 0.997206500 -0.074021984 -70.303277221 -0.002245600 0.074047886 0.997252159 12.570149451
0.999926836 -0.011023963 0.004979436 247.859875424 0.011337709 0.997612145 -0.068128297 -70.294541814 -0.004216502 0.068179768 0.997664142 12.530409205
0.999934507 -0.011436293 -0.000438343 248.754950534 0.011385028 0.997897613 -0.063802311 -70.231581562 0.001167084 0.063793142 0.997962461 12.581433610
0.999897754 -0.011267188 -0.008805186 249.637840656 0.010703633 0.998042188 -0.061621618 -70.282080837 0.009482249 0.061521070 0.998060742 12.624080749
0.999825359 -0.012059620 -0.014276454 250.549521059 0.011195439 0.998187072 -0.059137395 -70.283327678 0.014963747 0.058967236 0.998147760 12.611177104
0.999815207 -0.011871887 -0.015119842 251.452717935 0.010999704 0.998341068 -0.056516529 -70.228571045 0.015765717 0.056339772 0.998287169 12.640072320
0.999875831 -0.011985755 -0.010230564 252.430157689 0.011432986 0.998556586 -0.052478866 -70.191428191 0.010844795 0.052355384 0.998569629 12.639476338
0.999934713 -0.009895812 -0.005713407 253.379093197 0.009585066 0.998597477 -0.052069238 -70.157179966 0.006220661 0.052011075 0.998627133 12.635597866
0.999959186 -0.008979219 -0.000999932 254.363141487 0.008923970 0.998909608 -0.045825300 -70.149959539 0.001410317 0.045814506 0.998948969 12.637756117
0.999976070 -0.005970862 0.003493994 255.374648758 0.006110284 0.999125814 -0.041355447 -70.189052895 -0.003244011 0.041375807 0.999138388 12.614810960
0.999970263 -0.005241207 0.005657066 256.303542771 0.005423804 0.999448530 -0.032760023 -70.152631132 -0.005482244 0.032789732 0.999447236 12.631169061
0.999986399 -0.005164391 -0.000728175 257.275278309 0.005139743 0.999520266 -0.030542119 -70.149741044 0.000885557 0.030537961 0.999533215 12.586195573
0.999928482 -0.004947754 -0.010888133 258.260348697 0.004542850 0.999308516 -0.036903277 -70.123513779 0.011063192 0.036851174 0.999259524 12.644771128
0.999878163 -0.006578429 -0.014155714 259.255844449 0.005972605 0.999081934 -0.042421903 -70.101399421 0.014421787 0.042332188 0.998999498 12.715334559
0.999949438 -0.008122846 -0.005927940 260.267168193 0.007881353 0.999181226 -0.039683275 -70.110130969 0.006245428 0.039634549 0.999194724 12.659427923
0.999965245 -0.007959221 0.002481855 261.321661270 0.008060822 0.998997228 -0.044040445 -70.150786631 -0.002128839 0.044058920 0.999026666 12.603347757
0.999943392 -0.008932462 0.005781278 262.404236454 0.009193349 0.998862253 -0.046794033 -70.122982838 -0.005356715 0.046844533 0.998887829 12.611293117
0.999942157 -0.010400972 0.002739114 263.538407916 0.010529184 0.998595886 -0.051917177 -70.087970337 -0.002195278 0.051943014 0.998647638 12.699764555
0.999934559 -0.011167757 -0.002481614 264.639559102 0.011023930 0.998591060 -0.051907306 -70.045908717 0.003057806 0.051876552 0.998648824 12.751648042
0.999908358 -0.012699353 -0.004690668 265.668793448 0.012414808 0.998331746 -0.056387921 -70.033028342 0.005398933 0.056324519 0.998397917 12.825740553
0.999913197 -0.012982714 -0.002246853 266.676855836 0.012825357 0.998131838 -0.059735620 -70.062669687 0.003018186 0.059701618 0.998211705 12.844362831
0.999931603 -0.011597988 -0.001508455 267.838539892 0.011474271 0.997785808 -0.065511995 -70.112724794 0.002264922 0.065490206 0.997850642 12.874509527
0.999904626 -0.013591421 0.002452033 269.047271276 0.013702738 0.998487186 -0.053250105 -70.059004774 -0.001724579 0.053278626 0.998578196 12.819003828
0.999857378 -0.016152461 0.004931778 270.128413929 0.016382152 0.998576381 -0.050762557 -70.004020563 -0.004104816 0.050836111 0.998698573 12.830999271
0.999883881 -0.013935266 0.006167041 271.235194504 0.014217296 0.998730046 -0.048333881 -69.969764688 -0.005485663 0.048415947 0.998812196 12.831440358
0.999899934 -0.012692693 0.006246454 272.240920522 0.012987193 0.998684098 -0.049612553 -69.903489327 -0.005608518 0.049688712 0.998749006 12.806407665
0.999950305 -0.009720054 0.002215444 273.312249799 0.009820573 0.998645546 -0.051094332 -69.956132305 -0.001715804 0.051113549 0.998691374 12.806776094
0.999929113 -0.011814190 -0.001481335 274.385003891 0.011717256 0.998479277 -0.053868730 -69.971424017 0.002115498 0.053847554 0.998546927 12.872813422
0.999890193 -0.014730654 -0.001615613 275.432415372 0.014621921 0.998433302 -0.054010555 -69.915915747 0.002408693 0.053981001 0.998539058 12.836171703
0.999875583 -0.015395825 -0.003433122 276.363385425 0.015180881 0.998333046 -0.055683663 -69.901040309 0.004284695 0.055624617 0.998442559 12.836442833
0.999848257 -0.016148208 -0.006534401 277.383160547 0.015760422 0.998329648 -0.055583470 -69.814741507 0.007421060 0.055472051 0.998432661 12.879931973
0.999824939 -0.016861625 -0.008110307 278.471238024 0.016384485 0.998314212 -0.055680192 -69.831553748 0.009035493 0.055537561 0.998415715 12.924015114
0.999794200 -0.020019921 -0.003280249 279.587672447 0.019832741 0.998572500 -0.049594600 -69.787879416 0.004268446 0.049519337 0.998764044 12.925481831
0.999746875 -0.021730806 0.005827330 280.620211915 0.022004683 0.998405123 -0.051990425 -69.767044189 -0.004688243 0.052105493 0.998630581 12.869711903
0.999750440 -0.021314645 0.006689127 281.714183955 0.021622122 0.998521596 -0.049870887 -69.701764355 -0.005616258 0.050003074 0.998733273 12.864341140
0.999787322 -0.020591613 0.001138498 282.752981025 0.020622608 0.998606935 -0.048568490 -69.680076088 -0.000136808 0.048581639 0.998819206 12.898692152
0.999795399 -0.020018376 -0.002902712 283.749706325 0.019839260 0.998434056 -0.052305246 -69.624741636 0.003945233 0.052236956 0.998626925 12.962375867
0.999811029 -0.019155116 -0.003314938 284.757857852 0.018964666 0.998558840 -0.050205421 -69.587878661 0.004271851 0.050133067 0.998733411 12.978243779
0.999827571 -0.018308594 -0.003102322 285.776827914 0.018134964 0.998637368 -0.048933943 -69.612272645 0.003994006 0.048869245 0.998797199 12.985882560
0.999868239 -0.016186567 -0.001224514 286.822521002 0.016108069 0.998691336 -0.048540134 -69.565220557 0.002008610 0.048514014 0.998820482 13.043716621
0.999863755 -0.016452795 0.001332775 287.871844218 0.016494382 0.998973476 -0.042189201 -69.567454868 -0.000637276 0.042205437 0.999108750 12.996693126
0.999876289 -0.015724696 0.000376083 288.877261953 0.015726701 0.999006581 -0.041695581 -69.549975210 0.000279941 0.041696337 0.999130290 12.989800211
0.999872883 -0.015591745 -0.003334067 289.866224564 0.015445724 0.999077442 -0.040071121 -69.487162962 0.003955769 0.040014531 0.999191268 13.004662460
0.999855193 -0.016139998 -0.005393895 290.912494558 0.015914642 0.999093091 -0.039493275 -69.452618237 0.006026424 0.039401715 0.999205278 13.062355508
0.999866924 -0.015708508 -0.004402007 291.977554590 0.015517601 0.999059764 -0.040481996 -69.457472809 0.005033780 0.040408300 0.999170571 13.034853860
0.999888156 -0.014953285 -0.000272150 292.987970754 0.014931862 0.999153352 -0.038335608 -69.386224949 0.000845163 0.038327257 0.999264883 13.054798993
0.999913120 -0.013019604 0.002059834 294.120643733 0.013088523 0.999191345 -0.038017716 -69.351805659 -0.001563193 0.038041374 0.999274942 13.084926580
0.999853993 -0.016601445 0.004047854 295.293643343 0.016760343 0.998933417 -0.043024632 -69.290640517 -0.003329266 0.043086193 0.999065812 13.105010931
0.999867344 -0.015896088 0.003550746 296.413997801 0.016033416 0.998957382 -0.042744349 -69.354381303 -0.002867576 0.042795609 0.999079733 13.099539943
0.999846672 -0.017348543 0.002379050 297.447056167 0.017432854 0.998974011 -0.041797370 -69.359425468 -0.001651486 0.041832435 0.999123276 13.155460885
0.999819717 -0.018975008 0.000695376 298.451740284 0.018986601 0.998686728 -0.047584962 -69.282804104 0.000208462 0.047589586 0.998866952 13.157932813
0.999786400 -0.020565606 -0.002052016 299.418183703 0.020442023 0.998615225 -0.048474288 -69.275256576 0.003046077 0.048421987 0.998822323 13.191005362
0.999726224 -0.023375132 -0.001039170 300.397581776 0.023295806 0.998519094 -0.049162226 -69.268351976 0.002186805 0.049124559 0.998790266 13.236728234
0.999610564 -0.027022545 0.006964310 301.404540437 0.027303761 0.998655236 -0.044070663 -69.279192432 -0.005764043 0.044243652 0.999004142 13.150160202
0.999447959 -0.030413623 0.013371223 302.412043908 0.030972004 0.998562240 -0.043751437 -69.245683930 -0.012021358 0.044141418 0.998952963 13.129051164
0.999325949 -0.033208051 0.015648391 303.336569019 0.033871549 0.998446660 -0.044237817 -69.198499493 -0.014155032 0.044738034 0.998898465 13.167757163
0.999335248 -0.034534695 0.011679769 304.308625058 0.035001168 0.998486521 -0.042421528 -69.145106153 -0.010197078 0.042802134 0.999031529 13.148200476
0.999213719 -0.039346588 0.004877469 305.266644135 0.039518833 0.998311986 -0.042561028 -69.153800410 -0.003194605 0.042720315 0.999081963 13.114316494
0.999201989 -0.039877543 -0.002272874 306.353296922 0.039711012 0.997921702 -0.050747529 -69.094386528 0.004291837 0.050616774 0.998708928 13.212448149
0.998979237 -0.045065759 -0.003092067 307.371028883 0.044857933 0.997767252 -0.049480067 -69.041708899 0.005315020 0.049290856 0.998770325 13.220716413
0.998769194 -0.049578241 -0.001447675 308.408592698 0.049429238 0.997334623 -0.053669353 -68.973421058 0.004104649 0.053531739 0.998557712 13.184435037
0.998477991 -0.055067342 -0.003047971 309.354847615 0.054797231 0.996800831 -0.058183903 -68.894091256 0.006242253 0.057928326 0.998301229 13.232786395
0.998145229 -0.060379839 -0.007770202 310.338526062 0.059952070 0.997101639 -0.046840918 -68.805892295 0.010575929 0.046288199 0.998872140 13.254120168
0.997831693 -0.065126080 -0.009513477 311.248661777 0.064748076 0.997261320 -0.035742771 -68.783064053 0.011815209 0.035049290 0.999315740 13.253531122
0.997620500 -0.068855542 -0.003500405 312.295767261 0.068676028 0.996930572 -0.037590391 -68.744731612 0.006077968 0.037260551 0.999287101 13.207904010
0.997189759 -0.074916908 -0.000202401 313.276173170 0.074865717 0.996601224 -0.034367496 -68.720708441 0.002776419 0.034255762 0.999409243 13.257637955
0.996674911 -0.081461664 0.001766038 314.254197638 0.081470896 0.995981595 -0.037190792 -68.569549990 0.001270683 0.037211010 0.999306623 13.319299917
0.996278634 -0.086175856 0.001614286 315.257142202 0.086173141 0.995516819 -0.038992992 -68.486693837 0.001753206 0.038986993 0.999238180 13.375390153
0.996045389 -0.088843635 0.000625593 316.313824412 0.088831610 0.995735192 -0.024907262 -68.328497694 0.001589927 0.024864336 0.999689570 13.355673419
0.995928153 -0.090149585 -0.000407104 317.267266256 0.090141637 0.995883376 -0.009528181 -68.237261678 0.001264389 0.009452687 0.999954523 13.344936964
0.995829598 -0.091231181 -0.000532115 318.272384599 0.091224162 0.995799055 -0.007899009 -68.100850711 0.001250516 0.007817526 0.999968661 13.371099184
0.995801660 -0.091476040 -0.003344939 319.221696757 0.091469167 0.995805581 -0.002153153 -68.007894834 0.003527871 0.001838154 0.999992088 13.444580222
0.995892438 -0.090308465 -0.006529332 320.292293496 0.090318829 0.995912041 0.001309697 -67.881564136 0.006384364 -0.001894039 0.999977826 13.468953286
0.996198604 -0.086688136 -0.008573668 321.295229362 0.086709892 0.996231178 0.002198579 -67.845519578 0.008350765 -0.002933643 0.999960828 13.478105073
0.996650780 -0.081563589 -0.005882521 322.191504296 0.081573461 0.996666266 0.001457838 -67.719486710 0.005744004 -0.001932813 0.999981635 13.462535522
0.997060926 -0.076585628 -0.002037705 323.157689295 0.076582488 0.997062002 -0.001576823 -67.626182342 0.002152481 0.001416136 0.999996681 13.480549997
0.997534637 -0.070140608 0.002223454 324.144675677 0.070144633 0.997535231 -0.001786820 -67.572674402 -0.002092645 0.001938378 0.999995932 13.484279431
0.997928613 -0.064013650 0.006382515 325.095276862 0.063979683 0.997936638 0.005391320 -67.488997419 -0.006714464 -0.004971801 0.999965098 13.454245978
0.998301138 -0.057710749 0.008019173 326.107636586 0.057606627 0.998259091 0.012659565 -67.481274762 -0.008735806 -0.012176101 0.999887708 13.385490223
0.998631271 -0.052136159 0.004171902 327.059274086 0.052090134 0.998587499 0.010470195 -67.365881856 -0.004711885 -0.010238549 0.999936483 13.395553213
0.998920522 -0.046363968 -0.002858865 328.197589441 0.046388997 0.998879051 0.009418229 -67.310623180 0.002418994 -0.009540682 0.999951561 13.493571109
0.999216702 -0.038917141 -0.007172095 329.164236782 0.039015301 0.999139181 0.014096225 -67.252737458 0.006617337 -0.014365005 0.999874921 13.537614145
0.999457375 -0.032524537 -0.005206809 330.160371815 0.032593067 0.999375250 0.013667574 -67.215318595 0.004759025 -0.013829863 0.999893038 13.561938127
0.999531197 -0.030580392 -0.001492165 331.075162855 0.030593706 0.999482761 0.009911432 -67.165440327 0.001188297 -0.009952437 0.999949767 13.510528409
0.999638266 -0.026870930 -0.001136070 332.037849346 0.026875546 0.999629693 0.004264121 -67.161604421 0.001021068 -0.004293111 0.999990263 13.534400968
0.999698228 -0.024432325 -0.002552358 333.034143075 0.024442602 0.999692925 0.004076105 -67.111618111 0.002451985 -0.004137261 0.999988435 13.564941009
0.999789870 -0.020175322 -0.003629458 334.074075378 0.020187091 0.999790983 0.003235874 -67.102140503 0.003563415 -0.003308462 0.999988178 13.580694728
0.999868307 -0.016071403 -0.002253772 335.164268808 0.016075701 0.999868968 0.001902201 -67.050445017 0.002222905 -0.001938182 0.999995651 13.600945713
0.999909101 -0.012916968 -0.003865402 336.162972169 0.012945763 0.999887925 0.007519566 -67.038059859 0.003767839 -0.007568923 0.999964257 13.574600468
0.999934025 -0.010382469 -0.004914173 337.149477840 0.010427277 0.999903477 0.009181997 -67.014285804 0.004818366 -0.009232633 0.999945769 13.639768948
0.999961460 -0.008331017 -0.002769812 338.152823411 0.008362957 0.999896264 0.011726970 -67.015160728 0.002671827 -0.011749682 0.999927401 13.624399323
0.999953846 -0.008632120 0.004218183 339.155980939 0.008601819 0.999937444 0.007149640 -66.970632850 -0.004279635 -0.007113026 0.999965544 13.615279659
0.999943089 -0.007886862 0.007184461 340.134755279 0.007844907 0.999952120 0.005849338 -66.992242036 -0.007230250 -0.005792643 0.999957083 13.584847473
0.999977909 -0.006447901 0.001614177 341.182261918 0.006436253 0.999953936 0.007120487 -66.975042083 -0.001660015 -0.007109941 0.999973346 13.647886337
0.999984295 -0.003318574 -0.004516312 342.323115367 0.003356971 0.999958062 0.008520812 -66.963368127 0.004487845 -0.008535839 0.999953498 13.697163182
0.999970777 -0.004340774 -0.006293091 343.410669170 0.004425502 0.999898904 0.013512850 -66.973894509 0.006233799 -0.013540305 0.999888894 13.744060927
0.999984408 -0.004613713 -0.003145994 344.410245623 0.004640078 0.999953741 0.008425275 -66.938150952 0.003106977 -0.008439741 0.999959558 13.741694339
0.999996657 -0.002390736 0.000985310 345.368779405 0.002383626 0.999971562 0.007154902 -66.901335910 -0.001002387 -0.007152530 0.999973918 13.730264545
0.999997297 -0.002313573 0.000229785 346.390313270 0.002312771 0.999991439 0.003431095 -66.877273407 -0.000237721 -0.003430555 0.999994087 13.725431685
0.999995995 -0.002819003 0.000252245 347.365029982 0.002819364 0.999994987 -0.001441356 -66.918216808 -0.000248181 0.001442061 0.999998929 13.770444277
0.999995216 -0.002256554 0.002115571 348.368195077 0.002257575 0.999997336 -0.000480802 -66.954338067 -0.002114481 0.000485576 0.999997647 13.714603809
0.999981022 -0.002458007 0.005649307 349.378125691 0.002468016 0.999995396 -0.001765535 -66.900561610 -0.005644942 0.001779445 0.999982484 13.711864216
0.999991731 -0.000255282 0.004058579 350.304615882 0.000274643 0.999988583 -0.004770512 -66.884899671 -0.004057315 0.004771587 0.999980385 13.761069616
0.999994373 0.002808137 0.001835252 351.223780410 -0.002792930 0.999962176 -0.008236883 -66.933832094 -0.001858313 0.008231711 0.999964392 13.790237191
0.999997624 0.002178050 -0.000088902 352.219888223 -0.002178865 0.999942372 -0.010512135 -66.904187702 0.000066001 0.010512304 0.999944742 13.777244636
0.999987516 0.004776515 -0.001467334 353.157526688 -0.004798236 0.999873342 -0.015174884 -66.929168311 0.001394665 0.015181735 0.999883778 13.812130270
0.999978675 0.006166353 -0.002150594 354.059445245 -0.006196874 0.999875871 -0.014485928 -66.924998658 0.002061002 0.014498946 0.999892761 13.835240978
0.999956116 0.009038867 -0.002462758 354.882550085 -0.009068555 0.999882953 -0.012322394 -66.898731434 0.002351089 0.012344187 0.999921044 13.835099463
0.999909663 0.013441041 0.000069851 355.738438811 -0.013440072 0.999878558 -0.007888793 -66.873790758 -0.000175876 0.007887142 0.999968881 13.835988138
0.999811934 0.019386984 0.000490435 356.635617112 -0.019385910 0.999809855 -0.002107440 -66.904009811 -0.000531198 0.002097537 0.999997659 13.848071287
0.999684713 0.024913661 -0.003128002 357.501831991 -0.024919859 0.999687534 -0.001958170 -66.919924577 0.003078239 0.002035502 0.999993191 13.848842825
0.999496894 0.031092162 -0.006263948 358.334412956 -0.031097920 0.999516003 -0.000823870 -66.974290188 0.006235300 0.001018252 0.999980042 13.888271819
0.999354156 0.035630924 -0.004659234 359.127978165 -0.035645515 0.999359729 -0.003087048 -66.959871351 0.004546256 0.003251135 0.999984381 13.897428249
0.999155431 0.041051694 0.001783854 359.947491638 -0.041036293 0.999126030 -0.007949795 -66.994083019 -0.002108647 0.007869878 0.999966809 13.860903693
0.998847735 0.047208900 0.008632595 360.759067715 -0.047152603 0.998865809 -0.006612754 -67.044102820 -0.008934985 0.006198085 0.999940873 13.804327434
0.998691620 0.050195881 0.009768371 361.487228730 -0.050153959 0.998731404 -0.004490364 -67.063286765 -0.009981377 0.003994566 0.999942206 13.779673553
0.998613860 0.052029056 0.007958418 362.231167492 -0.051995591 0.998637815 -0.004355762 -67.094585499 -0.008174203 0.003935921 0.999958845 13.808343958
0.998544451 0.053769515 0.004221310 363.021922166 -0.053763121 0.998552413 -0.001614011 -67.134815768 -0.004301984 0.001384710 0.999989788 13.874360032
0.998548444 0.053860858 0.000117945 363.725011263 -0.053860089 0.998542039 -0.003589737 -67.179076066 -0.000311119 0.003578174 0.999993550 13.882303675
0.998557446 0.053604547 -0.003095156 364.396089395 -0.053616639 0.998553720 -0.003965392 -67.242037699 0.002878116 0.004125623 0.999987348 13.948280489
0.998511273 0.053834480 -0.008779894 365.037235824 -0.053954009 0.998445299 -0.013998233 -67.284744098 0.008012656 0.014451104 0.999863472 13.943038912
0.998557863 0.052245063 -0.012355083 365.638661324 -0.052363043 0.998583624 -0.009426422 -67.277144448 0.011845099 0.010059778 0.999879240 13.892534904
0.998733026 0.048757992 -0.012449950 366.250133066 -0.048875042 0.998761817 -0.009276993 -67.319076856 0.011982207 0.009873731 0.999879461 13.926357204
0.998875407 0.046304273 -0.010190017 366.976044083 -0.046400984 0.998878022 -0.009468124 -67.395939665 0.009740169 0.009930303 0.999903254 13.981055343
0.999111398 0.042013100 -0.003363538 367.789551940 -0.042050861 0.999042473 -0.012077343 -67.455264873 0.002852911 0.012208050 0.999921409 13.904992231
0.999363760 0.035663755 0.000414840 368.418823500 -0.035652885 0.999241408 -0.015667782 -67.485732641 -0.000973297 0.015643023 0.999877167 13.891550797
0.999629956 0.027191121 0.000770195 369.036245707 -0.027170378 0.999432039 -0.019934119 -67.501843574 -0.001311789 0.019905816 0.999800999 13.919244003
0.999858780 0.016573516 -0.002781973 369.738819491 -0.016619481 0.999710405 -0.017404008 -67.479586901 0.002492722 0.017447785 0.999844669 13.943999913
0.999985991 0.002361854 -0.004737024 370.436304930 -0.002430351 0.999891817 -0.014506819 -67.400947780 0.004702249 0.014518128 0.999883550 13.934855031
0.999916730 -0.010972422 -0.006792569 371.127231918 0.010845925 0.999772106 -0.018387570 -67.433644791 0.006992777 0.018312367 0.999807861 13.959575611
0.999659689 -0.025453953 -0.005709775 371.727428654 0.025351982 0.999529367 -0.017271967 -67.454823730 0.006146727 0.017121335 0.999834525 14.008938779
0.999100827 -0.041889100 -0.006545364 372.522837618 0.041775893 0.998989621 -0.016568422 -67.435802043 0.007232787 0.016280086 0.999841310 14.012031807
0.998471520 -0.054867171 -0.006649634 373.345765553 0.054797242 0.998444602 -0.010278072 -67.297820603 0.007203220 0.009897981 0.999925069 14.017707963
0.997518897 -0.070103289 -0.006448199 373.992891848 0.070071694 0.997529417 -0.005002050 -67.288380700 0.006782929 0.004537803 0.999966700 14.017993092
0.996662214 -0.081326335 -0.007103384 374.682972125 0.081291001 0.996677211 -0.005129312 -67.207297099 0.007496929 0.004534751 0.999961615 14.028757292
0.995919459 -0.089741077 -0.009537809 375.334428827 0.089733606 0.995965069 -0.001209228 -67.159034700 0.009607842 0.000348432 0.999953783 14.032376205
0.995287802 -0.096111783 -0.012834172 376.027618283 0.096177151 0.995353716 0.004575661 -67.114373751 0.012334766 -0.005788453 0.999907169 14.011693508
0.994921662 -0.099174858 -0.017182383 376.792903467 0.099378787 0.994983801 0.011449537 -66.933070509 0.015960686 -0.013098957 0.999786814 13.972257839
0.994769500 -0.100665746 -0.017321912 377.539794318 0.100843983 0.994854559 0.009741558 -66.880752526 0.016252142 -0.011437416 0.999802507 14.026984316
0.994973563 -0.099094678 -0.014417110 378.293637132 0.099242662 0.995013639 0.009937430 -66.685864962 0.013360475 -0.011318272 0.999846685 14.067851742
0.995399014 -0.095410421 -0.008812155 379.059835744 0.095537207 0.995308198 0.015304655 -66.639263253 0.007310586 -0.016076127 0.999844045 14.052489310
0.995982955 -0.089456580 -0.003933688 379.819133264 0.089512221 0.995831341 0.017535764 -66.612960028 0.002348601 -0.017817435 0.999838499 14.001027889
0.996607522 -0.082222886 -0.003583734 380.629105887 0.082264360 0.996517875 0.013590450 -66.548999697 0.002453809 -0.013839159 0.999901223 14.084755749
0.997255829 -0.073273487 -0.010573944 381.486039752 0.073399655 0.997229417 0.012082250 -66.404682982 0.009659340 -0.012825218 0.999871097 14.090242932
0.997856956 -0.063308169 -0.016540006 382.317378676 0.063494145 0.997921902 0.010971364 -66.411730074 0.015811057 -0.011998045 0.999803009 14.118664548
0.998499468 -0.052876357 -0.014244406 383.207674736 0.053063265 0.998505491 0.013079506 -66.346958798 0.013531521 -0.013815734 0.999812994 14.098917194
0.999047015 -0.042656921 -0.009243885 384.059250879 0.042785794 0.998983016 0.014223521 -66.321814575 0.008627753 -0.014605473 0.999856111 14.102466278
0.999531755 -0.029909103 -0.006458849 384.970868037 0.029998826 0.999448028 0.014272662 -66.266797604 0.006028401 -0.014459737 0.999877280 14.112701726
0.999806135 -0.017192476 -0.009597412 385.853785820 0.017333042 0.999740815 0.014760376 -66.240353062 0.009341157 -0.014923867 0.999844998 14.144839692
0.999851052 -0.005310922 -0.016421578 386.776111512 0.005534250 0.999892413 0.013584311 -66.250875986 0.016347666 -0.013673169 0.999772873 14.144642032
0.999753043 0.004945830 -0.021665473 387.597487942 -0.004694213 0.999921127 0.011649219 -66.218367190 0.021721380 -0.011544640 0.999697406 14.184202595
0.999676399 0.012200112 -0.022321617 388.522498284 -0.011959514 0.999869282 0.010880670 -66.214389176 0.022451445 -0.010610193 0.999691631 14.217505888
0.999681513 0.017471254 -0.018210657 389.515604572 -0.017275131 0.999791664 0.010871916 -66.191228542 0.018396809 -0.010553862 0.999775061 14.195749768
0.999709743 0.021601721 -0.010667513 390.532724724 -0.021564455 0.999760992 0.003596149 -66.251664051 0.010742646 -0.003365066 0.999936634 14.200604420
0.999627527 0.025827860 -0.008816454 391.526017570 -0.025831668 0.999666256 -0.000318338 -66.259269033 0.008805289 0.000545963 0.999961084 14.176197581
0.999469792 0.031188474 -0.009349521 392.507406754 -0.031205309 0.999511617 -0.001660158 -66.322751312 0.009293177 0.001951033 0.999954914 14.224089222
0.999428392 0.032108878 -0.010578749 393.482486169 -0.032151266 0.999475555 -0.003861508 -66.342345863 0.010449213 0.004199421 0.999936587 14.236236286
0.999508569 0.029934462 -0.009303111 394.516730571 -0.030031566 0.999494014 -0.010479516 -66.417746479 0.008984705 0.010753753 0.999901811 14.275320666
0.999584266 0.027680651 -0.008067014 395.575009488 -0.027776242 0.999542271 -0.011988736 -66.493433669 0.007731466 0.012207823 0.999895591 14.286614548
0.999681019 0.024308325 -0.006853156 396.623948071 -0.024426853 0.999543540 -0.017777534 -66.506469394 0.006417886 0.017939265 0.999818480 14.266560226
0.999723188 0.022111382 -0.008039535 397.651851963 -0.022220964 0.999657744 -0.013806661 -66.479529844 0.007731499 0.013981486 0.999872363 14.318031727
0.999802735 0.018465858 -0.007314649 398.804189576 -0.018567285 0.999728892 -0.014049852 -66.555067914 0.007053223 0.014182894 0.999874541 14.323365975
0.999850195 0.016668938 -0.004662018 399.913955387 -0.016741723 0.999731256 -0.016035320 -66.489722610 0.004393473 0.016110968 0.999860557 14.315012257
0.999932459 0.011274830 -0.002820598 401.017731759 -0.011327621 0.999746498 -0.019458267 -66.515672022 0.002600494 0.019488903 0.999806691 14.326885740
0.999953655 0.006715543 -0.006898449 402.013589369 -0.006823032 0.999853811 -0.015678128 -66.591349316 0.006792153 0.015724470 0.999853293 14.371428811
0.999914972 0.004045662 -0.012396819 403.039195600 -0.004261535 0.999838883 -0.017436935 -66.619973023 0.012324277 0.017488282 0.999771110 14.436777396
0.999918181 -0.000367742 -0.012786586 404.119557693 0.000150283 0.999855417 -0.017003614 -66.603103391 0.012790991 0.017000301 0.999773665 14.497084147
0.999972113 -0.004093168 -0.006246513 405.251660124 0.003950314 0.999734222 -0.022712978 -66.568226678 0.006337820 0.022687669 0.999722512 14.516462209
0.999984168 -0.005289822 -0.001918742 406.361462590 0.005256531 0.999842365 -0.016959158 -66.601362622 0.002008150 0.016948804 0.999854342 14.406224393
0.999972997 -0.007316359 0.000689908 407.392043122 0.007325561 0.999868878 -0.014441735 -66.561218165 -0.000584156 0.014446399 0.999895475 14.454957577
0.999957551 -0.009098344 -0.001454556 408.572473278 0.009076690 0.999857145 -0.014258463 -66.558731251 0.001584077 0.014244656 0.999897285 14.486733542
0.999929468 -0.011655783 -0.002280906 409.629993208 0.011643883 0.999918882 -0.005162369 -66.480738775 0.002340892 0.005135447 0.999984074 14.548834720
0.999909658 -0.013243140 -0.002300983 410.647345396 0.013232938 0.999902786 -0.004394158 -66.448443880 0.002358952 0.004363312 0.999987698 14.446527106
0.999912044 -0.012657419 -0.003961447 411.687899740 0.012621088 0.999879253 -0.009065760 -66.480121581 0.004075718 0.009014965 0.999951058 14.493910048
0.999881403 -0.012889003 -0.008429319 412.705601118 0.012822024 0.999886171 -0.007952363 -66.428781840 0.008530858 0.007843339 0.999932851 14.555201987
0.999876051 -0.012590573 -0.009453037 413.727963660 0.012582616 0.999920430 -0.000900767 -66.373142542 0.009463626 0.000781711 0.999954913 14.514813549
0.999873095 -0.013331525 -0.008721530 414.733845986 0.013271574 0.999888149 -0.006896025 -66.378432537 0.008812489 0.006779401 0.999938188 14.513316588
0.999905494 -0.013614602 -0.001909354 415.773223258 0.013591365 0.999839224 -0.011696207 -66.330240740 0.002068287 0.011669151 0.999929774 14.499242297
0.999903461 -0.013451101 0.003483882 416.850093762 0.013517568 0.999712285 -0.019814715 -66.328303408 -0.003216349 0.019859896 0.999797599 14.502037432
0.999913404 -0.011895704 0.005628223 417.857853031 0.011982054 0.999807051 -0.015565734 -66.342483774 -0.005441972 0.015631824 0.999863006 14.580928612
0.999924684 -0.012079645 0.002169994 418.856688546 0.012105013 0.999853704 -0.012084633 -66.306105466 -0.002023699 0.012109991 0.999924624 14.584928596
0.999931887 -0.011433592 -0.002343945 419.954365799 0.011401848 0.999848709 -0.013136084 -66.267835973 0.002493783 0.013108464 0.999910971 14.635025688
0.999913125 -0.011102213 -0.007105197 420.997100883 0.011038951 0.999899622 -0.008881813 -66.243479194 0.007203092 0.008802607 0.999935313 14.623826325
0.999884992 -0.011043332 -0.010394579 422.029852077 0.011001429 0.999931159 -0.004079809 -66.215828586 0.010438918 0.003964985 0.999937652 14.580149825
0.999868086 -0.009914897 -0.012864909 423.038082503 0.009891381 0.999949292 -0.001890293 -66.170724975 0.012882999 0.001762792 0.999915457 14.619762490
0.999904225 -0.008296324 -0.011077512 424.021443435 0.008206165 0.999933037 -0.008159706 -66.130935964 0.011144465 0.008068021 0.999905349 14.706912947
0.999945517 -0.009456430 -0.004420273 425.010890010 0.009399651 0.999875243 -0.012694302 -66.150296233 0.004539765 0.012652062 0.999909654 14.690744619
0.999937899 -0.011121766 0.000710711 426.050068934 0.011127044 0.999906785 -0.007912685 -66.177623127 -0.000622642 0.007920102 0.999968442 14.689345516
0.999935689 -0.011338479 -0.000239556 427.068651658 0.011336732 0.999915622 -0.006342455 -66.134167081 0.000311450 0.006339331 0.999979858 14.717368297
0.999915070 -0.012225106 -0.004516590 428.087593707 0.012175322 0.999866572 -0.010890389 -66.129382833 0.004649123 0.010834473 0.999930498 14.756118801
0.999875927 -0.013502567 -0.008112462 429.058890756 0.013441329 0.999881110 -0.007556247 -66.114297691 0.008213527 0.007446267 0.999938544 14.756646745
0.999832040 -0.016230166 -0.008513152 430.000852685 0.016120504 0.999788178 -0.012795657 -66.109405733 0.008719024 0.012656271 0.999881892 14.834133761
0.999762961 -0.020893572 -0.006122097 430.825316154 0.020797414 0.999665550 -0.015370589 -66.102228594 0.006441196 0.015239622 0.999863123 14.851933533
0.999694276 -0.024122515 -0.005427615 431.754623677 0.024052786 0.999631724 -0.012565048 -66.028482682 0.005728716 0.012430657 0.999906326 14.856532075
0.999522594 -0.030652811 -0.003871558 432.592503434 0.030613986 0.999484039 -0.009718040 -65.991918049 0.004167446 0.009594877 0.999945284 14.820595180
0.999383844 -0.035093358 -0.000623706 433.498028297 0.035071817 0.999152964 -0.021524907 -66.021395609 0.001378559 0.021489770 0.999768118 14.891092145
0.999157975 -0.040950351 0.002531718 434.429718034 0.040987991 0.999011037 -0.017231753 -65.908875892 -0.001823568 0.017321013 0.999848317 14.891062423
0.998765792 -0.049271409 0.006262639 435.299016521 0.049378790 0.998611785 -0.018336790 -65.862614298 -0.005350465 0.018623400 0.999812253 14.904397166
0.998368022 -0.056638776 0.007303491 436.108785377 0.056720028 0.998324531 -0.011444159 -65.845955837 -0.006643071 0.011839737 0.999907841 14.954066115
0.997877170 -0.064931860 0.005000622 436.850927689 0.064970407 0.997855317 -0.007975713 -65.775391250 -0.004472019 0.008283675 0.999955690 14.969520364
0.997434836 -0.071543262 0.002304030 437.633776640 0.071557011 0.997414857 -0.006572446 -65.686218671 -0.001827859 0.006720456 0.999975747 14.944301551
0.996852566 -0.079258639 -0.001740562 438.438145115 0.079250681 0.996845683 -0.004244343 -65.612301663 0.002071473 0.004093043 0.999989478 14.936147437
0.996261016 -0.086229113 -0.005341253 439.177749020 0.086219716 0.996274207 -0.001965697 -65.550739926 0.005490853 0.001497826 0.999983803 14.927214926
0.995434526 -0.095097353 -0.008160772 439.966098441 0.095070644 0.995464013 -0.003601539 -65.480408000 0.008466252 0.002809247 0.999960215 14.993584215
0.994391176 -0.105595637 -0.005979216 440.682019806 0.105571154 0.994402571 -0.004272984 -65.375691010 0.006396956 0.003617784 0.999972995 14.989302242
0.993263708 -0.115745361 -0.005497018 441.392203580 0.115754400 0.993276942 0.001354652 -65.268937233 0.005303267 -0.001981831 0.999983974 14.926592501
0.992282744 -0.123950563 -0.003348616 442.111088331 0.123966582 0.992273306 0.005096407 -65.232633521 0.002691040 -0.005472193 0.999981407 14.982019140
0.991240220 -0.132070931 0.000308996 442.788827657 0.132067363 0.991226064 0.005394655 -65.085101037 -0.001018762 -0.005306591 0.999985401 15.009983478
0.990561168 -0.137071195 -0.000245534 443.507663554 0.137066324 0.990507348 0.010393088 -64.960868375 -0.001181389 -0.010328643 0.999945960 15.024044027
0.990271374 -0.139143344 0.001317497 444.118053173 0.139087753 0.990069217 0.020433840 -64.820168061 -0.004147646 -0.020051799 0.999790339 15.026970342
0.990984853 -0.133944078 0.002829449 444.737731234 0.133811694 0.990602966 0.028287701 -64.736175640 -0.006591830 -0.027654070 0.999595818 15.030509842
0.992269462 -0.123997227 0.005099271 445.286451752 0.123750264 0.991712778 0.034520117 -64.664842988 -0.009337411 -0.033622222 0.999390994 15.022177935
0.994063980 -0.108674107 0.005171290 445.845187570 0.108431192 0.993496057 0.034760068 -64.604868418 -0.008915175 -0.033993002 0.999382307 15.054827677
0.996266023 -0.086192129 0.004992865 446.325303698 0.085902930 0.995391762 0.042613689 -64.565914021 -0.008642821 -0.042025669 0.999079148 15.065959658
0.998387746 -0.056648310 0.003588612 446.873838637 0.056424345 0.997349970 0.045927457 -64.499154867 -0.006180814 -0.045650925 0.998938332 15.067743113
0.999831618 -0.017576535 0.005272642 447.334510238 0.017304946 0.998709009 0.047758281 -64.498104790 -0.006105260 -0.047658997 0.998845006 15.074889104
0.999666896 0.025057414 0.006182527 447.948425211 -0.025337113 0.998412189 0.050310357 -64.475811696 -0.004912063 -0.050450246 0.998714496 15.037034200
0.997060579 0.076334822 0.006572443 448.422441507 -0.076567174 0.995836852 0.049461423 -64.593609130 -0.002769453 -0.049819268 0.998754410 15.035215165
0.991068845 0.133210859 0.006116501 448.833662188 -0.133350630 0.989886556 0.048396449 -64.678684028 0.000392290 -0.048779852 0.998809477 15.029071164
0.980872528 0.194480690 0.008145258 449.339507170 -0.194643736 0.979609777 0.049784544 -64.756122913 0.001702958 -0.050417715 0.998726766 15.054676085
0.965968547 0.258531423 0.008140658 449.777267408 -0.258638347 0.965007800 0.043198977 -64.951568141 0.003312495 -0.043834339 0.999033322 15.124634950
0.945746916 0.324857032 0.005538938 450.157140719 -0.324842636 0.945098162 0.035591094 -65.158198365 0.006327177 -0.035459451 0.999351087 15.143302860
0.920025869 0.391837748 0.003947244 450.518500491 -0.391783702 0.919609974 0.028688422 -65.361715789 0.007611282 -0.027940556 0.999580609 15.121423083
0.888267817 0.459323521 0.001479009 450.870922477 -0.459224661 0.887999825 0.023854165 -65.531070746 0.009643419 -0.021868084 0.999714355 15.133927281
0.852314315 0.523029527 0.000650148 451.243597542 -0.522928883 0.852124559 0.020715222 -65.802646272 0.010280665 -0.017995861 0.999785205 15.190906411
0.812782959 0.582558187 0.003133891 451.608405738 -0.582506803 0.812610666 0.018701046 -66.195093473 0.008347814 -0.017025404 0.999820209 15.184515067
0.770047855 0.637955978 0.006202516 451.937090521 -0.637969653 0.769921706 0.014672711 -66.507169999 0.004585092 -0.015255707 0.999873112 15.172694434
0.724034143 0.689739489 0.005830690 452.183105731 -0.689763968 0.724013954 0.005428049 -66.793450047 -0.000477561 -0.007951893 0.999968269 15.176799189
0.674329560 0.738418812 0.004159708 452.447268330 -0.738418102 0.674340193 -0.002002700 -67.202371873 -0.004283889 -0.001721124 0.999989343 15.185372288
0.622370400 0.782722863 -0.000069172 452.657481441 -0.782704567 0.622355242 -0.006893048 -67.543275747 -0.005352297 0.004344170 0.999976240 15.152495770
0.568355080 0.822769273 -0.004819287 452.847725588 -0.822762927 0.568289891 -0.010381046 -67.894999858 -0.005802453 0.009865251 0.999934502 15.209906126
0.512089826 0.858893484 -0.008123572 453.022868684 -0.858915747 0.511999288 -0.010975799 -68.247262444 -0.005267779 0.012598059 0.999906765 15.210294803
0.453020587 0.891470674 -0.007237752 453.175476647 -0.891435107 0.452874658 -0.015747814 -68.680076960 -0.010760920 0.013586070 0.999849799 15.211549982
0.394710590 0.918798016 -0.003708897 453.378869616 -0.918658194 0.394571812 -0.019498918 -69.009035292 -0.016452141 0.011103638 0.999802999 15.235652492
0.337778419 0.941224447 0.001509941 453.454871175 -0.941064934 0.337749950 -0.017937710 -69.381711237 -0.017393394 0.004638018 0.999837966 15.224879709
0.281515193 0.959555706 0.001429357 453.499195244 -0.959417537 0.281499408 -0.016615434 -69.833930452 -0.016345797 0.003306147 0.999860932 15.270291094
0.228063288 0.973613694 -0.007969425 453.585714371 -0.973527843 0.227900219 -0.017465082 -70.258233655 -0.015188009 0.011741602 0.999815713 15.335955752
0.179430434 0.983670594 -0.014031454 453.669332797 -0.983694219 0.179220436 -0.015023970 -70.679177595 -0.012263914 0.016498417 0.999788677 15.279099572
0.135825803 0.990593797 -0.016591600 453.737081247 -0.990698458 0.135662753 -0.010591625 -71.166712447 -0.008241136 0.017875889 0.999806249 15.189966443
0.098493592 0.994995408 -0.016827065 453.768671391 -0.995130280 0.098413546 -0.005522614 -71.658155723 -0.003838964 0.017289064 0.999843163 15.146345376
0.064835729 0.997823603 -0.012016078 453.819270798 -0.997894939 0.064813818 -0.002204426 -72.114469950 -0.001420820 0.012133709 0.999925374 15.154246094
0.037096775 0.999273533 -0.008731288 453.804467023 -0.999290442 0.037037611 -0.006843033 -72.655501102 -0.006514676 0.008978947 0.999938467 15.251012553
0.019168112 0.999761136 -0.010500255 453.761259990 -0.999771823 0.019067171 -0.009630468 -73.184170957 -0.009427958 0.010682457 0.999898494 15.288903832
0.004464204 0.999899782 -0.013434943 453.790658035 -0.999955365 0.004351772 -0.008386245 -73.755325863 -0.008326939 0.013471781 0.999874579 15.296118264
-0.003046840 0.999815092 -0.018986779 453.762602713 -0.999958286 -0.003209667 -0.008551250 -74.328505105 -0.008610610 0.018959932 0.999783166 15.263616392
-0.002529046 0.999760601 -0.021733494 453.766392615 -0.999960905 -0.002712508 -0.008416088 -74.958522052 -0.008473026 0.021711359 0.999728375 15.177279865
-0.000585840 0.999777592 -0.021081345 453.750168328 -0.999958957 -0.000776284 -0.009026727 -75.536291908 -0.009041084 0.021075192 0.999737013 15.124509142
0.001750799 0.999858406 -0.016736254 453.807611391 -0.999952270 0.001589601 -0.009640105 -76.085530844 -0.009612136 0.016752333 0.999813466 15.157330525
0.004277546 0.999856917 -0.016366048 453.840523217 -0.999927379 0.004092305 -0.011335372 -76.732816525 -0.011266775 0.016413347 0.999801811 15.191866499
0.007052738 0.999788204 -0.019334039 453.839586571 -0.999897736 0.006810329 -0.012575225 -77.409760821 -0.012440891 0.019420751 0.999733994 15.197198637
0.009020874 0.999708852 -0.022379326 453.862351052 -0.999899595 0.008773491 -0.011127743 -78.080781390 -0.010928158 0.022477461 0.999687621 15.143309988
0.011366879 0.999689396 -0.022178959 453.867693722 -0.999870355 0.011110366 -0.011654762 -78.667290228 -0.011404725 0.022308562 0.999686081 15.127439384
0.012410167 0.999761172 -0.017988511 453.841503222 -0.999852952 0.012194366 -0.012057012 -79.391304173 -0.011834774 0.018135495 0.999765493 15.142282800
0.017463515 0.999644405 -0.020151661 453.893027015 -0.999812624 0.017291016 -0.008702758 -80.175483032 -0.008351221 0.020299866 0.999759057 15.162152683
0.018846264 0.999505885 -0.025155617 453.910512599 -0.999821570 0.018807992 -0.001757141 -80.864160239 -0.001283146 0.025184244 0.999682003 15.109304071
0.020107720 0.999458274 -0.026054507 453.969666489 -0.999788872 0.020210962 0.003705239 -81.585462036 0.004229818 0.025974502 0.999653657 15.050858725
0.020368821 0.999550667 -0.021990358 453.986020281 -0.999761405 0.020536825 0.007441247 -82.342826622 0.007889515 0.021833542 0.999730490 14.961781519
0.023567033 0.999359009 -0.026947470 453.995576927 -0.999716488 0.023649925 0.002761457 -83.117675859 0.003396992 0.026874751 0.999633037 14.972032289
0.024400198 0.999447583 -0.022564572 454.066850926 -0.999683490 0.024255169 -0.006678849 -83.945878757 -0.006127852 0.022720396 0.999723078 15.020066042
0.025686258 0.999544953 -0.015814660 454.105970899 -0.999640084 0.025559776 -0.008148619 -84.766698968 -0.007740692 0.016018276 0.999841736 15.122810565
0.026524769 0.999483115 -0.018164236 454.115629732 -0.999603762 0.026347967 -0.009904708 -85.517512655 -0.009420998 0.018419759 0.999785956 15.138250498
0.029663935 0.999388919 -0.018488899 454.157751024 -0.999522114 0.029496846 -0.009245483 -86.332097597 -0.008694469 0.018754321 0.999786318 15.078045851
0.029557781 0.999358577 -0.020218100 454.223539733 -0.999494314 0.029312454 -0.012324662 -87.231552838 -0.011724115 0.020572166 0.999719626 15.085430334
0.031288748 0.999186735 -0.025433900 454.199003418 -0.999419012 0.030931684 -0.014313235 -88.182331022 -0.013514881 0.025866967 0.999574033 15.073764311
0.031827029 0.999130901 -0.026916225 454.193279312 -0.999406195 0.031456996 -0.014061132 -89.034724213 -0.013202208 0.027347766 0.999538794 15.058046911
0.030859486 0.999296606 -0.021306944 454.286557170 -0.999512371 0.030750484 -0.005424695 -89.902946086 -0.004765680 0.021463957 0.999758264 15.094818461
0.030446735 0.999303756 -0.021563865 454.315719587 -0.999526631 0.030534689 0.003761246 -90.725889876 0.004417073 0.021439140 0.999760398 15.085479704
0.027383162 0.999424874 -0.020002081 454.352922907 -0.999576838 0.027572801 0.009267493 -91.563495320 0.009813677 0.019739843 0.999756986 15.050268485
0.025689368 0.999567851 -0.014288706 454.391991773 -0.999619341 0.025829300 0.009696360 -92.533221604 0.010061237 0.014034173 0.999850896 15.082867409
0.022453807 0.999726860 -0.006483213 454.397329853 -0.999747653 0.022457717 0.000530872 -93.397475088 0.000676325 0.006469657 0.999978843 15.172137618
0.021524773 0.999765332 -0.002442244 454.426275679 -0.999741157 0.021506119 -0.007423334 -94.396999820 -0.007369069 0.002601397 0.999969464 15.199935251
0.017705812 0.999832112 -0.004717219 454.400147159 -0.999797413 0.017659633 -0.009657675 -95.336374536 -0.009572749 0.004887260 0.999942237 15.199870620
0.016563205 0.999848266 -0.005394934 454.455836263 -0.999813975 0.016508821 -0.009973639 -96.238433607 -0.009883062 0.005559126 0.999935709 15.144015973
0.015367126 0.999849651 -0.008032917 454.518418970 -0.999856512 0.015308968 -0.007251944 -97.136064528 -0.007127878 0.008143206 0.999941439 15.130979598
0.013414642 0.999878686 -0.007915830 454.540304337 -0.999889982 0.013363835 -0.006436814 -98.085864451 -0.006330248 0.008001307 0.999947952 15.153841075
0.013145615 0.999897591 -0.005656849 454.527068218 -0.999893737 0.013109492 -0.006376213 -99.076888552 -0.006301402 0.005740067 0.999963671 15.145228926
0.015854044 0.999867691 -0.003640022 454.499616744 -0.999857851 0.015832786 -0.005796544 -100.067336291 -0.005738145 0.003731403 0.999976575 15.169705501
0.016423885 0.999864790 0.000811605 454.464820124 -0.999840207 0.016429200 -0.007045685 -101.042662186 -0.007058067 -0.000695757 0.999974849 15.153071202
0.019397039 0.999811237 0.001116347 454.493679268 -0.999758024 0.019407569 -0.010355685 -101.991043945 -0.010375395 -0.000915207 0.999945755 15.129707387
0.018807601 0.999823112 0.000135427 454.561479478 -0.999772069 0.018808009 -0.010102917 -102.957419946 -0.010103677 0.000054616 0.999948955 15.150989960
0.016966435 0.999853084 0.002439287 454.563813893 -0.999829773 0.016983628 -0.007209829 -103.894559014 -0.007250198 -0.002316546 0.999971034 15.170766938
0.020884666 0.999777704 0.002893557 454.586043584 -0.999779189 0.020891252 -0.002264815 -104.901513796 -0.002324761 -0.002845618 0.999993249 15.128706427
0.020195174 0.999779526 0.005749286 454.630859663 -0.999796038 0.020195940 -0.000075309 -105.897341954 -0.000191405 -0.005746593 0.999983470 15.117265592
0.021770859 0.999737415 0.007150562 454.643252207 -0.999762182 0.021779361 -0.001113275 -106.835237756 -0.001268718 -0.007124625 0.999973815 15.157011948
0.023619879 0.999703861 0.005855989 454.656698168 -0.999704345 0.023652903 -0.005635882 -107.756511405 -0.005772724 -0.005721139 0.999966972 15.220063326
0.023296737 0.999722821 0.003397567 454.648809847 -0.999670407 0.023331913 -0.010709736 -108.735065211 -0.010786039 -0.003146945 0.999936877 15.244632983
0.022022944 0.999738910 -0.006091065 454.744705739 -0.999642858 0.021927762 -0.015275123 -109.767395800 -0.015137571 0.006425293 0.999864776 15.183576501
0.018309770 0.999812959 -0.006228935 454.715538816 -0.999680550 0.018198073 -0.017539330 -110.855916521 -0.017422695 0.006548086 0.999826771 15.081199190
0.015579140 0.999876739 -0.001948492 454.747541237 -0.999735568 0.015543916 -0.016946393 -111.847886163 -0.016914017 0.002211987 0.999854501 15.088706095
0.013515467 0.999900991 -0.003916766 454.792734618 -0.999795831 0.013454993 -0.015075160 -112.789943439 -0.015020968 0.004119714 0.999878692 15.090570472
0.010825815 0.999937089 0.002935776 454.825670714 -0.999871650 0.010859689 -0.011779208 -113.707531696 -0.011810348 -0.002807880 0.999926313 15.132558005
0.009443828 0.999954920 0.000986025 454.823378393 -0.999900994 0.009453596 -0.010422607 -114.734674048 -0.010431459 -0.000887498 0.999945197 15.080202785
0.008542080 0.999942436 -0.006492834 454.862131457 -0.999906784 0.008472251 -0.010707170 -115.765353184 -0.010651545 0.006583691 0.999921597 15.106825242
0.008828584 0.999909860 -0.010115715 454.916268690 -0.999887961 0.008705198 -0.012177251 -116.656067683 -0.012088094 0.010222090 0.999874686 15.101733193
0.009175894 0.999831049 -0.015927229 454.863595340 -0.999882636 0.008978619 -0.012413632 -117.610360031 -0.012268530 0.016039266 0.999796092 15.076447726
0.009326929 0.999869506 -0.013190137 454.884939916 -0.999910359 0.009198967 -0.009728977 -118.576049464 -0.009606372 0.013279696 0.999865675 15.072439312
0.011360032 0.999841366 -0.013718333 454.935382067 -0.999925288 0.011296928 -0.004668731 -119.576338759 -0.004513015 0.013770345 0.999895000 15.101656685
0.010837779 0.999896919 -0.009417702 454.971904928 -0.999939564 0.010854674 0.001744713 -120.478429654 0.001846759 0.009398224 0.999954130 15.126431410
0.010178281 0.999927890 0.006373194 454.999348479 -0.999928817 0.010138193 0.006291133 -121.406175338 0.006226067 -0.006436773 0.999959901 15.170370246
0.010823472 0.999902523 0.008820275 455.057549470 -0.999929996 0.010780755 0.004876225 -122.336125211 0.004780661 -0.008872435 0.999949211 15.158588457
0.010726390 0.999920058 -0.006694913 454.999390474 -0.999926173 0.010687749 -0.005781109 -123.345486727 -0.005709093 0.006756430 0.999960878 15.104668025
0.011814161 0.999864019 -0.011505214 454.992029852 -0.999853490 0.011669943 -0.012522433 -124.283977962 -0.012386464 0.011651470 0.999855399 15.069146533
0.011248155 0.999904162 -0.008071354 455.079351483 -0.999854414 0.011143287 -0.012921965 -125.316848942 -0.012830785 0.008215528 0.999883931 15.066813942
0.011315669 0.999845124 -0.013478986 455.108684733 -0.999850338 0.011137256 -0.013238712 -126.278741115 -0.013086543 0.013626774 0.999821511 15.026944217
0.014019718 0.999701373 -0.020015285 455.116954052 -0.999843079 0.013799300 -0.011108444 -127.209416647 -0.010828930 0.020167882 0.999737961 15.070640509
0.015393209 0.999865893 -0.005589729 455.120115170 -0.999865628 0.015361207 -0.005723628 -128.167365611 -0.005636996 0.005677083 0.999967997 15.220817960
0.017082867 0.999828039 -0.007215798 455.208392131 -0.999853419 0.017074127 -0.001271067 -129.134948606 -0.001147645 0.007236454 0.999973158 15.247512462
0.014304816 0.999887317 -0.004552505 455.106885463 -0.999890890 0.014321351 0.003620439 -130.044900548 0.003685229 0.004500219 0.999983083 15.207221179
0.018347030 0.999815764 0.005641240 455.120101937 -0.999815815 0.018314663 0.005736715 -130.913266331 0.005632341 -0.005745452 0.999967633 15.214906494
0.019709392 0.999729657 0.012335041 455.134860617 -0.999796500 0.019654635 0.004544758 -131.814907614 0.004301088 -0.012422105 0.999913592 15.227203216
0.023048383 0.999701976 0.008045562 455.255894410 -0.999734285 0.023050553 -0.000177032 -132.711242743 -0.000362434 -0.008039344 0.999967618 15.191401120
0.029032392 0.999521006 0.010718194 455.267012018 -0.999556214 0.029101632 -0.006361657 -133.605421559 -0.006670527 -0.010528743 0.999922322 15.222869784
0.036319940 0.999332432 0.003943569 455.268209329 -0.999278083 0.036361401 -0.011007296 -134.423052217 -0.011143341 -0.003540938 0.999931642 15.178538749
0.042987274 0.999023009 -0.010252874 455.345606147 -0.998956270 0.042821254 -0.015896857 -135.336501839 -0.015442285 0.010925536 0.999821068 15.198554021
0.052945744 0.998520879 -0.012361335 455.429741238 -0.998477503 0.052743523 -0.016149187 -136.225973964 -0.015473320 0.013197546 0.999793179 15.235382479
0.063709106 0.997940169 -0.007521292 455.433268895 -0.997871875 0.063596248 -0.014395799 -137.219206455 -0.013887820 0.008422429 0.999868087 15.192412758
0.076973680 0.996971158 -0.011115868 455.459979043 -0.996961284 0.076829513 -0.012861753 -138.097394143 -0.011968770 0.012072106 0.999855496 15.213184975
0.086812979 0.996220878 -0.002732985 455.513645372 -0.996182173 0.086783627 -0.009469968 -138.905824399 -0.009197002 0.003544667 0.999951424 15.217288538
0.094829005 0.995493549 0.000230162 455.574376858 -0.995463961 0.094827964 -0.007691476 -139.685275589 -0.007678641 0.000500257 0.999970394 15.216964849
0.104672667 0.994360182 -0.017072239 455.737877023 -0.994410760 0.104408666 -0.015686613 -140.509763713 -0.013815654 0.018618778 0.999731198 15.152334113
0.115621068 0.993239609 -0.010336685 455.885039443 -0.993140189 0.115414206 -0.018765020 -141.490477432 -0.017445161 0.012435409 0.999770487 15.098761577
0.125851078 0.992047713 -0.001685782 455.955537283 -0.991897215 0.125801884 -0.017714429 -142.381413257 -0.017361484 0.003901502 0.999841666 15.117090954
0.131905321 0.991251360 0.004661298 456.012696764 -0.991199796 0.131948357 -0.010611133 -143.185653393 -0.011133351 -0.003220613 0.999932836 15.172495638
0.139869140 0.990165544 0.002969820 456.205259140 -0.990140825 0.139887413 -0.007256601 -143.933635821 -0.007600676 -0.001925565 0.999969260 15.166707214
0.147066776 0.989126518 -0.000309142 456.382295061 -0.989088716 0.147058407 -0.008794120 -144.769027834 -0.008653035 0.001599091 0.999961283 15.145509739
0.153327364 0.988174991 0.000952378 456.552035219 -0.988094777 0.153327090 -0.012629964 -145.637397753 -0.012626640 0.000995479 0.999919785 15.121231168
0.160536155 0.987023640 -0.003532391 456.662482117 -0.986799876 0.160420436 -0.022165020 -146.592888818 -0.021310731 0.007044050 0.999748085 15.112704465
0.170312836 0.985350659 -0.008810030 456.799331081 -0.985121361 0.170050821 -0.024872114 -147.520360613 -0.023009601 0.012914989 0.999651820 15.088522073
0.179624609 0.983674883 -0.010896052 456.965779278 -0.983633587 0.179435814 -0.016363222 -148.382025844 -0.014140949 0.013656960 0.999806742 15.113216816
0.190289098 0.981586311 -0.016684507 457.044021771 -0.981700446 0.190128698 -0.010738372 -149.155598763 -0.007368435 0.018422583 0.999803138 15.109533516
0.199792201 0.979639995 -0.019711820 457.300905126 -0.979784335 0.199529651 -0.014511213 -150.002087718 -0.010282672 0.022212559 0.999700390 15.051180847
0.212592180 0.977019622 -0.015402043 457.532644164 -0.976996050 0.212262731 -0.020573073 -150.967823396 -0.016831016 0.019421409 0.999669708 15.125838382
0.225830595 0.974048873 -0.015143850 457.691041806 -0.973933092 0.225408842 -0.025400514 -151.877778928 -0.021327784 0.020485310 0.999562643 15.082511867
0.238412180 0.971059332 -0.014262047 457.879175038 -0.970953616 0.238029108 -0.024315018 -152.658579470 -0.020216543 0.019644782 0.999602608 15.104332866
0.248484438 0.968340806 -0.023907473 458.113814224 -0.968548102 0.248053941 -0.019591240 -153.371030832 -0.013040655 0.028023655 0.999522194 15.175657467
0.261071856 0.964679185 -0.035150478 458.348943638 -0.965311436 0.260748939 -0.013558114 -154.284114205 -0.003913781 0.037470800 0.999290059 15.110633342
0.267350585 0.962900842 -0.036682858 458.551428149 -0.963599174 0.267178249 -0.009613266 -155.100250489 0.000544240 0.037917684 0.999280718 15.092908033
0.276638534 0.960349276 -0.034646643 458.797159322 -0.960974018 0.276467768 -0.009721656 -155.916597369 0.000242495 0.035983908 0.999352340 15.104261694
0.282393928 0.958790882 -0.031204391 458.967541393 -0.959289193 0.282098223 -0.013595490 -156.685802077 -0.004232528 0.033773319 0.999420556 15.064724882
0.288659283 0.956826488 -0.034042472 459.213914118 -0.957358960 0.288015944 -0.022597284 -157.437090374 -0.011816905 0.039113781 0.999164888 15.077290597
0.295115645 0.954411418 -0.044783935 459.498569043 -0.955320873 0.293943626 -0.030970528 -158.240272852 -0.016394673 0.051922916 0.998516512 15.059737325
0.302843605 0.952026463 -0.043947291 459.787196979 -0.952897027 0.301676523 -0.031281496 -159.025136924 -0.016522946 0.051350643 0.998543992 15.045566680
0.309051738 0.950245056 -0.039004562 460.036073784 -0.950960381 0.308216352 -0.026019874 -159.772862302 -0.012703413 0.045133280 0.998900200 15.052874598
0.314706764 0.948508426 -0.035936303 460.284488942 -0.949164765 0.314202889 -0.019047160 -160.523009901 -0.006775102 0.040103743 0.999172552 15.100024658
0.321741355 0.946094932 -0.037240831 460.552555057 -0.946826269 0.321426024 -0.014329261 -161.292446892 -0.001586669 0.039870913 0.999203579 15.098855902
0.328776009 0.944029409 -0.026735957 460.833534902 -0.944402967 0.328550740 -0.012547797 -162.079211547 -0.003061371 0.029374932 0.999563776 15.090443700
0.333965689 0.942346737 -0.021202475 461.116461047 -0.942545579 0.333660818 -0.016682037 -162.789053249 -0.008645828 0.025555527 0.999636016 15.044457943
0.342942074 0.938935344 -0.028127466 461.320067692 -0.939319074 0.342507141 -0.019197268 -163.575749178 -0.008391136 0.033004216 0.999419987 15.079202155
0.350277403 0.935904668 -0.037258464 461.662813330 -0.936644219 0.349921799 -0.015885238 -164.384564479 -0.001829519 0.040462165 0.999179396 15.105546993
0.359563058 0.932129651 -0.042996766 462.042173540 -0.933107262 0.359424042 -0.011189067 -165.232327698 0.005024410 0.044143769 0.999012554 15.116686217
0.368584541 0.928766557 -0.039218862 462.418299438 -0.929577887 0.368500078 -0.009625200 -166.133086130 0.005512590 0.040004686 0.999184286 15.124577156
0.375210654 0.925809185 -0.045763713 462.755981712 -0.926933144 0.374934319 -0.014805518 -166.936231467 0.003451303 0.047975091 0.998842570 15.094887756
0.383923596 0.922036828 -0.049505162 463.003912410 -0.923359114 0.383558238 -0.017059430 -167.621580586 0.003258689 0.052260560 0.998628166 15.099416935
0.393309538 0.917938645 -0.051925441 463.343483838 -0.919403209 0.392822573 -0.019701931 -168.348620812 0.002312322 0.055489374 0.998456600 15.084318106
0.401360183 0.914199897 -0.056111961 463.625575014 -0.915912502 0.400855745 -0.020468510 -169.029485156 0.003780493 0.059608891 0.998214650 15.103302073
0.412431914 0.909247692 -0.056289887 463.997302163 -0.910974165 0.411983150 -0.019898604 -169.782408114 0.005097725 0.059485452 0.998216156 15.112446779
0.421674522 0.905355581 -0.050218225 464.351669682 -0.906733260 0.421328617 -0.017804277 -170.593425697 0.005039174 0.053042145 0.998579560 15.139915262
0.429955461 0.901912196 -0.041142333 464.720694077 -0.902836978 0.429748252 -0.014206758 -171.313887766 0.004867597 0.043253093 0.999052289 15.184223215
0.436341763 0.898686321 -0.044370740 465.101883251 -0.899746845 0.436224080 -0.012812744 -172.033401873 0.007840948 0.045513169 0.998932966 15.227757057
0.445267073 0.894230414 -0.045707771 465.465916900 -0.895287353 0.445433479 -0.007040690 -172.731387822 0.014063773 0.044056577 0.998930042 15.334799958
0.453520228 0.890226921 -0.042607883 465.752900053 -0.891044917 0.453914907 -0.000460571 -173.330932965 0.018930340 0.038174416 0.999091766 15.295412948
0.459505239 0.887218819 -0.041203173 466.086287135 -0.888001445 0.459838007 -0.001562573 -174.009457205 0.017560440 0.037306488 0.999149567 15.281943142
0.468006078 0.883272264 -0.028291678 466.508705699 -0.883697960 0.468003319 -0.007128082 -174.682552542 0.006944562 0.028337283 0.999574295 15.283759355
0.475576138 0.878989964 -0.034698410 466.809441585 -0.879672620 0.475122069 -0.020859073 -175.274519875 -0.001848936 0.040443319 0.999180124 15.296175547
0.485595764 0.873191219 -0.041639515 467.237291699 -0.874158486 0.484670537 -0.030682422 -176.055380491 -0.006610175 0.051298790 0.998661474 15.308755802
0.493982060 0.867819359 -0.053584362 467.647123919 -0.869467356 0.492836909 -0.033738677 -176.688317696 -0.002870726 0.063256155 0.997993195 15.306986302
0.504993239 0.861419494 -0.054205935 468.168779766 -0.863109417 0.504344455 -0.026053879 -177.387509286 0.004895144 0.059942685 0.998189818 15.247083484
0.511591065 0.857813459 -0.049301640 468.506102622 -0.859162242 0.511424067 -0.016901645 -177.980846013 0.010715587 0.051004838 0.998640918 15.232994139
0.518403358 0.854133915 -0.041390975 468.834549499 -0.855046555 0.518442369 -0.010625391 -178.606527372 0.012383328 0.040899449 0.999086527 15.299418677
0.525389892 0.849893957 -0.040567512 469.244099363 -0.850801790 0.525320806 -0.013204704 -179.236631972 0.010088360 0.041452530 0.999089542 15.355698487
0.531585883 0.846168519 -0.037620286 469.596557340 -0.846991741 0.531296151 -0.018149119 -179.841573809 0.004630300 0.041511887 0.999127281 15.407861814
0.535120852 0.843714154 -0.042333202 470.011462725 -0.844746074 0.534848285 -0.018476512 -180.364722558 0.007052946 0.045647973 0.998932690 15.435041495
0.536118902 0.843030868 -0.043306794 470.349430272 -0.844099675 0.535902391 -0.017446059 -180.931196702 0.008500648 0.045908413 0.998909484 15.439064879
0.536766253 0.842447415 -0.046522496 470.624280388 -0.843685903 0.536491068 -0.019272540 -181.468179712 0.008722802 0.049595223 0.998731308 15.455255275
0.535638813 0.843440868 -0.041213644 470.919021923 -0.844384953 0.535553610 -0.014013634 -181.874153620 0.010252444 0.042306427 0.999052078 15.492101166
0.535516473 0.843520104 -0.041181799 471.303400654 -0.844426207 0.535561997 -0.010850252 -182.253628966 0.012903001 0.040585479 0.999092754 15.540326077
0.529734166 0.846811166 -0.047880719 471.573178276 -0.848005610 0.529880808 -0.010621392 -182.766554730 0.016376761 0.046229633 0.998796587 15.547838604
0.523349427 0.851090676 -0.041833458 471.852668638 -0.851995718 0.523475508 -0.008757264 -183.231309732 0.014445565 0.040225036 0.999086219 15.555888488
0.513611491 0.857082389 -0.040162355 472.097703054 -0.857952690 0.513605207 -0.011263820 -183.739297085 0.010973573 0.040242628 0.999129677 15.501182993
0.502703364 0.863544562 -0.039750681 472.364443568 -0.864444838 0.502426419 -0.017401623 -184.257921362 0.004944715 0.043110125 0.999058090 15.471298343
0.488928769 0.871557385 -0.036556578 472.664634727 -0.872323258 0.488456259 -0.021508495 -184.758916006 -0.000889598 0.042405276 0.999100096 15.476684565
0.475392687 0.879016630 -0.036490503 472.866044419 -0.879751584 0.474677432 -0.026804579 -185.180484917 -0.006240452 0.044845279 0.998974453 15.503775993
0.461425294 0.886254380 -0.040495322 473.153812865 -0.887134207 0.460462038 -0.031106432 -185.526964189 -0.008921654 0.050278080 0.998695408 15.529250410
0.447481383 0.893273948 -0.042685658 473.335355790 -0.894262045 0.446557039 -0.029701950 -185.913289099 -0.007470397 0.051463233 0.998646949 15.562421313
0.431060705 0.901161938 -0.045758385 473.550909222 -0.902294513 0.430090052 -0.029785226 -186.346695853 -0.007161086 0.054126780 0.998508393 15.585100640
0.411408865 0.910135132 -0.048956995 473.655344662 -0.911449208 0.410710661 -0.024022768 -186.818747587 -0.001756805 0.054504994 0.998511952 15.592763028
0.388772515 0.919987558 -0.049787785 473.781735753 -0.921326313 0.388418849 -0.016988907 -187.212993865 0.003708931 0.052475617 0.998615318 15.575820716
0.363343476 0.930389100 -0.048555540 473.857620292 -0.931625323 0.363255804 -0.010930623 -187.615810743 0.007468349 0.049207141 0.998760673 15.626353837
0.331452574 0.942265385 -0.047698390 474.109704070 -0.943465770 0.331208538 -0.013162231 -188.006570840 0.003395800 0.049364454 0.998775059 15.631579546
0.297883339 0.953406419 -0.047767329 474.185911785 -0.954601796 0.297459523 -0.015913636 -188.418804798 -0.000963316 0.050339185 0.998731715 15.577667621
0.261878633 0.963837520 -0.049364121 474.298574028 -0.965083483 0.261224607 -0.019379774 -188.796865609 -0.005783830 0.052715646 0.998592814 15.602508203
0.225607089 0.972790144 -0.052733080 474.370435124 -0.974155103 0.224644817 -0.023591141 -189.107264702 -0.011103016 0.056692527 0.998329946 15.617504877
0.186638799 0.980883319 -0.055080611 474.390593417 -0.982284232 0.185356711 -0.027578556 -189.383377079 -0.016841785 0.059252044 0.998100972 15.615962395
0.145568132 0.987935839 -0.052845978 474.373661171 -0.989160665 0.144292703 -0.027217545 -189.768681819 -0.019263899 0.056235170 0.998231690 15.625543593
0.101061348 0.993747076 -0.047469489 474.363392480 -0.994705813 0.100035230 -0.023522312 -190.074271010 -0.018626608 0.049595373 0.998595688 15.627661841
0.056813388 0.997408301 -0.044146574 474.381075977 -0.998262302 0.056058157 -0.018162048 -190.337647235 -0.015640202 0.045101708 0.998859960 15.600514039
0.009874697 0.999050249 -0.042439247 474.361321262 -0.999797247 0.009119457 -0.017952714 -190.751657003 -0.017548640 0.042607920 0.998937741 15.603523568
-0.038283740 0.998328929 -0.043286305 474.356894010 -0.999121736 -0.038980611 -0.015371016 -191.210441533 -0.017032657 0.042659828 0.998944457 15.581890946
-0.088518651 0.995062206 -0.044896043 474.288546217 -0.995887674 -0.089285086 -0.015359527 -191.591358214 -0.019292232 0.043351811 0.998873581 15.591699068
-0.139739612 0.989119045 -0.046003864 474.164057393 -0.989956853 -0.140560521 -0.015105279 -191.963048188 -0.021407246 0.043431034 0.998827050 15.567222007
-0.192607325 0.980241889 -0.045036177 474.017557442 -0.980954400 -0.193516096 -0.016732793 -192.313317757 -0.025117410 0.040955577 0.998845211 15.557111781
-0.245172418 0.968512196 -0.043296784 473.871958537 -0.968987569 -0.246226032 -0.020876602 -192.675821757 -0.030880039 0.036835678 0.998844110 15.495153065
-0.296762471 0.953950428 -0.043710608 473.784818863 -0.954323220 -0.297916318 -0.022650836 -193.111056159 -0.034629878 0.034992130 0.998787426 15.489637180
-0.349511127 0.935901967 -0.043925847 473.635721611 -0.936097047 -0.350794677 -0.025795619 -193.478597206 -0.039551124 0.032103000 0.998701710 15.454268888
-0.403393046 0.914033427 -0.042625645 473.512591998 -0.913997590 -0.404710720 -0.028594392 -193.855551420 -0.043387285 0.027424958 0.998681839 15.452597019
-0.455724482 0.889053576 -0.043576770 473.314591735 -0.888893699 -0.457120315 -0.030149776 -194.282280232 -0.046724593 0.024995125 0.998595041 15.462408635
-0.507904291 0.860429175 -0.041168755 473.031173765 -0.860139270 -0.509172000 -0.030071762 -194.710313929 -0.046836599 0.020137286 0.998699566 15.386252602
-0.558748503 0.828510421 -0.037021528 472.768667293 -0.827901925 -0.559850614 -0.033848064 -195.131620435 -0.048770000 0.011737639 0.998741065 15.342105665
-0.606995202 0.793828045 -0.037334446 472.416109026 -0.793067381 -0.608090032 -0.035646070 -195.563168208 -0.050999555 0.007971738 0.998666860 15.325866350
-0.648678435 0.760097540 -0.038314719 472.039455425 -0.759289268 -0.649781053 -0.035558272 -196.027756131 -0.051923934 0.006026070 0.998632861 15.356970887
-0.684376159 0.727917560 -0.042015453 471.619710675 -0.727197915 -0.685620558 -0.033281276 -196.434617971 -0.053032683 0.007776638 0.998562496 15.297208599
-0.711625608 0.701136158 -0.044688730 471.113691884 -0.700494152 -0.712970429 -0.031322669 -196.865536244 -0.053823199 0.009014181 0.998509794 15.229559445
-0.733686512 0.677920069 -0.046135487 470.561757946 -0.677240855 -0.735090008 -0.031424576 -197.304148950 -0.055217086 0.008189048 0.998440791 15.148746090
-0.750204828 0.659559836 -0.046621223 470.082015917 -0.658796286 -0.751624574 -0.032372105 -197.698168331 -0.056392997 0.006428179 0.998387955 15.136581237
-0.763497063 0.644154909 -0.046224330 469.566890806 -0.643299931 -0.764883514 -0.033442622 -198.141579792 -0.056898457 0.004202765 0.998371125 15.135583399
-0.775423879 0.629720593 -0.046580923 468.999675838 -0.628853383 -0.776813697 -0.033225031 -198.577879613 -0.057107185 0.003529088 0.998361816 15.080599588
-0.784700959 0.618076625 -0.047177218 468.471188168 -0.617150192 -0.786113888 -0.033920426 -199.043796699 -0.058052089 0.002498038 0.998310430 15.051728196
-0.792595854 0.608024606 -0.045802733 467.913046575 -0.607038412 -0.793918097 -0.034618233 -199.465892288 -0.057412356 0.000365750 0.998350483 15.011518040
-0.799553244 0.599001290 -0.043727163 467.323610337 -0.597748879 -0.800731932 -0.039046777 -199.913963843 -0.058402806 -0.005082114 0.998280163 14.967254713
-0.804765482 0.592086498 -0.042262248 466.629059665 -0.590572854 -0.805811934 -0.043483697 -200.405157648 -0.059801534 -0.010035242 0.998159842 14.897008930
-0.808321745 0.586795502 -0.047822534 465.851452739 -0.585615698 -0.809732429 -0.037251139 -200.988317284 -0.060582258 -0.002105279 0.998160988 14.864315021
-0.811169028 0.582680862 -0.049878063 465.109142916 -0.581398963 -0.812697528 -0.038703684 -201.549875531 -0.063087674 -0.002396176 0.998005112 14.775056535
-0.812269690 0.581281891 -0.048262962 464.383200826 -0.580036967 -0.813696779 -0.038140121 -202.079908501 -0.061441579 -0.002985762 0.998106216 14.717856986
-0.813372943 0.580230717 -0.041913852 463.696010084 -0.578842453 -0.814400015 -0.041158604 -202.493620047 -0.058016129 -0.009215778 0.998273108 14.740628867
-0.814667245 0.579013701 -0.032564007 463.009708842 -0.577262426 -0.815020592 -0.050095180 -202.960671692 -0.055546132 -0.022012925 0.998213433 14.733075347
-0.815806179 0.577244281 -0.035345701 462.211304245 -0.575580226 -0.816363779 -0.047514044 -203.554892897 -0.056282160 -0.018417964 0.998245009 14.628008494
-0.817683517 0.573952784 -0.044405726 461.332208160 -0.572459447 -0.818836188 -0.042396689 -204.105429296 -0.060694713 -0.009246596 0.998113547 14.561488177
-0.818238313 0.571690255 -0.060467479 460.495086585 -0.571202333 -0.820372350 -0.026778764 -204.775218679 -0.064915007 0.012627754 0.997810895 14.396763250
-0.819806642 0.569502452 -0.059866736 459.736978017 -0.568882914 -0.821921132 -0.028598665 -205.334140665 -0.065492745 0.010611787 0.997796618 14.363628888
-0.821212062 0.567598582 -0.058673656 459.007167859 -0.566852110 -0.823262705 -0.030285373 -205.837810682 -0.065493767 0.008388572 0.997817718 14.313229687
-0.820130511 0.570040951 -0.049388867 458.142886632 -0.568542066 -0.821593058 -0.041770404 -206.393820705 -0.064388390 -0.006177534 0.997905794 14.297052222
-0.819448858 0.570381384 -0.056290731 457.229044088 -0.569704931 -0.821337901 -0.028988678 -206.978748512 -0.062768313 0.008314368 0.997993492 14.207860139
-0.817856058 0.572702886 -0.055882676 456.359172845 -0.572027907 -0.819721483 -0.028995919 -207.560954581 -0.062414276 0.008251962 0.998016214 14.129339539
-0.817038189 0.574305498 -0.051203445 455.532349386 -0.573301440 -0.818639522 -0.033982246 -208.163304711 -0.061433354 0.001590216 0.998109921 14.099284099
-0.815653127 0.576131687 -0.052747097 454.766346135 -0.575308271 -0.817342120 -0.031180951 -208.769419689 -0.061076758 0.004913001 0.998120981 14.023962315
-0.815326618 0.576465160 -0.054133401 453.862660960 -0.575622976 -0.817103973 -0.031611506 -209.313174159 -0.062455549 0.005386727 0.998033210 13.966305095
-0.813970206 0.578197513 -0.056036939 453.007228404 -0.577323477 -0.815874598 -0.032345698 -209.909334248 -0.064421317 0.006023007 0.997904613 13.913629169
-0.813330512 0.579098474 -0.056021752 452.189289941 -0.578172885 -0.815239652 -0.033172656 -210.536589510 -0.064881388 0.005409925 0.997878318 13.838685807
-0.811890163 0.581159846 -0.055566140 451.371756977 -0.580220815 -0.813773385 -0.033416816 -211.120835602 -0.064638758 0.005109847 0.997895646 13.792584465
-0.810704689 0.583007740 -0.053477873 450.625949179 -0.581877088 -0.812464894 -0.036329751 -211.714029883 -0.064629420 0.001664850 0.997907945 13.715312352
-0.810712966 0.582751460 -0.056082286 449.879026017 -0.581792569 -0.812633740 -0.033820279 -212.248231678 -0.065283175 0.005209719 0.997853179 13.608666006
-0.809715289 0.583831308 -0.059179010 449.069712838 -0.583333440 -0.811778377 -0.027165481 -212.858411275 -0.063900299 0.012524790 0.997877689 13.637783433
-0.809520750 0.584438866 -0.055743770 448.232927972 -0.583823788 -0.811381928 -0.028445570 -213.474733728 -0.061854184 0.009517260 0.998039820 13.571846224
-0.809451830 0.584935122 -0.051367673 447.460693948 -0.583990174 -0.811074582 -0.033369131 -214.049765395 -0.061181791 0.002987512 0.998122169 13.504404868
-0.807738746 0.587148096 -0.053058757 446.636204098 -0.586254226 -0.809466032 -0.032721957 -214.683104109 -0.062161896 0.004675128 0.998055130 13.465223422
-0.807191747 0.587400774 -0.058325075 445.739775870 -0.586776268 -0.809225241 -0.029122502 -215.256365180 -0.064304704 0.010716327 0.997872770 13.422576068
-0.806793895 0.588089352 -0.056872887 444.905278245 -0.587157241 -0.808772029 -0.033677588 -215.841483457 -0.065802631 0.006222454 0.997813256 13.344371498
-0.807371394 0.587585587 -0.053801576 444.129636639 -0.586373781 -0.809161297 -0.037733077 -216.414030132 -0.065705565 0.001083227 0.997838467 13.326173907
-0.807311104 0.587979246 -0.050291021 443.353724955 -0.586399800 -0.808856849 -0.043426640 -216.985341384 -0.066212200 -0.005568164 0.997790028 13.293185003
-0.807214563 0.588050506 -0.051002473 442.579876241 -0.586548211 -0.808813516 -0.042212471 -217.598946242 -0.066074554 -0.004159112 0.997806021 13.242845324
-0.807820693 0.587393644 -0.048932955 441.793632884 -0.585754055 -0.809268924 -0.044452172 -218.157433915 -0.065710843 -0.007246708 0.997812392 13.246051434
-0.807830146 0.587510157 -0.047352612 441.020333218 -0.585613327 -0.809135198 -0.048551653 -218.705682194 -0.066839255 -0.011491168 0.997697583 13.210605286
-0.808917000 0.586008668 -0.047403887 440.240550175 -0.584109504 -0.810222078 -0.048541440 -219.343236783 -0.066853380 -0.011576935 0.997695645 13.136227750
-0.810756105 0.583049831 -0.052224832 439.468846198 -0.581556645 -0.812428591 -0.041852742 -219.843318739 -0.066831181 -0.003560668 0.997757944 13.048023315
-0.811633648 0.581992831 -0.050350428 438.718103496 -0.580393229 -0.813170839 -0.043553259 -220.373141860 -0.066291185 -0.006126243 0.997781513 13.002189573
-0.811657118 0.582262932 -0.046718326 437.865103437 -0.580521316 -0.812934528 -0.046178513 -220.977638264 -0.064866976 -0.010360135 0.997840139 12.943265606
-0.811848920 0.582041831 -0.046137158 437.018059378 -0.580009509 -0.813031585 -0.050681468 -221.570585195 -0.067009701 -0.014385705 0.997648611 12.913518625
-0.811451461 0.582108626 -0.051923737 436.202958851 -0.580126808 -0.813054453 -0.048942239 -222.165016856 -0.070706525 -0.009591899 0.997451043 12.840647207
-0.808947297 0.585553897 -0.052258058 435.397528850 -0.583267231 -0.810536221 -0.053201237 -222.810364668 -0.073509241 -0.012556583 0.997215485 12.786812949
-0.808042404 0.586790552 -0.052386258 434.595702911 -0.584451117 -0.809635088 -0.053925106 -223.410164780 -0.074056496 -0.012956565 0.997169877 12.726971806
-0.807763105 0.587569837 -0.047754075 433.791120451 -0.584944949 -0.808936263 -0.058834769 -223.978530442 -0.073199538 -0.019591050 0.997124876 12.725221725
-0.805052157 0.591277656 -0.047767750 433.061363533 -0.588714593 -0.806253058 -0.058061472 -224.623683858 -0.072843346 -0.018620941 0.997169548 12.641357152
-0.803432479 0.593519644 -0.047230122 432.239094510 -0.591332746 -0.804686653 -0.052961999 -225.198961620 -0.069439435 -0.014622673 0.997478993 12.588717151
-0.800993956 0.596879021 -0.046304617 431.525967130 -0.594569423 -0.802161131 -0.054997462 -225.809601186 -0.069970595 -0.016521325 0.997412233 12.522105608
-0.797612507 0.600950231 -0.051702105 430.780656208 -0.599020303 -0.799247096 -0.048772507 -226.528554369 -0.070632607 -0.007930951 0.997470869 12.465590605
-0.797774569 0.600912625 -0.049595911 429.893276811 -0.599068522 -0.799270448 -0.047787635 -227.141089898 -0.068356739 -0.008412411 0.997625475 12.385389320
-0.798287752 0.600441702 -0.046972622 429.012710168 -0.598782314 -0.799627899 -0.045331700 -227.723553944 -0.064779662 -0.008061366 0.997867030 12.314236785
-0.797639326 0.601289616 -0.047141317 428.166404118 -0.599629707 -0.798992123 -0.045340947 -228.319005610 -0.064928581 -0.007898389 0.997858655 12.265945280
-0.798564475 0.600268979 -0.044406448 427.388570890 -0.598389379 -0.799698047 -0.049124177 -228.887746277 -0.064999469 -0.012656476 0.997805032 12.252744746
-0.798243999 0.601029457 -0.039624612 426.608444862 -0.598916324 -0.798993293 -0.053934726 -229.494016659 -0.064076159 -0.019321245 0.997757954 12.161322998
-0.797884533 0.601552866 -0.038915565 425.852325034 -0.599488288 -0.798600426 -0.053396179 -230.074168077 -0.063198612 -0.019274560 0.997814826 12.099956012
-0.799381159 0.599651308 -0.037524284 424.982093277 -0.597371477 -0.799921740 -0.057206020 -230.688081465 -0.064320156 -0.023313478 0.997656955 12.017912645
-0.798565033 0.600614615 -0.039445814 424.113255811 -0.598129317 -0.799177433 -0.059638498 -231.443342016 -0.067343958 -0.024031521 0.997440363 11.947714371
-0.797750639 0.601580293 -0.041171212 423.265404294 -0.598973430 -0.798455999 -0.060818153 -232.134171327 -0.069460403 -0.023857258 0.997299395 11.838215129
-0.799766215 0.598881846 -0.041406945 422.371418305 -0.596235682 -0.800468349 -0.061265268 -232.790303812 -0.069835606 -0.024309594 0.997262268 11.849313068
-0.799598425 0.598960063 -0.043464935 421.564402057 -0.596402886 -0.800489822 -0.059326576 -233.385916921 -0.070327488 -0.021514824 0.997291912 11.753150940
-0.799530267 0.598970948 -0.044555081 420.729610920 -0.596482987 -0.800525516 -0.058025373 -234.062170390 -0.070422992 -0.019816694 0.997320360 11.717668330
-0.798948458 0.599827475 -0.043455282 419.880338494 -0.597277288 -0.799843719 -0.059244121 -234.733782578 -0.070293686 -0.021378146 0.997297234 11.631344166
-0.799533874 0.599007165 -0.044000017 419.040171456 -0.596652687 -0.800524434 -0.056269011 -235.299128072 -0.068928629 -0.018736252 0.997445636 11.576380571
-0.798391166 0.600573492 -0.043393869 418.188744288 -0.598147219 -0.799320539 -0.057502867 -235.850319406 -0.069220308 -0.019953859 0.997401821 11.553501237
-0.796625033 0.602916290 -0.043364773 417.389276517 -0.600618760 -0.797594269 -0.055682015 -236.548151582 -0.068159089 -0.018311991 0.997506396 11.490347653
-0.795291134 0.604776799 -0.041917004 416.594317167 -0.602506632 -0.796167123 -0.055710598 -237.192434099 -0.067065418 -0.019050871 0.997566687 11.406644047
-0.794600676 0.605669697 -0.042118685 415.788317738 -0.603397494 -0.795493008 -0.055698635 -237.841725956 -0.067240095 -0.018843864 0.997558860 11.346351051
-0.794430395 0.606118853 -0.038733504 414.957001342 -0.603989780 -0.795124479 -0.054528965 -238.461353834 -0.063848991 -0.019924827 0.997760646 11.319261160
-0.793599155 0.607246941 -0.038098995 414.059827289 -0.605312357 -0.794310993 -0.051642976 -239.140147504 -0.061622490 -0.017922029 0.997938610 11.238384279
-0.791415354 0.610019479 -0.039216998 413.287627837 -0.608120860 -0.792217688 -0.050795208 -239.844188618 -0.062054466 -0.016351433 0.997938813 11.163835117
-0.790945053 0.610601471 -0.039645504 412.539583133 -0.608841200 -0.791810948 -0.048454268 -240.477800305 -0.060977991 -0.014186847 0.998038285 11.104266624
-0.791219904 0.610379519 -0.037522074 411.695542683 -0.608346734 -0.791870092 -0.053441641 -241.079481474 -0.062332291 -0.019457659 0.997865765 11.039729488
-0.791329674 0.610142341 -0.039034227 410.833106486 -0.608030586 -0.792059765 -0.054223025 -241.703266527 -0.064001204 -0.019174285 0.997765600 10.973254209
-0.790365240 0.611191014 -0.042051529 410.031087033 -0.609196337 -0.791337504 -0.051621490 -242.344328002 -0.064827543 -0.015182194 0.997780983 10.890040987
-0.791428009 0.609704406 -0.043614733 409.296479855 -0.607640472 -0.792489210 -0.052286788 -242.946613895 -0.066443690 -0.014879151 0.997679230 10.854548197
-0.789410777 0.612265468 -0.044290199 408.514648822 -0.610042075 -0.790489594 -0.054542356 -243.643541044 -0.068405343 -0.016037438 0.997528701 10.813956560
-0.788788136 0.612834749 -0.047400912 407.738772673 -0.610774227 -0.790124172 -0.051561969 -244.215427565 -0.069051573 -0.011720214 0.997544243 10.773231145
-0.791501630 0.609302607 -0.047702223 406.975934111 -0.606972670 -0.792800156 -0.055245739 -244.738123071 -0.071479703 -0.014773147 0.997332646 10.711505065
-0.793757112 0.606462849 -0.046394601 406.268635965 -0.603903169 -0.794895332 -0.058671744 -245.267665851 -0.072461085 -0.018553267 0.997198660 10.665612896
-0.795698026 0.604126835 -0.043536402 405.625367453 -0.601367197 -0.796546805 -0.062214811 -245.723334718 -0.072264419 -0.023322838 0.997112781 10.624620419
-0.798520861 0.600425333 -0.043056401 404.983690594 -0.597591114 -0.799294420 -0.063350539 -246.197144064 -0.072452010 -0.024856604 0.997062112 10.543579205
-0.801539541 0.596386565 -0.043097901 404.251355292 -0.593657989 -0.802339585 -0.061817337 -246.775575007 -0.071446181 -0.023963627 0.997156551 10.545553646
-0.806787634 0.589287150 -0.042829529 403.576493038 -0.586753546 -0.807610169 -0.059043138 -247.283969490 -0.069382926 -0.022504896 0.997336222 10.458182252
-0.813453200 0.579923304 -0.044529248 402.884282243 -0.577499404 -0.814413648 -0.056787744 -247.760416486 -0.069197763 -0.020478558 0.997392750 10.406242973
-0.820339354 0.570263504 -0.042928794 402.352119834 -0.567552514 -0.821053075 -0.061286154 -248.128186262 -0.070196075 -0.025911099 0.997196634 10.343709175
-0.827963721 0.559198365 -0.042110159 401.772955952 -0.556457742 -0.828567084 -0.061898055 -248.462184409 -0.069504383 -0.027816820 0.997193745 10.332070988
-0.838047715 0.544000909 -0.041701778 401.177265594 -0.541321340 -0.838598069 -0.061028558 -248.897571796 -0.068170622 -0.028570781 0.997264497 10.287216693
-0.851199304 0.523314573 -0.040020033 400.582244410 -0.520721566 -0.851593722 -0.060309063 -249.293665706 -0.065641420 -0.030495738 0.997377167 10.244862626
-0.866193756 0.498159194 -0.039316597 400.015140352 -0.495697680 -0.866526398 -0.058444944 -249.636357683 -0.063183755 -0.031135499 0.997516112 10.260806103
-0.883497781 0.466745710 -0.039750632 399.476758644 -0.464302119 -0.883791468 -0.057759698 -250.000770556 -0.062090361 -0.032574262 0.997538824 10.238440622
-0.902128725 0.429780388 -0.038112752 398.927472704 -0.427359854 -0.902207500 -0.058182320 -250.245499513 -0.059391231 -0.036200082 0.997578185 10.183080494
-0.921085356 0.387473176 -0.038292348 398.358857653 -0.385212951 -0.921172406 -0.055248359 -250.507706410 -0.056681112 -0.036137746 0.997738099 10.170997733
-0.940309962 0.338227118 -0.037677481 397.790238414 -0.335957177 -0.940220242 -0.055845072 -250.721971253 -0.054313448 -0.039853658 0.997728287 10.129973379
-0.958297982 0.283006548 -0.039651887 397.241880469 -0.280623704 -0.958151124 -0.056539896 -250.918113515 -0.053993661 -0.043054809 0.997612634 10.092158731
-0.973350161 0.224865496 -0.044999687 396.609716330 -0.222337793 -0.973416721 -0.055007202 -250.997578475 -0.056172669 -0.043536138 0.997471421 10.054233700
-0.985881616 0.160143638 -0.048902507 395.983510969 -0.157541734 -0.986082912 -0.053113957 -250.942025267 -0.056727789 -0.044659888 0.997390321 9.977400337
-0.994677971 0.089061983 -0.051804419 395.390638098 -0.086222332 -0.994773816 -0.054687890 -250.958626742 -0.056404292 -0.049930142 0.997158732 9.967713579
-0.998553028 0.014715339 -0.051723393 394.837870424 -0.011903107 -0.998455663 -0.054264221 -250.951769458 -0.052442031 -0.053570034 0.997186083 9.990055837
-0.996817976 -0.059900403 -0.052591491 394.278499451 0.062589631 -0.996731875 -0.051069627 -250.888903404 -0.049360525 -0.054198804 0.997309394 9.958560843
-0.989553348 -0.134443649 -0.052048784 393.770194557 0.137071198 -0.989262535 -0.050706237 -250.777492024 -0.044672780 -0.057310916 0.997356407 9.925688987
-0.976631872 -0.208264751 -0.053065801 393.177335647 0.210841087 -0.976306955 -0.048690510 -250.662251751 -0.041667994 -0.058741155 0.997403256 9.933097191
-0.958880589 -0.278899378 -0.052565695 392.653551893 0.281290105 -0.958549877 -0.045365289 -250.480101190 -0.037734489 -0.058286105 0.997586507 9.891846636
-0.936145137 -0.347663038 -0.052561332 392.105604472 0.349922542 -0.935818420 -0.042403996 -250.265335896 -0.034445561 -0.058088690 0.997716998 9.880463483
-0.908611917 -0.414355413 -0.052287437 391.586361260 0.416547110 -0.908158086 -0.041682088 -249.952536204 -0.030214060 -0.059653022 0.997761809 9.868197120
-0.877144655 -0.477373465 -0.052266906 391.122859752 0.479454112 -0.876701467 -0.038965268 -249.694808310 -0.027221488 -0.059237759 0.997872676 9.876230337
-0.844091945 -0.533366485 -0.055036186 390.646554534 0.535480255 -0.843819891 -0.035055493 -249.370418544 -0.027743204 -0.059060851 0.997868794 9.815884473
-0.810653412 -0.582941517 -0.054956656 390.159459771 0.584998346 -0.810331979 -0.033749350 -249.050687322 -0.024859239 -0.059508579 0.997918207 9.776512431
-0.776270473 -0.627862190 -0.056508613 389.716003220 0.629958567 -0.775958022 -0.032269975 -248.677754559 -0.023587214 -0.060648313 0.997880467 9.764052465
-0.741166523 -0.668735484 -0.058864568 389.297134624 0.670939683 -0.740847991 -0.031371883 -248.229838584 -0.022630205 -0.062746364 0.997772904 9.803892222
-0.706562817 -0.704994668 -0.061249522 388.882115106 0.707294322 -0.706302247 -0.029527577 -247.817037468 -0.022443891 -0.064184527 0.997685631 9.749473622
-0.674217966 -0.735903483 -0.062259121 388.448934292 0.738250900 -0.673889308 -0.029305437 -247.401706176 -0.020389783 -0.065721105 0.997629687 9.745753937
-0.645285868 -0.761309006 -0.063362027 388.046540065 0.763694827 -0.644961380 -0.028196256 -246.974979182 -0.019399996 -0.066583898 0.997592214 9.697681585
-0.618560582 -0.782946550 -0.066162734 387.682174904 0.785517201 -0.618183312 -0.028497701 -246.485907204 -0.018588522 -0.069599520 0.997401812 9.661794754
-0.588738069 -0.805443894 -0.068173450 387.356259179 0.808180494 -0.588124860 -0.030877798 -246.032782769 -0.015224167 -0.073275388 0.997195539 9.628597731
-0.558621758 -0.826335780 -0.071490634 386.963432870 0.829316912 -0.557847420 -0.032244624 -245.488328120 -0.013235980 -0.077300940 0.996919943 9.559952768
-0.528364653 -0.845589864 -0.076214006 386.590471699 0.848926417 -0.527490240 -0.032832693 -244.909262156 -0.012439152 -0.082047718 0.996550771 9.600186186
-0.496632746 -0.864562071 -0.076735533 386.304405141 0.867924560 -0.495475079 -0.034805226 -244.327094835 -0.007929266 -0.083886069 0.996443804 9.630063878
-0.466292323 -0.881231123 -0.077480176 385.969602646 0.884619504 -0.464935106 -0.035828492 -243.671042285 -0.004450071 -0.085247025 0.996349909 9.606882226
-0.436643671 -0.896368598 -0.076587473 385.697612986 0.899632102 -0.435255511 -0.034852847 -243.088078965 -0.002094122 -0.084118825 0.996453530 9.604889096
-0.409174278 -0.909459198 -0.073894373 385.447682090 0.912455128 -0.407702719 -0.034700609 -242.448947361 0.001431851 -0.081623896 0.996662174 9.621426785
-0.381891630 -0.921241165 -0.073983102 385.162261256 0.924200151 -0.380352553 -0.034438579 -241.783649816 0.003586575 -0.081526999 0.996664680 9.679201022
-0.355325940 -0.932039295 -0.071036815 384.907589414 0.934719823 -0.353760845 -0.033942837 -241.125738496 0.006506014 -0.078460290 0.996896010 9.680074990
-0.329736734 -0.941585487 -0.068486907 384.636468752 0.944032125 -0.328179301 -0.033191772 -240.381102248 0.008776906 -0.075598387 0.997099719 9.672519970
-0.303273297 -0.950788055 -0.063461660 384.397392150 0.952833648 -0.301770715 -0.032287373 -239.609213506 0.011547578 -0.070260303 0.997461851 9.685515068
-0.280085781 -0.958289438 -0.056862184 384.180638514 0.959889100 -0.278776719 -0.029940870 -238.847763469 0.012840166 -0.062967403 0.997932982 9.765692170
-0.259803016 -0.964263228 -0.051950163 383.988291494 0.965593791 -0.258770869 -0.025812155 -238.029875966 0.011446523 -0.056868830 0.998316039 9.734877293
-0.239794014 -0.969673710 -0.047241151 383.849669778 0.970780224 -0.239038204 -0.021130412 -237.255069570 0.009197165 -0.050927722 0.998659992 9.768155417
-0.220195390 -0.974452726 -0.044225279 383.667537448 0.975428128 -0.219621312 -0.017505615 -236.457018213 0.007345581 -0.046993236 0.998868199 9.766081075
-0.203064165 -0.978171562 -0.044106022 383.473113857 0.979121629 -0.202422907 -0.018595751 -235.652374632 0.009261766 -0.046961290 0.998853772 9.796227312
-0.186246062 -0.981402583 -0.046490575 383.313038388 0.982407880 -0.185360524 -0.022720765 -234.828956697 0.013680700 -0.049904360 0.998660299 9.803566892
-0.168273928 -0.984607925 -0.047234717 383.138604015 0.985609296 -0.167277178 -0.024344641 -233.953777179 0.016068637 -0.050651544 0.998587112 9.780562225
-0.151358636 -0.987159809 -0.051049732 382.982182367 0.988351510 -0.150308017 -0.023849357 -233.039346894 0.015869943 -0.054064886 0.998411305 9.816980068
-0.134808343 -0.989636979 -0.049450589 382.918431880 0.990777771 -0.133940480 -0.020478166 -232.135382561 0.013642514 -0.051755172 0.998566615 9.801962196
-0.121816930 -0.991580548 -0.043916413 382.776528555 0.992441614 -0.121022409 -0.020327797 -231.191260501 0.014841778 -0.046060746 0.998828378 9.863375487
-0.109513950 -0.993180185 -0.039997685 382.651675011 0.993798605 -0.108624911 -0.023768919 -230.255122309 0.019262074 -0.042352671 0.998917025 9.907897947
-0.100427283 -0.994014934 -0.042996175 382.538635342 0.994679651 -0.099309904 -0.027384921 -229.351614525 0.022951074 -0.045517613 0.998699852 9.914712238
-0.092016195 -0.994952210 -0.040038982 382.468647388 0.995320009 -0.090709566 -0.033314467 -228.385222845 0.029514384 -0.042917070 0.998642592 9.928353611
-0.084764124 -0.995753390 -0.035919767 382.377629544 0.995895789 -0.083518189 -0.034875332 -227.409495166 0.031727276 -0.038728522 0.998745954 9.955241473
-0.078664487 -0.996249181 -0.036048145 382.302994510 0.996406120 -0.077434592 -0.034332619 -226.328790969 0.031412471 -0.038619350 0.998760133 9.976557793
-0.074107595 -0.996768351 -0.030998681 382.174403650 0.996845251 -0.073155903 -0.030785701 -225.178713634 0.028418476 -0.033182342 0.999045205 10.023659986
-0.072348856 -0.996955325 -0.029081318 382.062045626 0.996962242 -0.071444636 -0.031015354 -224.153605859 0.028843218 -0.031236901 0.999095754 10.098403211
-0.068397174 -0.997184594 -0.030736164 382.052077438 0.997201623 -0.067401487 -0.032341335 -223.114830425 0.030178617 -0.032862209 0.999004167 10.143990006
-0.067697639 -0.997137320 -0.033677821 381.965695505 0.997278300 -0.066641923 -0.031541185 -222.185501928 0.029206538 -0.035721424 0.998934912 10.194409309
-0.065827914 -0.997452116 -0.027494750 381.927545414 0.997380211 -0.064945036 -0.031856823 -221.117228885 0.029990008 -0.029519788 0.999114198 10.228267212
-0.062599757 -0.997714288 -0.025445422 381.861207462 0.997618153 -0.061812972 -0.030613337 -219.992535253 0.028970507 -0.027301202 0.999207363 10.249194978
-0.058292496 -0.997894267 -0.028443213 381.743346928 0.997820120 -0.057357948 -0.032635485 -218.784502044 0.030935319 -0.030283614 0.999062515 10.261861156
-0.055733756 -0.998020269 -0.029142589 381.583783165 0.997997445 -0.054810513 -0.031573827 -217.689241245 0.029913999 -0.030843958 0.999076475 10.293356726
-0.052806036 -0.998219522 -0.027736409 381.599837901 0.998167053 -0.051940221 -0.031060383 -216.582762636 0.029564445 -0.029325745 0.999132596 10.353142041
-0.049455902 -0.998526056 -0.022356857 381.564311634 0.998340472 -0.048760728 -0.030638101 -215.418606129 0.029502806 -0.023834990 0.999280480 10.371709537
-0.046580966 -0.998621213 -0.024205094 381.475881236 0.998502152 -0.045851879 -0.029850580 -214.281645056 0.028699574 -0.025559307 0.999261255 10.411253730
-0.044443420 -0.998825324 -0.019306831 381.460261122 0.998614777 -0.043872588 -0.029046919 -213.191290684 0.028165758 -0.020571031 0.999391576 10.449928210
-0.041137352 -0.999055601 -0.013986552 381.423167366 0.998754317 -0.040721229 -0.028837407 -212.199435963 0.028240624 -0.015155424 0.999486258 10.477011110
-0.039211035 -0.999121468 -0.014791462 381.387825030 0.998851985 -0.038784221 -0.028115763 -211.080134510 0.027517387 -0.015876929 0.999495231 10.535830678
-0.037214923 -0.999046826 -0.022814237 381.347008421 0.998887977 -0.036528320 -0.029807556 -209.982323999 0.028945778 -0.023898153 0.999295262 10.557930611
-0.034539836 -0.999058108 -0.026265894 381.312276376 0.999063758 -0.033831128 -0.026964097 -208.841525292 0.026050095 -0.027172639 0.999291269 10.573434630
-0.032274029 -0.999285366 -0.019675960 381.262407070 0.999175105 -0.031772494 -0.025290664 -207.589689294 0.024647436 -0.020475961 0.999486488 10.602338252
-0.028929056 -0.999236342 -0.026264856 381.222374384 0.999268010 -0.028252012 -0.025792778 -206.524689973 0.025031046 -0.026991791 0.999322215 10.636108177
-0.026590213 -0.999262738 -0.027693714 381.166400606 0.999344142 -0.025890737 -0.025317096 -205.484350517 0.024581420 -0.028348738 0.999295803 10.726692605
-0.023304421 -0.999121651 -0.034825724 381.165983869 0.999393011 -0.022380186 -0.026697132 -204.380994530 0.025894276 -0.035426747 0.999036752 10.727712951
-0.020888318 -0.999210656 -0.033789681 381.162301383 0.999459536 -0.020011587 -0.026080096 -203.304303165 0.025383325 -0.034316188 0.999088628 10.798611558
-0.019139998 -0.998722851 -0.046758179 381.065178472 0.999494855 -0.017926156 -0.026242845 -202.238372191 0.025371135 -0.047236848 0.998561458 10.832905754
-0.016184201 -0.998643858 -0.049482483 381.035662016 0.999540530 -0.014890583 -0.026400759 -201.153263761 0.025628133 -0.049887022 0.998426003 10.827696846
-0.013861846 -0.998852777 -0.045836444 381.038713705 0.999615496 -0.012742315 -0.024627100 -199.980099695 0.024014784 -0.046160197 0.998645346 10.848736061
-0.013794138 -0.999106895 -0.039939121 381.030121744 0.999660866 -0.012897427 -0.022623226 -198.776878291 0.022087909 -0.040237644 0.998945973 10.896295864
-0.013605937 -0.999122941 -0.039600839 380.993883221 0.999651054 -0.012694977 -0.023164813 -197.716207521 0.022641764 -0.039902200 0.998947028 10.923295464
-0.010153661 -0.999578536 -0.027196583 380.997329737 0.999732049 -0.009581901 -0.021071715 -196.447279033 0.020802239 -0.027403251 0.999407989 11.023824041
-0.006283984 -0.999617772 -0.026922522 381.011915128 0.999764153 -0.005720656 -0.020950216 -195.180284596 0.020788194 -0.027047823 0.999417964 11.025804448
-0.006270154 -0.999697216 -0.023794156 380.938246658 0.999818456 -0.005839224 -0.018137210 -194.089207093 0.017992779 -0.023903559 0.999552340 11.065639424
-0.005279664 -0.999476186 -0.031929263 380.910812267 0.999822283 -0.004698245 -0.018257281 -193.127481140 0.018097706 -0.032019981 0.999323368 11.106156764
-0.004356746 -0.999208667 -0.039535533 380.890689296 0.999837920 -0.003662031 -0.017627346 -192.117543514 0.017468616 -0.039605923 0.999062670 11.133508183
-0.004521393 -0.999227436 -0.039039572 380.896750284 0.999828863 -0.003816881 -0.018101815 -191.053564410 0.017938821 -0.039114737 0.999073689 11.229998692
-0.003870149 -0.999450805 -0.032910633 380.863527197 0.999804683 -0.003229480 -0.019497872 -190.016197744 0.019380880 -0.032979665 0.999268094 11.293734657
-0.003342524 -0.999509636 -0.031133815 380.844570554 0.999826885 -0.002770472 -0.018399011 -188.860587398 0.018303733 -0.031189924 0.999345867 11.309547070
-0.001399705 -0.998527401 -0.054231644 380.862343850 0.999843233 -0.000440194 -0.017700720 -187.715010085 0.017650781 -0.054247918 0.998371481 11.322126009
-0.002974905 -0.998703351 -0.050820930 380.821807389 0.999873818 -0.002177659 -0.015735521 -186.574540300 0.015604447 -0.050861329 0.998583810 11.336436941
-0.003467754 -0.998591471 -0.052943823 380.832616804 0.999887398 -0.002689521 -0.014763411 -185.516087877 0.014600223 -0.052989057 0.998488354 11.396494179
-0.004302177 -0.998787262 -0.049045863 380.825844735 0.999889124 -0.003597357 -0.014449860 -184.486030482 0.014255900 -0.049102591 0.998691997 11.455011114
-0.001735995 -0.998907149 -0.046706474 380.870007301 0.999864652 -0.000969729 -0.016423661 -183.480400828 0.016360420 -0.046728664 0.998773632 11.482958932
-0.002637524 -0.999089249 -0.042587752 380.856152444 0.999887280 -0.002005358 -0.014879744 -182.415060033 0.014780788 -0.042622197 0.998981920 11.514257927
-0.003441462 -0.998837315 -0.048085078 380.824932029 0.999876636 -0.002700142 -0.015473289 -181.328940532 0.015325462 -0.048132396 0.998723386 11.544480069
-0.002443028 -0.998823957 -0.048422464 380.846902674 0.999873934 -0.001680153 -0.015789026 -180.157166662 0.015689100 -0.048454933 0.998702144 11.530552188
-0.002019579 -0.998880917 -0.047252886 380.793217923 0.999875295 -0.001276972 -0.015740505 -179.024756499 0.015662549 -0.047278783 0.998758930 11.597540301
-0.001238586 -0.998887550 -0.047139447 380.809866457 0.999878284 -0.000503916 -0.015593724 -177.950315568 0.015552622 -0.047153023 0.998766594 11.608391880
0.000531034 -0.998830697 -0.048342076 380.828247650 0.999868754 0.001313116 -0.016147769 -176.727271075 0.016192366 -0.048327157 0.998700302 11.601225422
0.002711395 -0.998810961 -0.048675586 380.759329283 0.999830000 0.003595476 -0.018084360 -175.715128024 0.018237869 -0.048618277 0.998650912 11.619671736
0.004578474 -0.998822778 -0.048291787 380.790492925 0.999797067 0.005519655 -0.019374150 -174.726967551 0.019617897 -0.048193283 0.998645355 11.693263196
0.006729212 -0.998785421 -0.048809835 380.750565588 0.999752477 0.007754796 -0.020852983 -173.767488653 0.021206165 -0.048657430 0.998590383 11.721865139
0.007492783 -0.998827496 -0.047827723 380.757430069 0.999707480 0.008582134 -0.022611994 -172.801564949 0.022995945 -0.047644306 0.998599623 11.742704457
0.009526990 -0.998779608 -0.048461651 380.814667638 0.999651323 0.010706463 -0.024137200 -171.820289444 0.024626596 -0.048214798 0.998533356 11.801514958
0.012822011 -0.998706233 -0.049208303 380.830611839 0.999635805 0.013971537 -0.023087964 -170.751806729 0.023745609 -0.048894347 0.998521652 11.887376311
0.016331767 -0.998648082 -0.049348580 380.799455360 0.999616175 0.017412396 -0.021547882 -169.725012458 0.022378028 -0.048977723 0.998549151 11.908236722
0.019028330 -0.998754422 -0.046125115 380.805850996 0.999551282 0.020070402 -0.022235414 -168.722058557 0.023133468 -0.045681315 0.998688170 11.898518120
0.022505417 -0.998425152 -0.051387959 380.784374104 0.999517126 0.023572039 -0.020245345 -167.790511216 0.021424781 -0.050907515 0.998473537 11.913929408
0.025273545 -0.998495792 -0.048655958 380.831924356 0.999484842 0.026201741 -0.018534271 -166.898272308 0.019781262 -0.048162465 0.998643619 11.940886393
0.029700483 -0.998279181 -0.050562410 380.880784353 0.999344902 0.030702646 -0.019160205 -166.076454838 0.020679633 -0.049960220 0.998537095 11.981649137
0.032174215 -0.998443229 -0.045562476 380.886213731 0.999216113 0.033184181 -0.021586324 -165.124509535 0.023064672 -0.044832237 0.998728237 12.014237466
0.034079410 -0.998431433 -0.044421481 380.939588701 0.999171675 0.035026323 -0.020715220 -164.200351134 0.022238648 -0.043678723 0.998798084 12.087434279
0.036720137 -0.998515463 -0.040230597 380.957014138 0.999046860 0.037630897 -0.022119857 -163.288040824 0.023600933 -0.039380007 0.998945550 12.133620994
0.034110375 -0.998657826 -0.038974725 381.059169231 0.999126952 0.035015699 -0.022786737 -162.442211613 0.024120880 -0.038163434 0.998980348 12.127503347
0.032943594 -0.998912264 -0.033000133 381.047135493 0.999171471 0.033705696 -0.022810033 -161.609155519 0.023897514 -0.032221347 0.999195023 12.139796989
0.030586245 -0.998973588 -0.033410357 381.108796690 0.999257432 0.031344361 -0.022407915 -160.806644030 0.023432142 -0.032700174 0.999190489 12.170826083
0.025176249 -0.999209762 -0.030757232 381.147022845 0.999484497 0.025772475 -0.019144703 -160.023754058 0.019922264 -0.030259384 0.999343521 12.217814061
0.015923304 -0.999633155 -0.021908980 381.147347623 0.999675649 0.016351903 -0.019524646 -159.300548049 0.019875737 -0.021590977 0.999569300 12.233932918
0.006511694 -0.999635686 -0.026193383 381.114167045 0.999785592 0.007023087 -0.019479365 -158.499357074 0.019656227 -0.026060923 0.999467089 12.251993270
-0.005874210 -0.999592148 -0.027946927 381.110624130 0.999780131 -0.005308158 -0.020285800 -157.838604892 0.020129180 -0.028059945 0.999403550 12.264742492
-0.017912329 -0.999626281 -0.020650607 381.075507968 0.999650736 -0.017503740 -0.019799626 -157.215935588 0.019430764 -0.020998052 0.999590680 12.319130154
-0.035180873 -0.999250812 -0.016128236 381.088036438 0.999196428 -0.034859681 -0.019781310 -156.533732066 0.019204265 -0.016811200 0.999674237 12.334454391
-0.053328972 -0.998568466 -0.004127954 380.982122691 0.998401016 -0.053241513 -0.018993501 -155.856554362 0.018746533 -0.005134258 0.999811086 12.336921565
-0.074038340 -0.997249586 -0.003404095 381.014988702 0.997132727 -0.073975263 -0.015936940 -155.137506124 0.015641288 -0.004574279 0.999867204 12.336474473
-0.104233185 -0.994548319 -0.003014109 380.988810845 0.994469126 -0.104184596 -0.013293863 -154.593967643 0.012907365 -0.004383100 0.999907090 12.372141370
-0.138167052 -0.990408699 0.000688378 380.893563296 0.990327409 -0.138164563 -0.012734879 -153.997252286 0.012707845 -0.001077821 0.999918671 12.407206516
-0.183170078 -0.983081007 0.000674742 380.755470324 0.983005909 -0.183164496 -0.012253617 -153.426513605 0.012169887 -0.001581221 0.999924694 12.414915702
-0.233975465 -0.972241992 0.000995541 380.611500350 0.972160075 -0.233968839 -0.012781673 -152.922664920 0.012659804 -0.002022772 0.999917815 12.359840538
-0.288457485 -0.957491779 -0.001331073 380.425808601 0.957435452 -0.288424757 -0.011336415 -152.398990732 0.010470610 -0.004544490 0.999934855 12.317828855
-0.347724984 -0.937584600 -0.004738564 380.225963399 0.937552526 -0.347655218 -0.011450370 -151.980047966 0.009088304 -0.008424233 0.999923215 12.385050183
-0.409553220 -0.912268176 -0.005738968 379.933551783 0.912248603 -0.409471093 -0.011658039 -151.537516571 0.008285316 -0.010009953 0.999915574 12.370075119
-0.471472368 -0.881878510 -0.002024973 379.691314999 0.881841896 -0.471428730 -0.010479625 -151.141183566 0.008287125 -0.006726560 0.999943037 12.356314595
-0.534685309 -0.845032973 -0.005558367 379.477048129 0.845038729 -0.534630007 -0.008961161 -150.810527222 0.004600807 -0.009488437 0.999944400 12.373148424
-0.594902306 -0.803750976 -0.008695709 379.094670805 0.803797600 -0.594856221 -0.007449422 -150.428417437 0.000814784 -0.011421268 0.999934443 12.322766248
-0.653468302 -0.756901027 -0.008945053 378.735715305 0.756953555 -0.653411420 -0.008650528 -149.994536151 0.000702794 -0.012423835 0.999922574 12.353075558
-0.708890811 -0.705175512 -0.014188580 378.398844232 0.705308322 -0.708844071 -0.008958427 -149.679454001 -0.003740228 -0.016357870 0.999859205 12.363758946
-0.758088612 -0.651968387 -0.015455698 377.958623279 0.652118397 -0.758076147 -0.007883655 -149.414676122 -0.006576702 -0.016055454 0.999849473 12.357589663
-0.802397066 -0.596439421 -0.020468657 377.509286163 0.596659052 -0.802468225 -0.006536288 -149.101841428 -0.012526947 -0.017457508 0.999769129 12.320912231
-0.843496048 -0.536463177 -0.026864035 377.064129843 0.536831383 -0.843646077 -0.008565199 -148.879897054 -0.018068824 -0.021646168 0.999602401 12.259435578
-0.878133224 -0.477137887 -0.034949656 376.574221421 0.477782253 -0.878385905 -0.012740481 -148.678384393 -0.024620319 -0.027886165 0.999307861 12.272259062
-0.906306047 -0.420767794 -0.039545083 376.196351984 0.421602812 -0.906648176 -0.015496877 -148.509264836 -0.029332891 -0.030717232 0.999097609 12.255269803
-0.929419067 -0.366825587 -0.040239114 375.790607075 0.367704612 -0.929788407 -0.016936263 -148.369635525 -0.031201207 -0.030536993 0.999046534 12.306071766
-0.947341991 -0.317856086 -0.038867210 375.233688120 0.318727151 -0.947664043 -0.018597433 -148.241947089 -0.030921750 -0.030006164 0.999071307 12.290279160
-0.961318825 -0.272800758 -0.038024511 374.742850597 0.273703242 -0.961587303 -0.020890050 -148.099292628 -0.030865065 -0.030489431 0.999058428 12.271992117
-0.971493509 -0.234457449 -0.035072305 374.230599260 0.235506285 -0.971424607 -0.029513091 -148.048421928 -0.027150536 -0.036931524 0.998948903 12.244715055
-0.978571578 -0.202827533 -0.035477592 373.718061810 0.204084262 -0.978278642 -0.036338846 -147.991143212 -0.027336452 -0.042800581 0.998709582 12.264482001
-0.983445275 -0.176908105 -0.039228985 373.147073941 0.178475764 -0.983094664 -0.040881334 -147.920738673 -0.031333567 -0.047205978 0.998393611 12.319542047
-0.987341414 -0.152376115 -0.044027847 372.543202271 0.154231459 -0.987126713 -0.042349857 -147.814051068 -0.037007957 -0.048604247 0.998132275 12.367302091
-0.990128242 -0.131651985 -0.048102176 371.960122909 0.133813950 -0.989989664 -0.044880852 -147.767967839 -0.041712004 -0.050874542 0.997833598 12.314411267
-0.992081746 -0.115499854 -0.049331456 371.388245777 0.117858786 -0.991873088 -0.047927905 -147.748784363 -0.043394877 -0.053362546 0.997631858 12.243936226
-0.993862689 -0.100310594 -0.046634101 370.771922682 0.102476544 -0.993641600 -0.046636136 -147.687564030 -0.041659484 -0.051128817 0.997822796 12.220432167
-0.995357347 -0.087062534 -0.041034958 370.177886196 0.088889675 -0.995023130 -0.045028834 -147.628308869 -0.036910408 -0.048467365 0.998142543 12.190378266
-0.996464906 -0.074966086 -0.037918033 369.506165306 0.076648958 -0.996039119 -0.045066747 -147.588276046 -0.034389367 -0.047813810 0.998264099 12.125022092
-0.996890018 -0.068815227 -0.038402550 368.891501447 0.070385616 -0.996670345 -0.041159295 -147.546796980 -0.035442297 -0.043734277 0.998414321 12.130924098
-0.997193868 -0.063562475 -0.039549994 368.188312155 0.065019341 -0.997208569 -0.036709065 -147.540843841 -0.037106273 -0.039177569 0.998543060 12.206453117
-0.997163629 -0.063068370 -0.041074048 367.521670902 0.064571496 -0.997250519 -0.036358289 -147.491338299 -0.038668058 -0.038907376 0.998494365 12.174553277
-0.997455429 -0.059522082 -0.039240132 366.874681863 0.060859146 -0.997573653 -0.033807870 -147.456006392 -0.037132607 -0.036109964 0.998657719 12.174599848
-0.997743066 -0.056536524 -0.036227015 366.152142254 0.057688788 -0.997834628 -0.031592071 -147.439397660 -0.034362464 -0.033610662 0.998844104 12.095344431
-0.998237321 -0.049581928 -0.032617217 365.434553978 0.050472831 -0.998358181 -0.027082020 -147.392710015 -0.031220887 -0.028680567 0.999100937 12.082903101
-0.998412789 -0.046619112 -0.031600021 364.619732507 0.047296022 -0.998659663 -0.021022957 -147.348644161 -0.030577595 -0.022484144 0.999279477 12.085576566
-0.998673017 -0.039192242 -0.033409171 363.858921436 0.039922010 -0.998972251 -0.021463328 -147.323286088 -0.032533639 -0.022768608 0.999211265 12.095298864
-0.998869921 -0.032258329 -0.034903878 363.087745617 0.033176496 -0.999109855 -0.026054126 -147.287267848 -0.034032345 -0.027182671 0.999051001 12.083839000
-0.999045654 -0.026779099 -0.034505952 362.302952312 0.027662032 -0.999295348 -0.025369646 -147.232722324 -0.033802261 -0.026299939 0.999082439 12.117760494
-0.999272437 -0.018548093 -0.033325131 361.516748670 0.019588126 -0.999322510 -0.031158078 -147.218313901 -0.032724631 -0.031788185 0.998958763 12.057744959
-0.999371177 -0.017395660 -0.030897291 360.623410797 0.018267879 -0.999436058 -0.028175364 -147.202731731 -0.030389737 -0.028722074 0.999125371 12.066296184
-0.999457318 -0.016106705 -0.028734006 359.783058633 0.017116784 -0.999231571 -0.035260216 -147.211920966 -0.028144000 -0.035732915 0.998965001 11.993850603
-0.999484547 -0.012882246 -0.029405592 358.923245114 0.013919496 -0.999278189 -0.035346140 -147.202079186 -0.028929029 -0.035737231 0.998942422 11.918597215
-0.999401275 -0.007975500 -0.033667229 358.064592908 0.009022144 -0.999477070 -0.031051370 -147.159997482 -0.033401973 -0.031336529 0.998950614 11.877871489
-0.999321518 -0.004003519 -0.036612499 357.077394904 0.005140698 -0.999505586 -0.031018640 -147.144654160 -0.036470214 -0.031185809 0.998848021 11.825182971
-0.999275852 -0.002796076 -0.037946713 356.099050570 0.003885382 -0.999581584 -0.028662878 -147.129744936 -0.037850692 -0.028789559 0.998868603 11.848210974
-0.999254887 0.001524991 -0.038566124 355.039043941 -0.000278735 -0.999478195 -0.032299527 -147.151808876 -0.038595257 -0.032264710 0.998733896 11.856714866
-0.999159194 0.004520618 -0.040748864 354.054485595 -0.002987721 -0.999288371 -0.037600861 -147.208659325 -0.040889845 -0.037447500 0.998461669 11.787887686
-0.999051496 0.004465485 -0.043314758 353.111423630 -0.002714024 -0.999179476 -0.040410496 -147.173047728 -0.043459670 -0.040254610 0.998243870 11.763485130
-0.999019649 0.003914233 -0.044095563 352.062248830 -0.002458008 -0.999451331 -0.033030227 -147.195211895 -0.044200657 -0.032889459 0.998481139 11.796421118
-0.999128248 0.001840701 -0.041705574 351.059477760 -0.000677749 -0.999610997 -0.027881818 -147.227480057 -0.041740672 -0.027829246 0.998740832 11.774330719
-0.999334950 0.002189100 -0.036398710 350.053617879 -0.001179267 -0.999614420 -0.027742024 -147.209079778 -0.036445406 -0.027680650 0.998952208 11.635832294
-0.999456912 0.001248145 -0.032929070 349.021275845 -0.000403643 -0.999671152 -0.025640283 -147.201544466 -0.032950244 -0.025613066 0.999128747 11.553515334
-0.999346209 0.002098170 -0.036093657 347.936368627 -0.001282065 -0.999743335 -0.022619047 -147.204776660 -0.036131852 -0.022557984 0.999092401 11.502082845
-0.999327034 0.002104488 -0.036620364 346.962691370 -0.001150384 -0.999659836 -0.026055509 -147.283883664 -0.036662740 -0.025995847 0.998989519 11.471423681
-0.999319988 0.001902284 -0.036823118 345.948092877 -0.000761470 -0.999520019 -0.030970191 -147.290845959 -0.036864357 -0.030921091 0.998841782 11.446785986
-0.999355767 0.002773820 -0.035782074 344.868626107 -0.001544409 -0.999409006 -0.034340271 -147.266055379 -0.035856181 -0.034262886 0.998769437 11.434485107
-0.999294149 0.003220119 -0.037427714 343.865601780 -0.001872521 -0.999350584 -0.035984780 -147.258142677 -0.037519283 -0.035889296 0.998651221 11.391676388
-0.999400316 0.004273361 -0.034362003 342.774522103 -0.003115519 -0.999427858 -0.033678641 -147.213450738 -0.034486264 -0.033551389 0.998841830 11.436303695
-0.999480670 0.005567048 -0.031739523 341.745656125 -0.004714574 -0.999627811 -0.026870288 -147.221647807 -0.031877298 -0.026706696 0.999134921 11.439512422
-0.999540230 0.005805060 -0.029759529 340.638356848 -0.005115285 -0.999717705 -0.023202250 -147.199607296 -0.029885818 -0.023039354 0.999287759 11.370357082
-0.999545265 0.009232087 -0.028705962 339.573552707 -0.008533042 -0.999666351 -0.024379804 -147.287809872 -0.028921460 -0.024123768 0.999290545 11.310045154
-0.999387464 0.010524859 -0.033375511 338.501803438 -0.009673583 -0.999626338 -0.025565711 -147.313439926 -0.033632115 -0.025227190 0.999115844 11.260180334
-0.999263430 0.009943053 -0.037063899 337.514006506 -0.009070490 -0.999679472 -0.023636398 -147.283285230 -0.037287037 -0.023282800 0.999033327 11.278860287
-0.999328128 0.009208461 -0.035475301 336.411945828 -0.008095325 -0.999474283 -0.031394637 -147.311509396 -0.035745748 -0.031086360 0.998877310 11.212148444
-0.999453781 0.009010853 -0.031795349 335.364662777 -0.008132803 -0.999584920 -0.027637755 -147.358811471 -0.032031191 -0.027364073 0.999112211 11.216587398
-0.999510544 0.009635645 -0.029762838 334.277128670 -0.008746838 -0.999516114 -0.029850138 -147.374174002 -0.030036062 -0.029575197 0.999111176 11.201049935
-0.999354741 0.007221224 -0.035184604 333.120664210 -0.006523108 -0.999780376 -0.019916066 -147.397966634 -0.035320694 -0.019673702 0.999182363 11.116423419
-0.999108909 0.008440923 -0.041353829 332.003042088 -0.007800508 -0.999847522 -0.015623205 -147.355092881 -0.041479398 -0.015286703 0.999022410 11.059695254
-0.999079266 0.008151247 -0.042120981 330.889240479 -0.007449228 -0.999831172 -0.016796906 -147.355014789 -0.042250785 -0.016467672 0.998971314 11.055084609
-0.999186409 0.008211262 -0.039485369 329.837635090 -0.007174622 -0.999627712 -0.026324185 -147.454706835 -0.039686824 -0.026019475 0.998873337 11.065314618
-0.999301202 0.005823225 -0.036921519 328.802720680 -0.004724529 -0.999545451 -0.029775314 -147.499709420 -0.037078125 -0.029580070 0.998874483 11.058144094
-0.999401388 0.005474663 -0.034159827 327.728913106 -0.004313133 -0.999413059 -0.033984323 -147.485263985 -0.034325830 -0.033816643 0.998838411 11.015776643
-0.999221071 0.006031100 -0.038998429 326.619293027 -0.004332594 -0.999044383 -0.043491952 -147.459906921 -0.039223466 -0.043289111 0.998292328 10.899534240
-0.999096397 0.006452831 -0.042008922 325.558662539 -0.004372821 -0.998768591 -0.049418428 -147.446396106 -0.042276080 -0.049190075 0.997894318 10.822127031
-0.999195773 0.006986549 -0.039484120 324.532467151 -0.004945447 -0.998657783 -0.051557483 -147.527176863 -0.039791333 -0.051320753 0.997889187 10.792657532
-0.999278147 0.005345156 -0.037611356 323.541319857 -0.003199827 -0.998376459 -0.056870084 -147.539671279 -0.037854272 -0.056708682 0.997672882 10.758538488
-0.999429646 0.004868237 -0.033416810 322.479984206 -0.003027077 -0.998485737 -0.054927865 -147.547784386 -0.033633610 -0.054795381 0.997930983 10.720500568
-0.999300950 0.001995634 -0.037331340 321.346038295 -0.000084491 -0.998692221 -0.051125740 -147.543340721 -0.037384547 -0.051086846 0.997994253 10.715198483
-0.999129654 0.000541733 -0.041709005 320.216448410 0.001474348 -0.998832225 -0.048290906 -147.563285243 -0.041686459 -0.048310370 0.997962097 10.666265943
-0.999087749 0.001855051 -0.042664137 319.146381018 -0.000059526 -0.999115593 -0.042047940 -147.574913761 -0.042704405 -0.042007042 0.998204259 10.590827947
-0.999132660 0.000540830 -0.041636937 318.018601957 0.001050079 -0.999270414 -0.038177716 -147.426494124 -0.041627207 -0.038188325 0.998403139 10.613906944
-0.999070507 0.000509496 -0.043102927 316.857501348 0.000838304 -0.999511389 -0.031245477 -147.500071424 -0.043097786 -0.031252568 0.998581923 10.538646633
-0.999090891 -0.001202431 -0.042613915 315.779405343 0.002070768 -0.999791006 -0.020338558 -147.436145018 -0.042580553 -0.020408312 0.998884577 10.542281860
-0.999067655 -0.000563688 -0.043168302 314.711084434 0.001694872 -0.999656020 -0.026171928 -147.465515419 -0.043138700 -0.026220692 0.998724951 10.477031957
-0.999145789 -0.001560267 -0.041294774 313.677934864 0.002037366 -0.999931637 -0.011513930 -147.484224868 -0.041273987 -0.011588227 0.999080663 10.445203513
-0.999303788 -0.000926715 -0.037297193 312.493987050 0.001280109 -0.999954507 -0.009452310 -147.493075728 -0.037286737 -0.009493473 0.999259512 10.417270026
-0.999397530 0.001136399 -0.034688411 311.376938015 -0.000449779 -0.999803952 -0.019795314 -147.532302274 -0.034704105 -0.019767785 0.999202112 10.382513119
-0.999373897 0.001402594 -0.035353169 310.242621304 -0.000656021 -0.999776725 -0.021120345 -147.537740932 -0.035374899 -0.021083929 0.999151682 10.360007240
-0.999186764 0.001860086 -0.040278410 309.082937670 -0.000854278 -0.999687730 -0.024974232 -147.467901300 -0.040312286 -0.024919514 0.998876337 10.341196368
-0.999063906 0.002427623 -0.043190500 307.949726462 -0.001230342 -0.999614805 -0.027725936 -147.488855710 -0.043241172 -0.027646843 0.998682058 10.266348968
-0.998889013 0.001024905 -0.047113581 306.853204985 0.000117120 -0.999706387 -0.024230671 -147.470630886 -0.047124582 -0.024209269 0.998595606 10.222214668
-0.998838657 0.000683031 -0.048175415 305.617058003 0.000446813 -0.999725192 -0.023438034 -147.544843563 -0.048178185 -0.023432339 0.998563863 10.145997812
-0.998846578 -0.001827203 -0.047980978 304.397815050 0.002756454 -0.999809783 -0.019308042 -147.500536148 -0.047936571 -0.019418029 0.998661617 10.130399752
-0.999054620 -0.001535175 -0.043445469 303.328867420 0.002416900 -0.999792032 -0.020249720 -147.494227383 -0.043405347 -0.020335580 0.998850559 10.128204374
-0.999120045 -0.001753998 -0.041905368 302.177793417 0.002635915 -0.999776012 -0.020999452 -147.455152662 -0.041859149 -0.021091432 0.998900878 10.026869958
-0.999107769 -0.003170259 -0.042114310 300.942258084 0.004084846 -0.999757299 -0.021648507 -147.455151843 -0.042035457 -0.021801222 0.998878234 10.025695070
-0.999123361 -0.003682538 -0.041700690 299.754188109 0.004747238 -0.999664524 -0.025461793 -147.515209429 -0.041592937 -0.025637435 0.998805662 9.988735741
-0.999296332 -0.002655978 -0.037413728 298.528119570 0.003510880 -0.999733817 -0.022802832 -147.541688131 -0.037343205 -0.022918142 0.999039661 9.964690080
-0.999378546 -0.000377255 -0.035247414 297.330443411 0.001307718 -0.999651165 -0.026378735 -147.519159830 -0.035225167 -0.026408435 0.999030421 9.913394074
-0.999326712 -0.000363336 -0.036687738 296.176163196 0.001392997 -0.999605723 -0.028043863 -147.558442632 -0.036663084 -0.028076087 0.998933207 9.884643240
-0.999177644 0.002172493 -0.040488477 294.996089262 -0.000864312 -0.999477862 -0.032299482 -147.489078073 -0.040537507 -0.032237926 0.998657813 9.831483779
-0.999010513 0.005942704 -0.044075833 293.797350515 -0.004459150 -0.999422673 -0.033681405 -147.475243154 -0.044250546 -0.033451537 0.998460257 9.778025977
-0.999028317 0.006375563 -0.043609327 292.692147573 -0.005045078 -0.999520462 -0.030551488 -147.528871399 -0.043783198 -0.030301790 0.998581410 9.739896337
-0.999296829 0.008528880 -0.036511711 291.471888063 -0.007414130 -0.999505480 -0.030558564 -147.555739093 -0.036754285 -0.030266373 0.998865891 9.704794724
-0.999566446 0.008950873 -0.028050005 290.299093117 -0.008180593 -0.999589527 -0.027456419 -147.586043638 -0.028284250 -0.027215049 0.999229374 9.742293409
-0.999619519 0.009330507 -0.025956873 289.172386643 -0.008457739 -0.999401833 -0.033532716 -147.608865910 -0.026254224 -0.033300421 0.999100494 9.697156360
-0.999425643 0.011153784 -0.031999648 288.009249789 -0.010044466 -0.999350061 -0.034620299 -147.553591861 -0.032364997 -0.034278996 0.998888111 9.636126183
-0.999200260 0.011300862 -0.038355322 286.862888480 -0.010075611 -0.999437432 -0.031989091 -147.568810563 -0.038695248 -0.031577055 0.998752005 9.570109031
-0.998969374 0.012562932 -0.043616081 285.743274037 -0.010920150 -0.999229408 -0.037700676 -147.585230923 -0.044056102 -0.037185527 0.998336765 9.520534698
-0.998813695 0.013338814 -0.046832463 284.560547943 -0.011893936 -0.999448729 -0.030996330 -147.598596799 -0.047220100 -0.030402536 0.998421729 9.494418795
-0.998804648 0.013645225 -0.046937002 283.374230460 -0.012006542 -0.999314525 -0.035018897 -147.662542899 -0.047382668 -0.034413486 0.998283825 9.459304226
-0.998869595 0.011583034 -0.046101688 282.228763773 -0.009874231 -0.999261932 -0.037122636 -147.652438583 -0.046497654 -0.036625454 0.998246735 9.436236110
-0.998862672 0.007589226 -0.047071922 281.037926806 -0.006142337 -0.999506488 -0.030806682 -147.675274492 -0.047282490 -0.030482513 0.998416337 9.374610536
-0.999104594 0.006820752 -0.041755101 279.883326345 -0.005484591 -0.999471819 -0.032031278 -147.696392188 -0.041951524 -0.031773588 0.998614294 9.386680241
-0.999394919 0.006979630 -0.034074620 278.794768958 -0.005916286 -0.999495402 -0.031208009 -147.691903781 -0.034275247 -0.030987530 0.998931920 9.426041127
-0.999517121 0.007341758 -0.030193107 277.655774741 -0.006434217 -0.999527808 -0.030045981 -147.708420808 -0.030399441 -0.029837203 0.999092396 9.407116506
-0.999433224 0.004637633 -0.033342508 276.271642871 -0.003422099 -0.999330675 -0.036421039 -147.783534332 -0.033489099 -0.036286295 0.998780149 9.374270576
-0.999152119 0.002717474 -0.041081130 275.115214156 -0.001084405 -0.999210165 -0.039722409 -147.765053672 -0.041156627 -0.039644181 0.998365900 9.296649013
-0.998808975 0.002135141 -0.048744983 273.958973871 -0.000166999 -0.999185807 -0.040344715 -147.807119322 -0.048791437 -0.040288523 0.997996107 9.208720224
-0.998434518 0.002299706 -0.055885810 272.891393519 -0.000301162 -0.999360957 -0.035743349 -147.845939979 -0.055932295 -0.035670562 0.997797168 9.219251256
-0.998377839 0.002959248 -0.056858886 271.807327019 -0.000739923 -0.999238404 -0.039013639 -147.843114461 -0.056931034 -0.038908282 0.997619669 9.170961694
-0.998805107 0.002231593 -0.048819855 270.762451060 -0.000380920 -0.999282044 -0.037884715 -147.830916610 -0.048869348 -0.037820850 0.998088859 9.104986261
-0.999345260 0.002264336 -0.036109882 269.686297096 -0.000874795 -0.999260128 -0.038450385 -147.816494941 -0.036170230 -0.038393621 0.998607853 9.078012488
-0.999585863 0.002578840 -0.028661001 268.583265778 -0.001502956 -0.999295625 -0.037496598 -147.811777452 -0.028737511 -0.037437993 0.998885655 9.064433655
-0.999507038 0.002923333 -0.031259147 267.451382405 -0.002026731 -0.999586699 -0.028676198 -147.859074041 -0.031330058 -0.028598708 0.999099866 9.050644195
-0.999093819 0.004031306 -0.042370850 266.308822908 -0.002805013 -0.999576589 -0.028961618 -147.856292169 -0.042469663 -0.028816522 0.998682099 8.989838346
-0.998588764 0.003775475 -0.052973823 265.134165217 -0.001845964 -0.999334662 -0.036425623 -147.858371137 -0.053076101 -0.036276430 0.997931334 8.909818225
-0.998381807 0.004075324 -0.056720002 264.014064687 -0.001710013 -0.999129224 -0.041687757 -147.911806813 -0.056840503 -0.041523307 0.997519409 8.846229436
-0.998202326 0.007423819 -0.059472708 262.883537583 -0.005026117 -0.999172375 -0.040364625 -148.003283901 -0.059723147 -0.039993146 0.997413502 8.779293818
-0.998058924 0.007529936 -0.061819780 261.735116047 -0.004782597 -0.998999300 -0.044469387 -147.943586668 -0.062092769 -0.044087409 0.997096178 8.749495569
-0.998356535 0.006885062 -0.056893103 260.657632577 -0.004343970 -0.998992448 -0.044667880 -147.938016471 -0.057143321 -0.044347328 0.997380547 8.827358965
-0.998729627 0.005769666 -0.050058388 259.576863187 -0.003611707 -0.999064551 -0.043092680 -147.939425735 -0.050260191 -0.042857140 0.997816205 8.760201798
-0.999073694 0.005337360 -0.042699724 258.548931970 -0.003353262 -0.998917141 -0.046403670 -148.004881054 -0.042901159 -0.046217502 0.998009736 8.680440420
-0.999364673 0.001958909 -0.035586704 257.471912762 -0.000411912 -0.999056535 -0.043426606 -147.948428138 -0.035638198 -0.043384357 0.998422614 8.643582424
-0.999359438 -0.000713546 -0.035779956 256.225867032 0.002361049 -0.998937528 -0.046024338 -147.982733896 -0.035709100 -0.046079335 0.998299331 8.518830413
-0.999230633 -0.003531002 -0.039059871 255.105782629 0.005335697 -0.998918145 -0.046195988 -147.969004895 -0.038854496 -0.046368858 0.998168451 8.545030938
-0.998913734 -0.003065088 -0.046496847 254.070962718 0.005134162 -0.998998627 -0.044445291 -147.992154170 -0.046314058 -0.044635734 0.997929186 8.520433500
-0.998519940 -0.001156167 -0.054374560 253.067989399 0.003515888 -0.999054979 -0.043321911 -148.005850043 -0.054273088 -0.043448967 0.997580382 8.491088809
-0.998202983 -0.000151786 -0.059923136 252.017734408 0.003123351 -0.998769286 -0.049499063 -148.057803941 -0.059841875 -0.049597273 0.996974955 8.465515763
-0.998236824 0.001349359 -0.059341566 250.915270688 0.002052516 -0.998358984 -0.057228716 -148.104677360 -0.059321408 -0.057249611 0.996595932 8.409722530
-0.998541733 0.003603674 -0.053864843 249.891644815 -0.000222238 -0.998035479 -0.062650890 -148.041249952 -0.053984797 -0.062547558 0.996580877 8.332667496
-0.998947333 0.005980271 -0.045480353 248.904382302 -0.003278997 -0.998238469 -0.059238569 -148.104028802 -0.045754501 -0.059027081 0.997207265 8.374147807
-0.999228801 0.006892813 -0.038656068 247.961611172 -0.004709373 -0.998403186 -0.056292989 -148.054296416 -0.038982359 -0.056067530 0.997665679 8.355537162
-0.999303095 0.007872360 -0.036487686 247.019477002 -0.006158612 -0.998883208 -0.046844517 -148.061887573 -0.036815714 -0.046587157 0.998235563 8.372725930
-0.999188058 0.006675564 -0.039732369 246.027448005 -0.004960050 -0.999057598 -0.043119765 -148.035324270 -0.039982774 -0.042887680 0.998279532 8.315770907
-0.998957372 0.008100598 -0.044928263 245.057954632 -0.005707649 -0.998570954 -0.053136358 -147.985099526 -0.045294495 -0.052824522 0.997576052 8.265888248
-0.998903542 0.009464430 -0.045849092 244.253241339 -0.007125778 -0.998678072 -0.050905130 -147.969266329 -0.046270271 -0.050522604 0.997650504 8.204684305
-0.999000260 0.012274734 -0.042986176 243.349393109 -0.010086839 -0.998660463 -0.050749727 -148.023936657 -0.043551534 -0.050265396 0.997785876 8.144129522
-0.999199326 0.013418818 -0.037691397 242.437801423 -0.011626648 -0.998809662 -0.047371726 -148.049473336 -0.038282204 -0.046895572 0.998165957 8.168690148
-0.999372172 0.014337294 -0.032399134 241.555024119 -0.012850278 -0.998874935 -0.045647941 -148.063090819 -0.033017151 -0.045202944 0.998432052 8.131369758
-0.999335632 0.017448215 -0.031997719 240.612503275 -0.015990039 -0.998846613 -0.045274302 -148.165178209 -0.032750769 -0.044732578 0.998462009 8.147282540
-0.999302674 0.017674899 -0.032890167 239.794519496 -0.016095906 -0.998733505 -0.047668720 -148.173336166 -0.033691051 -0.047106082 0.998321556 8.142584137
-0.999213369 0.019036519 -0.034788695 239.038621761 -0.017268892 -0.998578639 -0.050423086 -148.192372396 -0.035699128 -0.049782660 0.998121866 8.133536585
-0.999002298 0.020548128 -0.039650767 238.258311096 -0.018214164 -0.998129885 -0.058352181 -148.188411525 -0.040775644 -0.057571757 0.997508316 8.092713513
-0.998740050 0.023526831 -0.044326079 237.493092396 -0.020838997 -0.997971591 -0.060153471 -148.162085934 -0.045651388 -0.059153970 0.997204472 8.088003714
-0.998516357 0.026234007 -0.047716479 236.705074755 -0.023249480 -0.997801514 -0.062061265 -148.191485110 -0.049239690 -0.060859805 0.996931059 8.079864503
-0.998367073 0.027980961 -0.049802147 235.942941379 -0.025117401 -0.998045350 -0.057224075 -148.265707128 -0.051305986 -0.055879731 0.997118424 8.116863665
-0.998420873 0.029996482 -0.047497074 235.292982894 -0.027146344 -0.997855840 -0.059555010 -148.241918620 -0.049181674 -0.058171593 0.997094393 8.114030051
-0.998589411 0.032161794 -0.042246984 234.614131332 -0.029660046 -0.997842864 -0.058565348 -148.212191145 -0.044039419 -0.057229689 0.997389238 8.067222307
-0.998608247 0.031983625 -0.041935866 233.840993024 -0.029410929 -0.997729193 -0.060592522 -148.234175204 -0.043778606 -0.059274820 0.997281269 8.022989949
-0.998482942 0.034222793 -0.043134844 233.226530230 -0.031521995 -0.997590069 -0.061809530 -148.212577133 -0.045146187 -0.060356065 0.997155438 7.992317106
-0.998344154 0.033492502 -0.046767541 232.549493715 -0.030401442 -0.997401814 -0.065309826 -148.307440484 -0.048833419 -0.063779883 0.996768491 7.907767924
-0.998374624 0.031467013 -0.047517756 231.936401271 -0.028212357 -0.997308384 -0.067676073 -148.376039507 -0.049519420 -0.066225486 0.996575141 7.904164053
-0.998337854 0.029747095 -0.049362333 231.406940049 -0.026227397 -0.997168337 -0.070480011 -148.353554377 -0.051319131 -0.069068218 0.996291086 7.911220144
-0.998459376 0.024326341 -0.049870878 230.907617587 -0.020662121 -0.997138585 -0.072716698 -148.430025645 -0.051497108 -0.071574231 0.996105003 7.909542802
-0.998713232 0.016929122 -0.047804654 230.339335096 -0.013406862 -0.997237227 -0.073062773 -148.438334553 -0.048909470 -0.072327848 0.996180981 7.955069571
-0.998972117 0.006847907 -0.044808645 229.855643060 -0.003470929 -0.997176549 -0.075012555 -148.444034655 -0.045195809 -0.074779923 0.996175337 7.962690055
-0.998848087 -0.009163633 -0.047101237 229.291644962 0.012735229 -0.997019121 -0.076096564 -148.481851520 -0.046263513 -0.076608752 0.995987343 7.884723952
-0.998417170 -0.028622354 -0.048414002 228.853465113 0.032376544 -0.996378286 -0.078626138 -148.427637859 -0.045988195 -0.080069165 0.995727882 7.859665273
-0.997592783 -0.050935037 -0.047055947 228.443933751 0.054395375 -0.995665108 -0.075446242 -148.397272137 -0.043009107 -0.077824252 0.996038956 7.856031759
-0.995885053 -0.078939695 -0.044513886 228.005072746 0.081952655 -0.994139366 -0.070503071 -148.367798342 -0.038687516 -0.073860985 0.996517853 7.877203259
-0.992808923 -0.110548623 -0.045928698 227.603886670 0.113458069 -0.991315767 -0.066485459 -148.335620214 -0.038179967 -0.071218339 0.996729772 7.870364307
-0.988043067 -0.147005667 -0.046478300 227.149489015 0.149941454 -0.986375397 -0.067684087 -148.250846688 -0.035895107 -0.073843816 0.996623616 7.854761996
-0.981726973 -0.185086636 -0.044216368 226.704290194 0.187806914 -0.979823946 -0.068363724 -148.139445156 -0.030671045 -0.075418651 0.996680146 7.832558918
-0.973468274 -0.224893082 -0.042221094 226.295518706 0.227224414 -0.971839341 -0.062428842 -147.973976782 -0.026992305 -0.070366160 0.997155965 7.844062350
-0.962805977 -0.266942540 -0.041789127 225.917956747 0.268983203 -0.961583023 -0.054828158 -147.816570290 -0.025547747 -0.064029451 0.997620941 7.822006132
-0.950241555 -0.308891662 -0.040335204 225.519314097 0.310610553 -0.949363841 -0.047216335 -147.666308775 -0.023708052 -0.057395464 0.998069982 7.804717275
-0.936135681 -0.349612115 -0.037700884 225.137269239 0.351081692 -0.935298455 -0.044254338 -147.472080143 -0.019789725 -0.054664155 0.998308668 7.773978769
-0.919641312 -0.391090800 -0.036164125 224.738359948 0.392412215 -0.918795410 -0.042751001 -147.302132123 -0.016507909 -0.053506831 0.998431023 7.778830155
-0.900915607 -0.432341809 -0.037836883 224.421917210 0.433653138 -0.900235959 -0.038989398 -147.115178545 -0.017205376 -0.051534240 0.998523008 7.744825063
-0.878811325 -0.475551934 -0.039255738 224.076525946 0.476834437 -0.878299603 -0.034910270 -146.870786061 -0.017876653 -0.049398028 0.998619177 7.750033760
-0.852415471 -0.521363470 -0.039597956 223.719851342 0.522594422 -0.851963867 -0.032444406 -146.634999710 -0.016820700 -0.048349785 0.998688822 7.748421799
-0.822843975 -0.566952775 -0.038630860 223.375405338 0.568079844 -0.822415819 -0.030290451 -146.355721229 -0.014597375 -0.046869728 0.998794346 7.744471750
-0.791256017 -0.610369227 -0.036923204 223.009519524 0.611358432 -0.790877256 -0.027459660 -146.073368788 -0.012441191 -0.044300933 0.998940761 7.736648302
-0.755590158 -0.653996482 -0.037042057 222.694758524 0.654962411 -0.755182484 -0.026900872 -145.758439823 -0.010380437 -0.044587189 0.998951565 7.762145311
-0.716464782 -0.696496918 -0.039626499 222.387533531 0.697559282 -0.716011690 -0.027171826 -145.437240874 -0.009447943 -0.047109488 0.998845049 7.757880077
-0.675942102 -0.735887340 -0.039649686 222.072175845 0.736945340 -0.675226079 -0.031325827 -145.027705845 -0.003720222 -0.050394096 0.998722481 7.774094998
-0.631058102 -0.774810128 -0.037880572 221.798851078 0.775729387 -0.630105308 -0.034802564 -144.638197030 0.003096630 -0.051347512 0.998676045 7.773415914
-0.586356226 -0.809251107 -0.036041953 221.563031151 0.809986258 -0.585154559 -0.038941038 -144.275457427 0.010422965 -0.052026807 0.998591294 7.779631742
-0.539664245 -0.841159559 -0.034829575 221.248550990 0.841688306 -0.538195635 -0.043660665 -143.823071595 0.017980460 -0.052877746 0.998439105 7.812537227
-0.493091248 -0.869308011 -0.034126285 221.012239622 0.869728768 -0.491632682 -0.043233965 -143.416745781 0.020806035 -0.050998901 0.998481958 7.815267825
-0.446813212 -0.893972525 -0.034221019 220.787909929 0.894321508 -0.445333606 -0.043209025 -142.947574316 0.023387911 -0.049910956 0.998479796 7.789931379
-0.400445394 -0.915636307 -0.035406779 220.573553900 0.915969493 -0.398923397 -0.043127843 -142.428045452 0.025364826 -0.049701875 0.998441961 7.805275236
-0.354967964 -0.934158794 -0.036675489 220.415309513 0.934561974 -0.353553923 -0.039919164 -141.914193974 0.024324075 -0.048445542 0.998529603 7.828066682
-0.310461306 -0.949857009 -0.037221493 220.270906036 0.950305552 -0.309180576 -0.036424283 -141.377962116 0.023089698 -0.046680122 0.998642995 7.850675465
-0.268774635 -0.962570574 -0.034901073 220.110315749 0.962902154 -0.267608523 -0.034714842 -140.861978636 0.024075660 -0.042936788 0.998787663 7.872446533
-0.228447000 -0.972823717 -0.037762198 219.981694133 0.973220711 -0.227177961 -0.035094462 -140.308097949 0.025561986 -0.044768177 0.998670314 7.880019070
-0.190513419 -0.980969268 -0.037469086 219.884485485 0.981173518 -0.189044041 -0.039507941 -139.705412906 0.031672768 -0.044290468 0.998516495 7.913971124
-0.160531493 -0.986451595 -0.033806665 219.780964440 0.986324815 -0.159027424 -0.043285531 -139.117060213 0.037322895 -0.040293043 0.998490597 7.890194130
-0.133381112 -0.990658958 -0.028360304 219.717936611 0.990154330 -0.131977663 -0.046650823 -138.506104523 0.042472129 -0.034303417 0.998508585 7.908042637
-0.109337028 -0.993706633 -0.024342189 219.680499716 0.993024373 -0.108109062 -0.047064049 -137.900436074 0.044136246 -0.029318230 0.998595230 7.904563460
-0.087165343 -0.995991318 -0.020087228 219.635291495 0.995283644 -0.086206225 -0.044485436 -137.269625247 0.042575464 -0.023870078 0.998808064 7.939855144
-0.069956518 -0.997376109 -0.018627449 219.581902988 0.996622897 -0.069074418 -0.044401870 -136.597313504 0.042998684 -0.021670743 0.998840073 8.024347088
-0.054739151 -0.998345742 -0.017589903 219.539479242 0.997589227 -0.053928163 -0.043674784 -135.894821278 0.042653943 -0.019938218 0.998890939 8.070848295
-0.042279935 -0.998991997 -0.015079662 219.520861328 0.998253745 -0.041615860 -0.041923512 -135.190602253 0.041253699 -0.016825852 0.999007018 8.062628595
-0.032823092 -0.999384060 -0.012415488 219.526295574 0.998673161 -0.032301495 -0.040106499 -134.462784188 0.039680757 -0.013715434 0.999118273 8.082952761
-0.023939432 -0.999654076 -0.010891856 219.460622711 0.998974482 -0.023501500 -0.038699652 -133.699084269 0.038430290 -0.011807134 0.999191525 8.114021348
-0.016743200 -0.999785180 -0.012217135 219.438160617 0.999093409 -0.016250791 -0.039348074 -132.905726095 0.039141084 -0.012864872 0.999150875 8.138877073
-0.009259637 -0.999912127 -0.009486669 219.407323736 0.999056616 -0.008848346 -0.042515699 -132.097747018 0.042428022 -0.009871399 0.999050759 8.166605228
-0.001506991 -0.999969795 -0.007624845 219.466805319 0.998924300 -0.001151944 -0.046356390 -131.321283508 0.046346207 -0.007686501 0.998895864 8.218332908
0.004647028 -0.999979883 -0.004317277 219.486303370 0.998560804 0.004871022 -0.053409673 -130.467081108 0.053429628 -0.004062867 0.998563352 8.263462159
0.008435098 -0.999958536 0.003431599 219.505890397 0.998225443 0.008218081 -0.058978195 -129.632078667 0.058947549 0.003922997 0.998253373 8.304707266
0.011391679 -0.999933100 0.002006092 219.498829189 0.998041659 0.011246681 -0.061533394 -128.776830450 0.061506716 0.002703132 0.998103009 8.333383874
0.014336020 -0.999892166 0.003183519 219.492730768 0.998218982 0.014127497 -0.057959269 -127.870263155 0.057908044 0.004008754 0.998313873 8.384692419
0.017390981 -0.999846109 0.002304791 219.484367890 0.998488924 0.017247100 -0.052176674 -126.886040074 0.052128894 0.003208712 0.998635210 8.432985084
0.015763888 -0.999874432 -0.001618829 219.493806419 0.998886341 0.015820276 -0.044449928 -125.932892097 0.044469957 -0.000916322 0.999010302 8.486729730
0.013997059 -0.999880490 -0.006564218 219.516553471 0.999156838 0.014239732 -0.038507710 -124.993726215 0.038596581 -0.006019688 0.999236742 8.540146869
0.014302306 -0.999878833 -0.006145166 219.571987848 0.999183265 0.014524104 -0.037707481 -124.011100151 0.037792165 -0.005600843 0.999269925 8.548840019
0.013782170 -0.999879146 -0.007193352 219.525243136 0.998946757 0.014083486 -0.043669574 -123.005291728 0.043765603 -0.006583914 0.999020132 8.577403263
0.012998131 -0.999894678 -0.006456103 219.541546998 0.998581401 0.013313939 -0.051555063 -122.087537958 0.051635589 -0.005776825 0.998649285 8.615858858
0.010923625 -0.999921038 -0.006212239 219.559169734 0.998489714 0.011242087 -0.053776457 -121.148537141 0.053842049 -0.005615422 0.998533675 8.689194239
0.010109145 -0.999945165 -0.002733563 219.605224916 0.998585353 0.010238036 -0.052177352 -120.126205937 0.052202478 -0.002202228 0.998634093 8.750965538
0.009680479 -0.999949875 -0.002556441 219.606345472 0.998768314 0.009793395 -0.048640980 -119.156374025 0.048663579 -0.002082424 0.998813055 8.818401745
0.007198727 -0.999973209 -0.001326132 219.592383048 0.999067799 0.007248645 -0.042555740 -118.146583479 0.042564212 -0.001018549 0.999093214 8.864397650
0.004002831 -0.999988545 -0.002624533 219.589042641 0.999317779 0.004096478 -0.036704159 -117.112640997 0.036714490 -0.002475822 0.999322729 8.905550376
0.000837547 -0.999997917 -0.001861560 219.598688534 0.999468728 0.000897753 -0.032579998 -116.117880040 0.032581601 -0.001833283 0.999467397 8.894639352
-0.002647193 -0.999991833 -0.003053853 219.614264047 0.999363435 -0.002536857 -0.035584957 -115.097429403 0.035576920 -0.003146109 0.999361989 8.973309288
-0.007334238 -0.999935368 -0.008687259 219.605986882 0.999111907 -0.006967172 -0.041555458 -114.139299019 0.041492247 -0.008984321 0.999098431 9.007988396
-0.009370279 -0.999932303 -0.006898341 219.656365092 0.998896753 -0.009042668 -0.046081524 -113.191244055 0.046016025 -0.007322527 0.998913863 9.108348136
-0.012278687 -0.999916070 -0.004133704 219.640089819 0.998937837 -0.012082851 -0.044465752 -112.208682649 0.044412073 -0.004675294 0.999002357 9.230816404
-0.013530054 -0.999908039 0.000922617 219.577035810 0.999182927 -0.013555374 -0.038075316 -111.200613298 0.038084321 0.000406702 0.999274446 9.251442577
-0.015887344 -0.999865035 0.004183713 219.526394510 0.999326899 -0.016016888 -0.033003158 -110.234775681 0.033065714 0.003656565 0.999446491 9.229309696
-0.018703532 -0.999799843 0.007103016 219.477759771 0.999268302 -0.018929700 -0.033234436 -109.235883828 0.033362242 0.006476217 0.999422343 9.307206349
-0.016823859 -0.999828448 0.007748095 219.533173479 0.999165519 -0.017100150 -0.037092471 -108.195449220 0.037218601 0.007117591 0.999281800 9.394970999
-0.016990763 -0.999824987 0.007830064 219.492108834 0.998968038 -0.017305063 -0.041992776 -107.237943923 0.042120926 0.007108495 0.999087232 9.455125347
-0.017096337 -0.999842132 0.004840146 219.514943205 0.998596524 -0.017317330 -0.050050903 -106.268084356 0.050126819 0.003977666 0.998734940 9.541008860
-0.015122429 -0.999865431 0.006358635 219.529322604 0.998445942 -0.015441490 -0.053546809 -105.246480109 0.053637790 0.005538996 0.998545095 9.629461748
-0.012560686 -0.999897223 0.006911827 219.546392725 0.998625484 -0.012895881 -0.050801960 -104.282573956 0.050885873 0.006264219 0.998684829 9.643608643
-0.009604984 -0.999889487 0.011347202 219.537506698 0.999057128 -0.010076227 -0.042229418 -103.268319808 0.042339088 0.010930890 0.999043501 9.667366306
-0.009968196 -0.999896796 0.010345695 219.422302812 0.999188466 -0.010363862 -0.038923007 -102.263068394 0.039026211 0.009949307 0.999188654 9.750071363
-0.009725148 -0.999884121 0.011711786 219.395329945 0.999150455 -0.010185749 -0.039932689 -101.294228309 0.040047355 0.011313485 0.999133732 9.839357871
-0.009433122 -0.999908712 0.009673903 219.424889553 0.999123558 -0.009819385 -0.040690235 -100.334684908 0.040781512 0.009281588 0.999124977 9.894394456
-0.010286181 -0.999923949 0.006803680 219.448755076 0.999007241 -0.010571207 -0.043275661 -99.383483877 0.043344293 0.006351785 0.999040003 9.929195152
-0.008899598 -0.999938615 0.006600278 219.420024827 0.998945052 -0.009187740 -0.044992977 -98.431789343 0.045050856 0.006192896 0.998965499 10.000040758
-0.008164662 -0.999823644 0.016912122 219.428783067 0.998991723 -0.008902189 -0.044003280 -97.448672106 0.044146075 0.016535798 0.998888228 10.087014218
-0.009170513 -0.999754234 0.020183493 219.355651929 0.999144172 -0.009975332 -0.040142461 -96.537292356 0.040333932 0.019798093 0.998990095 10.124789311
-0.010319167 -0.999656795 0.024079200 219.367097375 0.999285740 -0.011184794 -0.036095853 -95.603853441 0.036352786 0.023689522 0.999058197 10.138726706
-0.012218071 -0.999649294 0.023494824 219.325647162 0.999269386 -0.013057640 -0.035919235 -94.696144863 0.036213425 0.023038795 0.999078476 10.187876593
-0.015545693 -0.999699299 0.018964245 219.268137334 0.999262903 -0.016199116 -0.034802856 -93.751827625 0.035099595 0.018409232 0.999214251 10.237373624
-0.018242887 -0.999654706 0.018912053 219.221105509 0.999276462 -0.018860820 -0.033027593 -92.848606322 0.033372886 0.018295851 0.999275494 10.231028187
-0.020036001 -0.999755481 0.009356096 219.264141063 0.999287597 -0.020324219 -0.031799766 -91.917705554 0.031982146 0.008712291 0.999450468 10.329615900
-0.019288167 -0.999800895 0.005112490 219.261595518 0.999322982 -0.019438675 -0.031236446 -91.096154830 0.031329606 0.004506535 0.999498948 10.390493337
-0.019947955 -0.999759496 0.009112000 219.235820267 0.999302695 -0.020224898 -0.031385932 -90.172447683 0.031562673 0.008479561 0.999465805 10.391358570
-0.017097316 -0.999853499 0.000814301 219.139809583 0.999291919 -0.017115002 -0.033507283 -89.285267116 0.033516311 0.000240840 0.999438142 10.454070499
-0.021385574 -0.999771081 0.000664816 219.070198816 0.999211182 -0.021395843 -0.033454932 -88.403154857 0.033461498 -0.000051161 0.999440006 10.464110023
-0.023138325 -0.999721498 0.004641509 219.059320187 0.999178517 -0.023279766 -0.033171424 -87.617108789 0.033270239 0.003870165 0.999438899 10.475976580
-0.023235586 -0.999723862 0.003508310 219.035080822 0.999161529 -0.023340558 -0.033637145 -86.873100582 0.033709742 0.002723790 0.999427954 10.552136751
-0.021201641 -0.999762652 0.005013090 219.089170647 0.999248726 -0.021352916 -0.032342496 -86.066723012 0.032441863 0.004323610 0.999464272 10.586187970
-0.017165442 -0.999824092 0.007558610 219.095715311 0.999406034 -0.017383216 -0.029755727 -85.286483885 0.029881885 0.007043350 0.999528621 10.615676455
-0.014747411 -0.999875284 0.005650699 219.042365447 0.999490193 -0.014901308 -0.028236589 -84.593848878 0.028317270 0.005231402 0.999585296 10.699423691
-0.013311817 -0.999911331 0.000353126 219.007576538 0.999515688 -0.013316483 -0.028125813 -83.859336908 0.028128021 -0.000021451 0.999604329 10.745119034
-0.012782840 -0.999917734 0.001060523 218.920603566 0.999562232 -0.012806582 -0.026670884 -83.196538306 0.026682272 0.000719129 0.999643706 10.744092694
-0.009478662 -0.999951667 0.002611085 218.965651462 0.999633851 -0.009541766 -0.025320320 -82.540744827 0.025344011 0.002370126 0.999675979 10.753158949
-0.005893428 -0.999980329 0.002147049 218.928257253 0.999699092 -0.005942870 -0.023799322 -81.939000067 0.023811613 0.002006143 0.999714450 10.759267571
-0.000471754 -0.999996101 0.002752239 218.881712788 0.999712599 -0.000537584 -0.023967271 -81.331217713 0.023968657 0.002740141 0.999708955 10.749489521
0.002899416 -0.999995722 -0.000385985 218.768978908 0.999665434 0.002908379 -0.025701384 -80.835501482 0.025702397 -0.000311337 0.999669590 10.716126796
0.006390395 -0.999974715 -0.003119805 218.718721343 0.999620635 0.006471656 -0.026771308 -80.340099681 0.026790821 -0.002947543 0.999636716 10.737084371
0.013318632 -0.999911150 -0.000553480 218.666335596 0.999538271 0.013328780 -0.027305466 -79.818466233 0.027310417 -0.000189553 0.999626983 10.737798257
0.023402421 -0.999726117 -0.000134788 218.671367252 0.999322361 0.023396801 -0.028414931 -79.343239403 0.028410302 0.000530281 0.999596205 10.736973892
0.038007403 -0.999274735 -0.002332602 218.736857709 0.998838835 0.038059771 -0.029537004 -78.774365353 0.029604360 -0.001207268 0.999560966 10.766011511
0.053951247 -0.998534365 -0.004287810 218.770072813 0.998065234 0.054057802 -0.030717139 -78.332127627 0.030903908 -0.002622286 0.999518920 10.795012068
0.072353178 -0.997371425 -0.003906277 218.680507760 0.996832266 0.072442628 -0.032825279 -77.835414922 0.033021976 -0.001518890 0.999453472 10.869697651
0.094697837 -0.995502385 -0.002705782 218.751260671 0.994985441 0.094735855 -0.032079432 -77.394231250 0.032191486 0.000345640 0.999481660 10.943174155
0.117758911 -0.993040189 -0.002005603 218.964013419 0.992572880 0.117765102 -0.030503410 -77.091818040 0.030527302 0.001601342 0.999532651 10.986651857
0.144600165 -0.989489953 -0.000652176 219.086987640 0.988921178 0.144539333 -0.033812503 -76.754827664 0.033551397 0.004244343 0.999427981 10.993699450
0.177310529 -0.984149904 -0.003153376 219.167035115 0.983460127 0.177304816 -0.037002451 -76.344221448 0.036975068 0.003459705 0.999310199 11.013456758
0.217032624 -0.976151578 -0.004993679 219.336516302 0.975378291 0.217060274 -0.039013159 -75.853056422 0.039166687 0.003596402 0.999226219 11.062419216
0.257482597 -0.966221359 -0.010908646 219.502920092 0.965477725 0.257712420 -0.037908726 -75.353006175 0.039439514 -0.000771217 0.999221662 11.055179916
0.300221128 -0.953739909 -0.015730849 219.586422845 0.953052140 0.300605662 -0.036439741 -74.911453627 0.039482817 -0.004052339 0.999212032 11.022738158
0.343824212 -0.938811369 -0.020448080 219.706301946 0.938231200 0.344349054 -0.033851786 -74.477855184 0.038821719 -0.007545963 0.999217660 10.952687162
0.387781078 -0.921428421 -0.024402855 219.879623398 0.920765912 0.388454624 -0.035960254 -74.039255717 0.042614202 -0.008524611 0.999055234 10.981238841
0.429669163 -0.902325079 -0.034552311 220.121251824 0.901827284 0.430741529 -0.034194816 -73.686825470 0.045737955 -0.016467759 0.998817727 10.939463999
0.470977798 -0.881407417 -0.036067712 220.320109647 0.880712578 0.472148925 -0.037692809 -73.258988065 0.050252053 -0.014012812 0.998638259 11.021232444
0.513593595 -0.857447358 -0.031711945 220.550386494 0.856521197 0.514531467 -0.040358507 -72.891622345 0.050922089 -0.006434083 0.998681903 11.113280091
0.556363552 -0.830518724 -0.026424357 220.901242688 0.829562843 0.556990655 -0.039835915 -72.537015157 0.047802593 0.000242586 0.998856773 11.147279416
0.597944885 -0.801168389 -0.024313113 221.223234879 0.800197162 0.598423794 -0.039666916 -72.160736032 0.046329425 0.004263345 0.998917118 11.191269348
0.637939569 -0.769713094 -0.023976248 221.551531564 0.768829791 0.638367735 -0.037247657 -71.749219355 0.043975672 0.005328100 0.999018394 11.190301646
0.676718446 -0.735884209 -0.022947243 221.903382451 0.735102895 0.677076300 -0.034516930 -71.376586434 0.040937498 0.006489659 0.999140634 11.224039845
0.715186023 -0.698536256 -0.023580717 222.259102613 0.697726454 0.715526278 -0.034640152 -71.085142483 0.041070025 0.008321262 0.999121619 11.255648891
0.750588476 -0.660246632 -0.026293063 222.619969595 0.659310773 0.750980785 -0.036567269 -70.756666771 0.043889001 0.010111671 0.998985240 11.305360976
0.784200726 -0.619734269 -0.030962173 222.947311183 0.618680296 0.784744042 -0.037569650 -70.492654162 0.047580581 0.010306461 0.998814230 11.391070522
0.814882001 -0.578291762 -0.039318719 223.339724776 0.576974986 0.815766802 -0.040303711 -70.150427711 0.055382209 0.010156851 0.998413566 11.377271875
0.843398320 -0.535734222 -0.040842596 223.764225947 0.533922721 0.844185139 -0.047728175 -69.968983025 0.060048330 0.018447073 0.998025001 11.415282464
0.869515801 -0.492555231 -0.036491310 224.257408451 0.490221445 0.869678729 -0.057808674 -69.719057648 0.060209681 0.032376733 0.997660534 11.464703302
0.891940192 -0.450819128 -0.034710340 224.768725833 0.448261988 0.891704324 -0.062646533 -69.555284700 0.059193616 0.040317635 0.997432005 11.501088219
0.910276642 -0.412754422 -0.032097076 225.261492757 0.410209556 0.909694408 -0.064685424 -69.394934299 0.055897725 0.045715104 0.997389379 11.564397276
0.927429626 -0.372639286 -0.031847321 225.773400621 0.370259780 0.926834627 -0.062331929 -69.205976421 0.052744525 0.046016695 0.997547231 11.578219348
0.942212218 -0.333512562 -0.031709731 226.229021006 0.331305486 0.941641009 -0.059572516 -69.034786523 0.049727366 0.045624345 0.997720205 11.598448168
0.954358079 -0.297192947 -0.029614360 226.683984714 0.295007942 0.953496324 -0.061766291 -68.878866733 0.046593689 0.050210688 0.997651199 11.649136580
0.964898090 -0.261148220 -0.027807959 227.180698955 0.258977214 0.963734120 -0.064399916 -68.746718875 0.043617402 0.054937728 0.997536650 11.656453127
0.973887237 -0.225156991 -0.029120070 227.672959838 0.222730786 0.972393113 -0.069589019 -68.597188830 0.043984610 0.061285921 0.997150636 11.744170310
0.980375648 -0.194551885 -0.031830076 228.235975265 0.192094413 0.979047366 -0.067572120 -68.534147589 0.044309436 0.060131681 0.997206526 11.756169923
0.986208713 -0.161662390 -0.035463296 228.736807407 0.158916608 0.984808960 -0.069977317 -68.468281947 0.046237272 0.063376533 0.996918016 11.837883782
0.990259006 -0.133281416 -0.040288514 229.220579525 0.130177550 0.988890264 -0.071762464 -68.415508650 0.049405522 0.065818766 0.996607739 11.869457196
0.993382773 -0.105892993 -0.044467298 229.659942999 0.102441068 0.991996646 -0.073813832 -68.405031195 0.051927778 0.068770111 0.996280170 11.874523322
0.995496414 -0.081852221 -0.047823676 230.159222499 0.078368307 0.994416320 -0.070672423 -68.392308620 0.053341338 0.066606283 0.996352500 11.850578966
0.997218800 -0.058172381 -0.046590110 230.658003711 0.054637959 0.995771905 -0.073844474 -68.341955765 0.050688832 0.071093509 0.996180885 11.854765967
0.998268844 -0.041810400 -0.041366725 231.177400743 0.038407303 0.996063107 -0.079894720 -68.323614268 0.044544299 0.078167625 0.995944591 11.911387828
0.998862273 -0.031748578 -0.035583539 231.762391468 0.028427673 0.995514778 -0.090234111 -68.362219529 0.038288743 0.089119892 0.995284691 12.018992844
0.999353572 -0.020686347 -0.029402594 232.332826331 0.017830594 0.995386769 -0.094272217 -68.361598275 0.031217101 0.093687011 0.995112173 12.078442420
0.999514651 -0.012823565 -0.028390472 232.946320377 0.010164555 0.995716588 -0.091897538 -68.342652025 0.029447318 0.091564359 0.995363664 12.065556702
0.999603813 -0.007272138 -0.027190684 233.541541537 0.004610408 0.995302691 -0.096702109 -68.351603142 0.027766192 0.096538436 0.994941892 12.122300902
0.999638181 -0.007089999 -0.025946864 234.028061172 0.004469067 0.995006564 -0.099709400 -68.387609544 0.026524240 0.099557365 0.994678237 12.194477573
0.999548380 -0.013540030 -0.026827310 234.515583753 0.010648774 0.994401822 -0.105126684 -68.372778809 0.028100545 0.104793529 0.994096915 12.158184268
0.999296875 -0.023721306 -0.029035410 235.045259176 0.020427320 0.993841635 -0.108910645 -68.345474409 0.031440102 0.108240952 0.993627403 12.180866138
0.998923856 -0.036247665 -0.028935057 235.594102684 0.032953351 0.993693647 -0.107177477 -68.334459842 0.032637515 0.106108632 0.993818772 12.239571450
0.998286796 -0.051303696 -0.028131902 236.175192399 0.047930573 0.992807726 -0.109706330 -68.270889322 0.033557910 0.108170002 0.993565860 12.235919563
0.997094836 -0.069768181 -0.030566140 236.742091248 0.066090100 0.991930470 -0.108194465 -68.251615495 0.037868017 0.105860024 0.993659735 12.239614378
0.995073817 -0.094330881 -0.030492344 237.321991809 0.090562340 0.990071270 -0.107505079 -68.216878830 0.040330642 0.104214031 0.993736824 12.212606894
0.992225601 -0.121794925 -0.025580335 237.794896051 0.118299730 0.986862201 -0.110037132 -68.142895509 0.038646230 0.106155513 0.993598247 12.216318285
0.988094794 -0.152083413 -0.023223135 238.344171582 0.148781025 0.983028241 -0.107329789 -68.029160632 0.039152079 0.102596843 0.993952213 12.243531477
0.981874138 -0.188053093 -0.023647635 238.871507935 0.184808069 0.977598358 -0.100734441 -67.899234713 0.042061312 0.094538269 0.994632275 12.333914436
0.973576196 -0.226934908 -0.025493874 239.376840687 0.223319415 0.969456703 -0.101400889 -67.786784408 0.047726608 0.093028215 0.994518940 12.356902456
0.961979281 -0.271594909 -0.028845595 239.800327230 0.267833925 0.958759296 -0.095108362 -67.676577585 0.053486930 0.083766445 0.995048909 12.424220057
0.947721259 -0.317539099 -0.031517233 240.235564843 0.313355852 0.944767659 -0.096032181 -67.443324739 0.060270435 0.081135630 0.994879130 12.489653982
0.930061773 -0.365511422 -0.037235728 240.700495624 0.361200968 0.928196707 -0.089357337 -67.229858311 0.067223207 0.069658262 0.995303354 12.530829477
0.908612864 -0.415458768 -0.042622477 241.199223313 0.411541551 0.908047512 -0.077995309 -66.935378936 0.071107069 0.053326621 0.996042196 12.536351730
0.882873130 -0.467166222 -0.047861858 241.644519543 0.463939620 0.883460419 -0.065251182 -66.610538302 0.072767205 0.035403503 0.996720385 12.588950331
0.852781382 -0.519496542 -0.053733204 242.042607524 0.516961043 0.854266159 -0.054594967 -66.340034005 0.074264354 0.018779598 0.997061750 12.628120016
0.817580336 -0.573066435 -0.056189466 242.397654665 0.571072260 0.819475190 -0.048341359 -66.057030067 0.073748684 0.007434699 0.997249145 12.619854989
0.780824030 -0.622560451 -0.052271597 242.766859753 0.621003001 0.782569319 -0.044051494 -65.717445404 0.068330866 0.001935646 0.997660837 12.672683111
0.738743696 -0.672386861 -0.046407545 243.160849413 0.671380160 0.740189959 -0.036979795 -65.343528305 0.059215127 -0.003838515 0.998237865 12.699823692
0.692984413 -0.719719666 -0.042145045 243.482036878 0.719149163 0.694201013 -0.030156828 -65.009875098 0.050961595 -0.009410362 0.998656278 12.729085364
0.646379641 -0.761682246 -0.045094508 243.764984076 0.761548179 0.647672599 -0.023760806 -64.560790855 0.047304662 -0.018983139 0.998700110 12.752024435
0.596959367 -0.800778097 -0.048928047 243.977685181 0.800956617 0.598361834 -0.020775314 -64.195692343 0.045913093 -0.026787225 0.998586217 12.778303073
0.541999407 -0.838972318 -0.048601375 244.180183486 0.838973332 0.543530693 -0.026422228 -63.818065020 0.048583857 -0.026454425 0.998468714 12.815136855
0.484273993 -0.873760575 -0.044957281 244.385389466 0.873374433 0.485831248 -0.034425255 -63.399278968 0.051921082 -0.022593284 0.998395585 12.855961660
0.424789268 -0.904419848 -0.039734310 244.548522571 0.903623924 0.426261247 -0.042013728 -62.975639204 0.054935246 -0.018057893 0.998326616 12.907712460
0.364900138 -0.930287864 -0.037581645 244.702321614 0.929551498 0.366303903 -0.041898254 -62.516482859 0.052743740 -0.019645396 0.998414822 12.929748055
0.310339934 -0.949793711 -0.039762194 244.855353775 0.949381769 0.311801657 -0.038131144 -62.016754945 0.048614639 -0.025915886 0.998481339 12.974458204
0.258825570 -0.964984395 -0.042596260 244.950728287 0.964797804 0.260401237 -0.036829250 -61.542706871 0.046631770 -0.031564426 0.998413324 12.958708957
0.211775000 -0.976158933 -0.047592922 245.067007538 0.976242715 0.213575131 -0.036548929 -61.030701911 0.045842228 -0.038722094 0.998197921 12.991925118
0.169178411 -0.984460252 -0.047081614 245.116610774 0.984567652 0.170981173 -0.037309212 -60.523021386 0.044779506 -0.040043121 0.998194041 13.013077238
0.128988100 -0.990564679 -0.046299959 245.149062498 0.990564191 0.130887296 -0.040633709 -59.979855432 0.046310393 -0.040621816 0.998100804 13.084157626
0.096759206 -0.994139122 -0.048218907 245.223403110 0.994091355 0.098921962 -0.044685825 -59.492776361 0.049193836 -0.043610234 0.997836717 13.086889849
0.068567857 -0.996294065 -0.051928662 245.254552661 0.996415546 0.070975277 -0.046027929 -58.962460057 0.049543004 -0.048586489 0.997589517 13.091178868
0.048570902 -0.997268104 -0.055652453 245.276344365 0.997510822 0.051283455 -0.048395943 -58.456288913 0.051117781 -0.053163290 0.997276610 13.103392867
0.032849559 -0.997345097 -0.064989717 245.271531712 0.998029168 0.036211637 -0.051249353 -57.901875542 0.053466675 -0.063178114 0.996569035 13.157194415
0.021647853 -0.997848654 -0.061882420 245.245188851 0.998342716 0.024876809 -0.051893793 -57.297618742 0.053321588 -0.060656474 0.996733465 13.224956515
0.013014127 -0.997892222 -0.063574721 245.230300241 0.998397264 0.016470210 -0.054144574 -56.653733372 0.055077538 -0.062768183 0.996507210 13.265736666
0.005922187 -0.998047401 -0.062179690 245.182176984 0.998459625 0.009332060 -0.054692680 -56.072652663 0.055166152 -0.061760010 0.996565300 13.308731455
0.001306623 -0.997960805 -0.063816331 245.176987564 0.998500017 0.004795050 -0.054541035 -55.438674216 0.054735818 -0.063649343 0.996470146 13.333610452
-0.001347720 -0.997756915 -0.066927746 245.177753384 0.998538031 0.002273839 -0.054005835 -54.752069196 0.054036878 -0.066902684 0.996295160 13.360081034
-0.000591175 -0.997738513 -0.067212431 245.215284139 0.998532642 0.003050576 -0.054067143 -54.029060068 0.054149907 -0.067145770 0.996272670 13.350091984
0.002634896 -0.997714368 -0.067521091 245.150164330 0.998476371 0.006346540 -0.054814767 -53.334363636 0.055118006 -0.067273782 0.996210943 13.343106120
0.003633658 -0.997716363 -0.067445204 245.144038750 0.998409139 0.007414637 -0.055894663 -52.602689034 0.056267101 -0.067134806 0.996156078 13.419183096
0.005075701 -0.998155959 -0.060488996 245.156791840 0.998347862 0.008520245 -0.056823862 -51.883529049 0.057234458 -0.060100639 0.996550114 13.501900841
0.007368667 -0.998030111 -0.062302489 245.108503353 0.998151894 0.011099248 -0.059746163 -51.130347358 0.060319981 -0.061747098 0.996267432 13.537733066
0.005422753 -0.998122478 -0.061009126 245.146558469 0.998112779 0.009134406 -0.060724313 -50.314540514 0.061167584 -0.060564695 0.996288334 13.551413302
0.003895618 -0.997940534 -0.064027451 245.138570430 0.998136965 0.007779013 -0.060515175 -49.524519574 0.060888616 -0.063672422 0.996111640 13.658574202
0.005715988 -0.997845049 -0.065365024 245.187583886 0.998124853 0.009676862 -0.060441181 -48.759082225 0.060943462 -0.064896974 0.996029255 13.717484293
0.007716029 -0.998074537 -0.061544140 245.235040533 0.998170640 0.011378274 -0.059379355 -47.945722873 0.059965289 -0.060973381 0.996336495 13.770590775
0.007695587 -0.998194061 -0.059576794 245.257994703 0.998190692 0.011221212 -0.059071377 -47.047771666 0.059633222 -0.059014412 0.996474374 13.772813750
0.006425784 -0.998162415 -0.060253653 245.202354194 0.998033261 0.010158981 -0.061857935 -46.235275242 0.062356382 -0.059737664 0.996264570 13.833608220
0.004822225 -0.998311654 -0.057884263 245.189318443 0.998139525 0.008323538 -0.060400387 -45.290021247 0.060780212 -0.057485306 0.996494458 13.881104166
0.003669214 -0.998226559 -0.059416112 245.239420224 0.998331372 0.007080733 -0.057309115 -44.304171778 0.057628190 -0.059106689 0.996586871 13.895151730
0.001687081 -0.998122680 -0.061223113 245.191739098 0.998382899 0.005160026 -0.056612383 -43.406069416 0.056822016 -0.061028599 0.996517320 13.954672382
-0.003011148 -0.998179542 -0.060237326 245.205079590 0.998250366 0.000556733 -0.059126117 -42.524221839 0.059052016 -0.060309971 0.996431416 14.017136993
-0.006883470 -0.998156798 -0.060296142 245.188344233 0.998120549 -0.003186392 -0.061198181 -41.657553471 0.060893253 -0.060604074 0.996302744 14.125257866
-0.009426600 -0.998294633 -0.057610460 245.209313338 0.997822047 -0.005629355 -0.065722692 -40.671532811 0.065286301 -0.058104529 0.996173460 14.231365743
-0.010199180 -0.998178872 -0.059455157 245.219708862 0.997968738 -0.006421827 -0.063381059 -39.647679402 0.062883823 -0.059980823 0.996216807 14.278971012
-0.010944685 -0.998207392 -0.058840604 245.130491627 0.998188021 -0.007424660 -0.059712219 -38.628862868 0.059168307 -0.059387518 0.996479922 14.261972795
-0.014133277 -0.998138817 -0.059322449 245.175062230 0.998365721 -0.010801230 -0.056117919 -37.672031173 0.055372718 -0.060018630 0.996660236 14.246549198
-0.013859813 -0.998506629 -0.052843327 245.163026507 0.998451350 -0.010972713 -0.054538996 -36.584133292 0.053877714 -0.053517392 0.997112371 14.333941895
-0.014920547 -0.998264206 -0.056973265 245.128700803 0.998403322 -0.011769523 -0.055247491 -35.594419647 0.054481045 -0.057706619 0.996845907 14.388359613
-0.015464568 -0.998308151 -0.056050722 245.129362265 0.998280828 -0.012245949 -0.057318630 -34.572490159 0.056535261 -0.056840769 0.996781266 14.476982094
-0.015508387 -0.998028672 -0.060813315 245.093430845 0.998286020 -0.012022392 -0.057275514 -33.508476597 0.056431484 -0.061597333 0.996504519 14.525371647
-0.015310448 -0.998031747 -0.060813007 245.038427604 0.998194390 -0.011723314 -0.058911148 -32.383522932 0.058082266 -0.061605159 0.996409180 14.625211196
-0.015420674 -0.997557204 -0.068130960 245.007244410 0.998103558 -0.011296295 -0.060511827 -31.296239348 0.059594382 -0.068934887 0.995839591 14.678701487
-0.016010653 -0.997222087 -0.072744538 245.016900008 0.998100399 -0.011611134 -0.060504340 -30.248153322 0.059491617 -0.073575066 0.995513665 14.751727393
-0.014645233 -0.997159473 -0.073881685 245.016370834 0.998060316 -0.010107099 -0.061428426 -29.101498628 0.060507207 -0.074638012 0.995373319 14.782939096
-0.012953263 -0.996942346 -0.077059531 244.970003871 0.998157761 -0.008323708 -0.060098252 -28.002050539 0.059273071 -0.077696037 0.995213559 14.829126439
-0.011032525 -0.996588328 -0.081792340 244.971143779 0.998168509 -0.006110456 -0.060185463 -27.030183569 0.059480342 -0.082306536 0.994830500 14.868329777
-0.011618495 -0.997046453 -0.075916931 244.865702011 0.998104223 -0.006974755 -0.061149916 -25.980111589 0.060439804 -0.076483479 0.995237312 14.949153892
-0.011378697 -0.997403883 -0.071105689 244.879143191 0.998148504 -0.007080479 -0.060410523 -24.850608343 0.059750228 -0.071661430 0.995637760 15.055156308
-0.009248926 -0.997620291 -0.068324318 244.921304797 0.998268247 -0.005242123 -0.058592036 -23.821529898 0.058094440 -0.068747910 0.995941143 15.081720199
-0.011182249 -0.997776166 -0.065709051 244.896055659 0.998220312 -0.007289453 -0.059186756 -22.744902847 0.058576151 -0.066253950 0.996081949 15.179933788
-0.012815601 -0.998216337 -0.058308700 244.874445488 0.998294614 -0.009451633 -0.057606679 -21.600506263 0.056952816 -0.058947526 0.996635122 15.254853826
-0.018138257 -0.997986007 -0.060785969 244.805149078 0.998374618 -0.014792971 -0.055038983 -20.437646186 0.054028930 -0.061685480 0.996632217 15.340802785
-0.021304806 -0.997739387 -0.063735559 244.811104473 0.998453811 -0.017959561 -0.052606474 -19.377678026 0.051342889 -0.064757783 0.996579318 15.398672829
-0.025897463 -0.997481479 -0.066030454 244.790260086 0.998324991 -0.022387885 -0.053347862 -18.283715085 0.051735222 -0.067301426 0.996390478 15.494473074
-0.028220200 -0.997045135 -0.071446624 244.735661149 0.998168884 -0.024282068 -0.055400901 -17.250113745 0.053502327 -0.072879221 0.995904674 15.575702862
-0.028000745 -0.996867636 -0.073965356 244.729469438 0.998076603 -0.023787072 -0.057247436 -16.171121568 0.055308697 -0.075426062 0.995616320 15.674064409
-0.030361582 -0.996347080 -0.079816485 244.736537621 0.997938567 -0.025699166 -0.058806197 -15.083371146 0.056540166 -0.081437398 0.995073444 15.708663385
-0.030874485 -0.996006795 -0.083768908 244.685810841 0.997912207 -0.025959752 -0.059138122 -14.041428971 0.056727352 -0.085419875 0.994728834 15.782175456
-0.031596982 -0.995643055 -0.087729918 244.587062164 0.998142703 -0.026858349 -0.054678821 -13.035796378 0.052084308 -0.089294663 0.994642493 15.858921805
-0.031794049 -0.995253292 -0.091978380 244.521732566 0.998245880 -0.027021267 -0.052678399 -11.993361762 0.049942978 -0.093491899 0.994366614 15.859870722
-0.033138023 -0.995291949 -0.091081330 244.494821910 0.998165666 -0.028337781 -0.053500221 -11.000382557 0.050667296 -0.092687148 0.994405309 15.929415743
-0.033297364 -0.995573119 -0.087894543 244.457361030 0.998215062 -0.028765049 -0.052337963 -9.997932351 0.049577978 -0.089480373 0.994753883 16.051411410
-0.033405941 -0.995665364 -0.086801645 244.356815327 0.998214020 -0.028935097 -0.052264044 -9.061111974 0.049525885 -0.088392548 0.994853730 16.124303752
-0.033311252 -0.995842951 -0.084777221 244.345131286 0.998200333 -0.028917801 -0.052534332 -8.130012210 0.049864373 -0.086374635 0.995014054 16.166270158
-0.033848263 -0.995356673 -0.090107651 244.278390862 0.998198104 -0.029199335 -0.052420839 -7.221570920 0.049546348 -0.091719641 0.994551490 16.223273670
-0.034632907 -0.994723730 -0.096567398 244.230205830 0.998145820 -0.029588124 -0.053192713 -6.356439437 0.050054805 -0.098230563 0.993904056 16.284180403
-0.033596657 -0.994954994 -0.094529489 244.195411630 0.998269933 -0.028840500 -0.051238333 -5.424589832 0.048253557 -0.096087383 0.994202600 16.340923966
-0.033896990 -0.994532746 -0.098770495 244.227165622 0.998328541 -0.029065331 -0.049953279 -4.578584705 0.046809374 -0.100298670 0.993855653 16.384428249
-0.032226508 -0.995304128 -0.091275106 244.158094857 0.998404847 -0.027821428 -0.049129716 -3.735074410 0.046359605 -0.092712788 0.994613053 16.449937008
-0.032349241 -0.994548788 -0.099127369 244.113139057 0.998379973 -0.027509646 -0.049806112 -2.859409084 0.046807650 -0.100577970 0.993827508 16.483969513
-0.033313355 -0.994873769 -0.095479858 244.066940840 0.998339102 -0.028631496 -0.049992747 -2.096995654 0.047002742 -0.096986702 0.994175197 16.572912608
-0.034080047 -0.994915355 -0.094773341 244.006825002 0.998332401 -0.029468612 -0.049638869 -1.350620841 0.046593635 -0.096306992 0.994260527 16.615171455
-0.034682823 -0.994518355 -0.098642507 243.999754792 0.998291295 -0.029830733 -0.050245566 -0.621859056 0.047027559 -0.100216614 0.993853631 16.632579074
-0.033743031 -0.994286170 -0.101273981 244.031830572 0.998260663 -0.028628571 -0.051536914 0.112737987 0.048343111 -0.102836843 0.993522787 16.670602858
-0.032569689 -0.994479478 -0.099748595 243.981088629 0.998321802 -0.027588520 -0.050916141 0.739733742 0.047883142 -0.101239520 0.993709094 16.707326053
-0.030708430 -0.994860654 -0.096484566 243.929458269 0.998476096 -0.026104583 -0.048621359 1.393941180 0.045852788 -0.097830619 0.994146213 16.700501414
-0.027738550 -0.995322804 -0.092536964 243.856529829 0.998589933 -0.023399407 -0.047650946 2.067432611 0.045262764 -0.093728248 0.994568398 16.758855661
-0.022265694 -0.995952717 -0.087077116 243.879292569 0.998771851 -0.018303306 -0.046041046 2.747425343 0.044260905 -0.087995309 0.995137075 16.815546403
-0.015576966 -0.995880522 -0.089327179 243.822461010 0.998996738 -0.011749540 -0.043214177 3.299627130 0.041986604 -0.089910707 0.995064415 16.835399225
-0.008751360 -0.995924162 -0.089769017 243.816743769 0.999045000 -0.004864932 -0.043421430 3.839503320 0.042807732 -0.090063284 0.995015629 16.854695134
-0.002172973 -0.995812203 -0.091396583 243.743476670 0.999098404 0.001713189 -0.042419843 4.301333226 0.042398777 -0.091406357 0.994910660 16.905826804
0.003374877 -0.995723438 -0.092322510 243.761460664 0.999055810 0.007356208 -0.042817921 4.755331666 0.043313951 -0.092090835 0.994808112 16.962929626
0.012637882 -0.995695660 -0.091817410 243.781824407 0.998815431 0.016885735 -0.045635592 5.238467895 0.046989565 -0.091131909 0.994729589 16.991289526
0.021831168 -0.995882371 -0.087986950 243.808188301 0.998513430 0.026115758 -0.047842419 5.616829356 0.049943268 -0.086811696 0.994972060 16.992777063
0.031025173 -0.995499811 -0.089540856 243.828389745 0.998151917 0.035541304 -0.049290634 5.967128749 0.052251216 -0.087846127 0.994762720 17.009465071
0.041433576 -0.995339749 -0.087074926 243.847811594 0.997710783 0.045878627 -0.049682451 6.351422136 0.053445796 -0.084817071 0.994962116 17.087698093
0.049266218 -0.995272971 -0.083693210 243.846121862 0.997185434 0.053755801 -0.052263989 6.659826745 0.056515932 -0.080882801 0.995120054 17.115414316
0.060239325 -0.994683384 -0.083523589 243.871312106 0.996252116 0.065115259 -0.056936140 6.946848658 0.062072092 -0.079780757 0.994877925 17.150629526
0.069960107 -0.994172948 -0.082010567 243.875572030 0.995455139 0.074901769 -0.058811495 7.213894297 0.064611534 -0.077523382 0.994894705 17.142387876
0.081231807 -0.993525639 -0.079424172 243.974360102 0.994578259 0.085992499 -0.058475435 7.414819628 0.064926727 -0.074243489 0.995124326 17.137297015
0.092159524 -0.992483833 -0.080513746 243.976279457 0.993554097 0.097015685 -0.058636282 7.598942056 0.066006658 -0.074590870 0.995027298 17.179804728
0.103865485 -0.991417760 -0.079390087 243.984799374 0.992075649 0.108945926 -0.062583474 7.840131799 0.070695594 -0.072260709 0.994877140 17.228219804
0.117001224 -0.989995419 -0.078865601 244.060734814 0.990164555 0.122417243 -0.067736055 8.069337260 0.076712894 -0.070164721 0.994581341 17.239020601
0.132945405 -0.988024617 -0.078312674 244.089871805 0.987900534 0.138465599 -0.069855652 8.334899488 0.079862715 -0.068078145 0.994478413 17.253779688
0.151191467 -0.985429483 -0.077909393 244.124288727 0.985118893 0.156722454 -0.070560895 8.556796349 0.081742937 -0.066081810 0.994460299 17.247867089
0.169725830 -0.982315510 -0.079053034 244.150948120 0.981811922 0.175472511 -0.072489635 8.760494615 0.085079327 -0.065311848 0.994231296 17.276605898
0.190000560 -0.978645203 -0.078443316 244.268866578 0.978045887 0.195637618 -0.071778585 8.954775159 0.085592231 -0.063083191 0.994331173 17.298713403
0.211754036 -0.974495983 -0.074281942 244.332020158 0.973819728 0.216814326 -0.068313139 9.214117554 0.082676269 -0.057871637 0.994894722 17.316703763
0.233411523 -0.969512212 -0.074599807 244.422087457 0.969022160 0.238288797 -0.064919207 9.433372460 0.080716262 -0.057135975 0.995098169 17.319644108
0.256335679 -0.963611274 -0.075797977 244.440246253 0.963205212 0.261206768 -0.063298843 9.638963525 0.080794423 -0.056783254 0.995112015 17.363657845
0.281628779 -0.956499800 -0.076114143 244.512099901 0.955613593 0.286751109 -0.067649560 9.809056787 0.086532606 -0.053683647 0.994801575 17.408616044
0.309203373 -0.947987655 -0.075582272 244.597966356 0.946325508 0.314578590 -0.074218218 10.025656231 0.094134519 -0.048576908 0.994373660 17.415457482
0.340726394 -0.937387924 -0.072176200 244.700328454 0.935142974 0.345829462 -0.076873926 10.305285771 0.097021347 -0.041302090 0.994424957 17.437739951
0.373294263 -0.925286081 -0.067060131 244.848518313 0.922889255 0.377743641 -0.074733961 10.528348663 0.094481832 -0.033991315 0.994946116 17.477474358
0.408978424 -0.910352009 -0.063212880 244.944506226 0.907951443 0.412883671 -0.071772214 10.807588502 0.091437545 -0.028040939 0.995415934 17.526209926
0.448140422 -0.891830969 -0.061706444 245.171804895 0.889634354 0.451691312 -0.067273130 11.137706358 0.087868526 -0.024748364 0.995824603 17.526614657
0.488283039 -0.870539088 -0.061166748 245.323047765 0.868656989 0.491560543 -0.061670645 11.373305549 0.083753867 -0.023020193 0.996220538 17.548369624
0.530164091 -0.845593782 -0.062427501 245.501424897 0.843946986 0.533360081 -0.057275733 11.663845342 0.081728340 -0.022319964 0.996404686 17.564796978
0.572756804 -0.817508210 -0.060249228 245.796321814 0.815945482 0.575623926 -0.053759343 12.010459145 0.078629601 -0.018369056 0.996734651 17.598142338
0.616214789 -0.785620862 -0.055490492 246.078151036 0.783958640 0.618605568 -0.052306817 12.266466065 0.075420054 -0.011270017 0.997088162 17.671833878
0.659905689 -0.749480341 -0.052949972 246.415140062 0.747420752 0.662020312 -0.055599701 12.595440201 0.076724840 -0.002885349 0.997048130 17.693542748
0.703759093 -0.708485529 -0.052644027 246.656310314 0.706105865 0.705715406 -0.058140113 12.839680666 0.078343130 0.003744377 0.996919422 17.726778110
0.746565978 -0.663222045 -0.052685468 246.940048781 0.660555358 0.748353112 -0.060284643 13.110778516 0.079409438 0.010204796 0.996789849 17.767944215
0.787734147 -0.613303594 -0.057737477 247.309202945 0.610187336 0.789708883 -0.063492484 13.344062827 0.084535967 0.014784521 0.996310739 17.820222988
0.826436630 -0.559713157 -0.061021946 247.718884600 0.556325287 0.828461216 -0.064452992 13.589320944 0.086629503 0.019318262 0.996053279 17.781881465
0.862403934 -0.502795373 -0.058790029 248.166915974 0.499227909 0.863972626 -0.065747977 13.815427288 0.083850754 0.027351691 0.996102874 17.798315180
0.893589493 -0.445659926 -0.053712637 248.625752947 0.442066236 0.894469835 -0.067090666 14.057739181 0.077943955 0.036206971 0.996300053 17.845010381
0.920198358 -0.388266559 -0.049840345 249.111337042 0.384649707 0.920481398 -0.068982601 14.222435408 0.072660748 0.044306602 0.996372089 17.911784807
0.942313339 -0.331101471 -0.049166929 249.632896450 0.327371478 0.942230001 -0.070926307 14.386336173 0.069810360 0.050738956 0.996269076 17.975785446
0.959709537 -0.276155555 -0.051920274 250.138775111 0.272233676 0.959557337 -0.071683629 14.504475252 0.069616312 0.054661015 0.996075169 18.005505181
0.973415015 -0.222086438 -0.056043043 250.729866105 0.217965104 0.973347447 -0.071315929 14.592720046 0.070387653 0.057204568 0.995878113 18.032619801
0.984024089 -0.169127825 -0.055609092 251.309664043 0.165007878 0.983672744 -0.071835460 14.697700909 0.066850523 0.061511885 0.995865099 18.049997717
0.991099987 -0.121615552 -0.054133843 251.959901459 0.117778989 0.990627261 -0.069179037 14.756593246 0.062039707 0.062187514 0.996134423 18.084071560
0.995193224 -0.081503249 -0.054292425 252.615384369 0.077544887 0.994428227 -0.071409322 14.765877441 0.059810012 0.066855974 0.995968394 18.165787256
0.997426368 -0.048268136 -0.053017233 253.251789803 0.044334249 0.996344299 -0.073024052 14.806046882 0.056348153 0.070485635 0.995920007 18.216319045
0.998414990 -0.021897945 -0.051845809 253.910904785 0.017914416 0.996940056 -0.076089417 14.818326498 0.053353366 0.075040027 0.995752184 18.235147812
0.998727669 -0.003238278 -0.050324516 254.661654520 -0.000669884 0.996996092 -0.077448971 14.798962340 0.050424147 0.077384142 0.995725414 18.277023633
0.998737630 0.007578301 -0.049655977 255.376306302 -0.011551518 0.996709979 -0.080223309 14.797380022 0.048884651 0.080695640 0.995539303 18.305258830
0.998624287 0.013944946 -0.050547716 256.142253756 -0.018197600 0.996242625 -0.084672781 14.790351917 0.049177032 0.085476143 0.995125846 18.329069323
0.998541341 0.017118594 -0.051206883 256.910533324 -0.021448061 0.996130322 -0.085231227 14.798620614 0.049549690 0.086205192 0.995044468 18.366614517
0.998480324 0.018591177 -0.051878817 257.673958285 -0.023130568 0.995823649 -0.088318950 14.765946639 0.050020200 0.089384721 0.994740344 18.409398595
0.998452096 0.019058421 -0.052251216 258.514118494 -0.023839168 0.995431393 -0.092455590 14.732885328 0.050250443 0.093558103 0.994344897 18.454144068
0.998547941 0.019390476 -0.050259522 259.429856818 -0.023947396 0.995497484 -0.091713044 14.702637344 0.048254868 0.092783456 0.994516314 18.475682840
0.998669511 0.018589875 -0.048100147 260.299092559 -0.022980150 0.995457346 -0.092393640 14.719807006 0.046164058 0.093376060 0.994560099 18.489706346
0.998803802 0.017884387 -0.045509493 261.187060504 -0.022094486 0.995349916 -0.093757014 14.699352656 0.043621083 0.094650371 0.994554427 18.495925757
0.998793541 0.015964849 -0.046439064 262.092369529 -0.020267289 0.995393790 -0.093704000 14.691816090 0.044729186 0.094532144 0.994516452 18.570680372
0.998763645 0.012666223 -0.048070252 263.007125451 -0.017069979 0.995581576 -0.092336025 14.676153389 0.046688309 0.093042423 0.994566895 18.616594678
0.998454612 0.009448785 -0.054764116 263.982244444 -0.014439919 0.995702885 -0.091472694 14.625629469 0.053664483 0.092122123 0.994300577 18.682895929
0.998248992 0.006804814 -0.058759210 264.900877826 -0.011953109 0.996073867 -0.087715306 14.626441183 0.057931627 0.088264071 0.994411072 18.735161510
0.998224987 0.005062272 -0.059340117 265.886924179 -0.010022150 0.996450088 -0.083586947 14.653433559 0.058706325 0.084033294 0.994732111 18.867071851
0.998508294 0.006045387 -0.054264540 266.921059378 -0.010748207 0.996168112 -0.086796135 14.655778295 0.053531889 0.087249908 0.994747099 18.886197061
0.998950602 0.007007100 -0.045261408 268.097676364 -0.011091767 0.995822343 -0.090635723 14.645323435 0.044437228 0.091042639 0.994855050 18.890479157
0.999081671 0.005362236 -0.042509533 269.134299631 -0.009231681 0.995775245 -0.091358835 14.652186157 0.041840053 0.091667372 0.994910299 18.914130558
0.998820818 0.004231809 -0.048363879 270.207312464 -0.008818241 0.995436683 -0.095016046 14.612526620 0.047741090 0.095330489 0.994300199 19.021423196
0.998462999 0.002959488 -0.055343297 271.366524835 -0.008596905 0.994757059 -0.101904301 14.581342130 0.054751551 0.102223455 0.993253559 19.081010652
0.998187548 0.002478290 -0.060128844 272.470812751 -0.008286858 0.995294006 -0.096546204 14.584478039 0.059606609 0.096869498 0.993510620 19.154372347
0.998233019 0.002032519 -0.059386096 273.537576616 -0.007456631 0.995799338 -0.091258298 14.564361208 0.058951151 0.091539867 0.994054935 19.240514592
0.998570568 0.002166214 -0.053405330 274.711073706 -0.006818673 0.996177238 -0.087088555 14.613080958 0.053012521 0.087328221 0.994768040 19.323222806
0.998961698 0.000047067 -0.045557913 275.896582675 -0.004168969 0.995898144 -0.090385318 14.628297323 0.045366786 0.090481400 0.994864298 19.338421377
0.999176361 0.000797794 -0.040570474 277.093517853 -0.004400419 0.996040853 -0.088787701 14.634557236 0.040339015 0.088893099 0.995223985 19.351296581
0.999159629 0.000413096 -0.040986146 278.301997896 -0.004116277 0.995905298 -0.090308884 14.617076587 0.040781013 0.090401702 0.995070069 19.432803032
0.998948140 -0.000895993 -0.045845506 279.460749659 -0.003141832 0.996121988 -0.087926752 14.576029679 0.045746498 0.087978304 0.995071392 19.525356094
0.998707316 -0.001427207 -0.050810029 280.609287162 -0.002892724 0.996389858 -0.084846231 14.578023820 0.050747691 0.084883531 0.995097713 19.627596230
0.998654120 -0.003672474 -0.051734521 281.816395198 -0.000803097 0.996275362 -0.086225041 14.574353201 0.051858488 0.086150540 0.994931546 19.683575389
0.998756856 -0.003347661 -0.049734661 283.049940520 -0.001036790 0.996131365 -0.087870520 14.575029757 0.049836416 0.087812849 0.994889559 19.737906850
0.998875194 -0.004613304 -0.047191773 284.288411174 0.000483310 0.996194676 -0.087154655 14.614940436 0.047414264 0.087033814 0.995076380 19.773574851
0.998869030 -0.005718434 -0.047201280 285.506009679 0.001454576 0.995951726 -0.089877941 14.626171206 0.047524158 0.089707634 0.994833652 19.839101674
0.998685818 -0.007025280 -0.050766932 286.652301225 0.002195593 0.995515717 -0.094570803 14.612204691 0.051203665 0.094335056 0.994222853 19.944831156
0.998577303 -0.007601558 -0.052778653 287.870976797 0.002545258 0.995453403 -0.095215775 14.569492765 0.053262478 0.094945977 0.994056523 20.048446741
0.998540095 -0.008806115 -0.053292886 289.128783561 0.003561465 0.995207819 -0.097717517 14.598545236 0.053898008 0.097385058 0.993786272 20.099210652
0.998596747 -0.009652144 -0.052070845 290.337785947 0.004575057 0.995297703 -0.096755107 14.655198386 0.052759886 0.096381108 0.993945208 20.164968319
0.998800583 -0.009072890 -0.048115266 291.575574808 0.004224615 0.994986141 -0.099923633 14.693195268 0.048780619 0.099600514 0.993831067 20.221768051
0.998948486 -0.007780489 -0.045181702 292.856100126 0.003660584 0.995884120 -0.090561692 14.673719918 0.045700353 0.090301074 0.994865415 20.293491829
0.998980225 -0.006779583 -0.044637951 294.023492302 0.002698421 0.995859935 -0.090860926 14.685748735 0.045069146 0.090647816 0.994862677 20.343256434
0.999010892 -0.005868084 -0.044077252 295.238849940 0.001842265 0.995865038 -0.090826385 14.663376240 0.044427972 0.090655346 0.994890830 20.414988870
0.998874533 -0.004361921 -0.047229656 296.499973161 0.000022577 0.995805928 -0.091490724 14.676945275 0.047430647 0.091386688 0.994685280 20.522010260
0.998698550 -0.002579826 -0.050936730 297.808881271 -0.002185885 0.995637087 -0.093284577 14.703164285 0.050955156 0.093274514 0.994335676 20.565581249
0.998550243 -0.001693905 -0.053800947 299.063221476 -0.003445700 0.995443237 -0.095293703 14.720027780 0.053717207 0.095340932 0.993994250 20.641528180
0.998642982 -0.000214885 -0.052078296 300.368950124 -0.004743176 0.995460087 -0.095061653 14.687769547 0.051862293 0.095179669 0.994108210 20.712599794
0.998763068 -0.001588910 -0.049697186 301.598651700 -0.003042385 0.995663709 -0.092975926 14.710797991 0.049629415 0.093012119 0.994427306 20.768831817
0.998881958 0.000544325 -0.047270894 302.924057321 -0.004669364 0.996180113 -0.087197364 14.715631680 0.047042861 0.087320599 0.995068883 20.823906508
0.999083460 0.001780698 -0.042767609 304.223915899 -0.005483306 0.996226799 -0.086614655 14.728419386 0.042452004 0.086769777 0.995323482 20.855152953
0.999206704 0.001745541 -0.039785867 305.513401781 -0.005228459 0.996141426 -0.087606638 14.707914191 0.039479429 0.087745158 0.995360318 20.891399389
0.999289580 0.003305713 -0.037542087 306.729109303 -0.006484220 0.996371619 -0.084861952 14.718391083 0.037125341 0.085045095 0.995685212 20.989933993
0.999108328 0.003587559 -0.042067536 307.937973794 -0.006769592 0.997104279 -0.075744503 14.711897378 0.041673983 0.075961743 0.996239476 21.112499261
0.998882854 0.002486401 -0.047189636 309.148605508 -0.005714903 0.997641303 -0.068404463 14.691441358 0.046908249 0.068597730 0.996541002 21.188032560
0.998802951 0.001937635 -0.048876477 310.349202174 -0.005038545 0.997975435 -0.063400672 14.725389401 0.048654676 0.063571045 0.996790572 21.275571566
0.998785817 0.002406319 -0.049204687 311.554396416 -0.005477638 0.998037438 -0.062380035 14.738386901 0.048958014 0.062573819 0.996838818 21.333088580
0.998890209 0.001029983 -0.047088108 312.822656515 -0.004181622 0.997752177 -0.066881289 14.742909991 0.046913375 0.067003970 0.996649188 21.398402747
0.999077646 0.000611154 -0.042935820 314.177685766 -0.003630834 0.997520175 -0.070287386 14.713908205 0.042786390 0.070378449 0.996602327 21.443813985
0.999111007 0.001195012 -0.042139851 315.514413285 -0.004036411 0.997717369 -0.067407410 14.738662546 0.041963109 0.067517579 0.996835229 21.495997416
0.999038255 -0.000251008 -0.043846336 316.730780713 -0.002581899 0.997911697 -0.064541301 14.722729377 0.043770972 0.064592436 0.996951312 21.582869159
0.999095229 -0.001148846 -0.042513570 318.017571849 -0.001457460 0.998123016 -0.061223528 14.731039057 0.042504110 0.061230096 0.997218269 21.633097934
0.999174518 -0.002287218 -0.040559243 319.278680648 -0.000208296 0.998112176 -0.061416940 14.716580082 0.040623148 0.061374689 0.997287776 21.653337533
0.999136526 -0.001322467 -0.041526549 320.499703680 -0.001281966 0.998036111 -0.062628098 14.711552158 0.041527819 0.062627255 0.997172637 21.718498199
0.999262457 -0.002394645 -0.038325032 321.740530172 0.000068622 0.998163429 -0.060578573 14.726741986 0.038399710 0.060531264 0.997427405 21.811108897
0.999099089 -0.001556806 -0.042409743 323.042482258 -0.000914074 0.998305664 -0.058180465 14.722501745 0.042428463 0.058166815 0.997404856 21.878357664
0.998904344 -0.002399784 -0.046737048 324.373051291 -0.000200541 0.998455701 -0.055553343 14.760432093 0.046798188 0.055501848 0.997361256 21.969698142
0.998920381 -0.003254440 -0.046340924 325.737524202 0.000395047 0.998102113 -0.061579348 14.760984644 0.046453380 0.061494559 0.997025828 22.025890938
0.999102154 -0.002177557 -0.042310099 326.944663868 -0.000576323 0.997887243 -0.064967058 14.744975329 0.042362177 0.064933112 0.996990039 22.074446107
0.999267677 -0.002210300 -0.038199792 328.146338211 -0.000385161 0.997698597 -0.067803837 14.749441868 0.038261745 0.067768895 0.996967109 22.156570094
0.999360673 -0.001316752 -0.035728307 329.395072275 -0.001168293 0.997585163 -0.069444067 14.773450043 0.035733470 0.069441411 0.996945841 22.223425065
0.999390721 -0.000853487 -0.034892102 330.672751641 -0.001658781 0.997409837 -0.071908729 14.769360948 0.034863099 0.071922795 0.996800720 22.262941961
0.999308284 -0.000029019 -0.037188063 331.946078762 -0.002682512 0.997338422 -0.072862036 14.761223858 0.037091199 0.072911393 0.996648469 22.343848199
0.999227318 -0.001033972 -0.039289909 333.172168652 -0.001708536 0.997566241 -0.069704200 14.760344379 0.039266359 0.069717469 0.996793673 22.426517046
0.999132129 -0.000294293 -0.041652145 334.459824982 -0.002652811 0.997495358 -0.070682196 14.751366214 0.041568623 0.070731348 0.996628881 22.500174301
0.999158222 -0.001415920 -0.040998086 335.743300695 -0.001680293 0.997152854 -0.075388082 14.758196026 0.040988102 0.075393511 0.996311093 22.533293778
0.999318165 -0.000494263 -0.036918294 337.013667298 -0.002567532 0.996559481 -0.082840857 14.737677361 0.036832221 0.082879162 0.995878724 22.556123477
0.999411444 -0.002725287 -0.034195593 338.280870689 -0.000423601 0.995782790 -0.091741240 14.745059242 0.034301404 0.091701730 0.995195562 22.602737929
0.999432826 -0.005549663 -0.033214864 339.489818007 0.002367610 0.995466341 -0.095085010 14.768303400 0.033591969 0.094952440 0.994914878 22.700464026
0.999297220 -0.005922279 -0.037013403 340.636017847 0.002253712 0.995146297 -0.098380733 14.759897977 0.037416389 0.098228176 0.994460275 22.762126592
0.999229795 -0.006068150 -0.038768478 341.884650487 0.002181552 0.995033427 -0.099517434 14.769683508 0.039179818 0.099356209 0.994280285 22.796053232
0.999230473 -0.006779900 -0.038632822 343.072628215 0.002726090 0.994570095 -0.104033144 14.773885405 0.039128383 0.103847771 0.993823229 22.844756059
0.999340596 -0.007450095 -0.035536883 344.311861804 0.003608944 0.994257610 -0.106952239 14.754912197 0.036129621 0.106753463 0.993628879 22.885473064
0.999478904 -0.008975294 -0.031005877 345.562621386 0.005318993 0.993228876 -0.116052181 14.774157740 0.031837535 0.115826787 0.992759048 22.928527851
0.999614027 -0.008092879 -0.026576350 346.721189509 0.004834932 0.992709048 -0.120438242 14.781001177 0.027357276 0.120263262 0.992365017 23.012154258
0.999565114 -0.009201372 -0.028016385 347.853038386 0.005744744 0.992630094 -0.121047491 14.796661712 0.028923710 0.120833902 0.992251272 23.107251880
0.999503650 -0.009428482 -0.030059237 348.991577755 0.005364824 0.991167614 -0.132506529 14.791631480 0.031043077 0.132279497 0.990726230 23.115863356
0.999390759 -0.011162965 -0.033068092 350.143074787 0.006815481 0.991650094 -0.128777487 14.849127559 0.034229515 0.128473656 0.991122021 23.163113875
0.999267074 -0.012154068 -0.036298682 351.342220826 0.007539526 0.992171145 -0.124657830 14.863827690 0.037529605 0.124292790 0.991535592 23.210354725
0.999328911 -0.009693497 -0.035323697 352.490896863 0.005405370 0.992816290 -0.119526551 14.850892217 0.036228572 0.119255401 0.992202419 23.283554799
0.999360896 -0.007910561 -0.034860028 353.515240536 0.003581348 0.992456818 -0.122542392 14.846553443 0.035566452 0.122339229 0.991850866 23.371606658
0.999395461 -0.007293480 -0.033992901 354.541297426 0.003146521 0.992709960 -0.120486660 14.898728917 0.034623858 0.120306862 0.992132777 23.414616606
0.999363638 -0.003206566 -0.035525153 355.556811565 -0.000969704 0.993140675 -0.116921595 14.832226695 0.035656391 0.116881639 0.992505569 23.515897011
0.999397587 -0.002010650 -0.034647096 356.572597706 -0.002222846 0.992562140 -0.121718759 14.837896974 0.034634130 0.121722449 0.991959738 23.564923519
0.999339721 0.001015597 -0.036319300 357.536541794 -0.005424838 0.992575245 -0.121511131 14.841458542 0.035926232 0.121627926 0.991925377 23.579698185
0.999362476 0.004507687 -0.035416409 358.441356418 -0.008820196 0.992420456 -0.122571783 14.860018476 0.034595454 0.122806020 0.991827523 23.602000263
0.999429601 0.005658773 -0.033293422 359.419704221 -0.009840107 0.991879230 -0.126802074 14.813656108 0.032305509 0.127057357 0.991369145 23.637096721
0.999421430 0.008803738 -0.032852708 360.415347922 -0.012781341 0.992336456 -0.122902379 14.810224825 0.031518940 0.123251173 0.991874843 23.689015878
0.999461130 0.010661807 -0.031044732 361.385015164 -0.014558692 0.991649215 -0.128140077 14.789810309 0.029419279 0.128522997 0.991270067 23.707593810
0.999477556 0.012728490 -0.029708606 362.324905935 -0.016424162 0.991680314 -0.127673030 14.732278627 0.027836355 0.128094267 0.991371271 23.736157151
0.999462747 0.015769957 -0.028731980 363.202176741 -0.019234270 0.992021502 -0.124592865 14.731909035 0.026537918 0.125078566 0.991791859 23.779308585
0.999358969 0.017726183 -0.031103578 363.994081858 -0.021532332 0.991713907 -0.126648667 14.728116382 0.028600853 0.127237214 0.991459874 23.814120619
0.999214313 0.019045485 -0.034756668 364.763090159 -0.023052970 0.992649616 -0.118807831 14.725475199 0.032238440 0.119515730 0.992308759 23.906317134
0.999042959 0.021726703 -0.037962048 365.493659140 -0.026141575 0.992433465 -0.119968481 14.688293461 0.035068288 0.120846054 0.992051635 23.952504061
0.999081655 0.022372766 -0.036541842 366.294561418 -0.026669074 0.992212244 -0.121670144 14.672498951 0.033535165 0.122532946 0.991897711 23.972819613
0.999116039 0.023398246 -0.034923660 367.135453955 -0.027411606 0.992484657 -0.119259419 14.669266594 0.031870736 0.120111312 0.992248723 24.002617628
0.999183981 0.024900993 -0.031801142 367.873220735 -0.028576884 0.992250239 -0.120924870 14.698038411 0.028543542 0.121734971 0.992152137 24.060534732
0.999169132 0.023871775 -0.033033081 368.532644652 -0.027759414 0.992051128 -0.122735384 14.640604651 0.029840593 0.123550386 0.991889531 24.117414815
0.999190150 0.017895796 -0.036038654 369.196308707 -0.022128697 0.992441047 -0.120710770 14.677029235 0.033606024 0.121410501 0.992033329 24.130837978
0.999198958 0.013653563 -0.037616786 369.834503064 -0.018043021 0.992737415 -0.118940634 14.615721528 0.035719628 0.119524078 0.992188542 24.187039720
0.999256855 0.008532453 -0.037589023 370.424089930 -0.012858504 0.993119676 -0.116395737 14.638848684 0.036337257 0.116792576 0.992491359 24.221366440
0.999283695 -0.000846962 -0.037833575 371.015444967 -0.003534023 0.993291987 -0.115579147 14.660228965 0.037677678 0.115630061 0.992577494 24.245695305
0.999269252 -0.012342331 -0.036174982 371.571154960 0.008284583 0.993869819 -0.110245855 14.672367044 0.037313914 0.109865598 0.993245801 24.266063401
0.998921892 -0.028739180 -0.036457002 372.107142393 0.024504732 0.993439554 -0.111702152 14.673402358 0.039428056 0.110688356 0.993072765 24.283176097
0.998163086 -0.049343226 -0.035152527 372.628264153 0.045133907 0.992699079 -0.111854677 14.710963340 0.040415151 0.110062639 0.993102629 24.355356965
0.996425305 -0.076299474 -0.036262966 373.171036732 0.071737970 0.990916218 -0.113748464 14.784865306 0.044612509 0.110740417 0.992847563 24.382929587
0.993048496 -0.111518196 -0.037661340 373.683890325 0.106553691 0.987645350 -0.114904189 14.807819099 0.050009955 0.110092478 0.992662405 24.401080986
0.987048999 -0.157047456 -0.032716501 374.107744357 0.152388589 0.981649539 -0.114638130 14.891147518 0.050119764 0.108167830 0.992868435 24.408309851
0.977730711 -0.207715750 -0.029947003 374.605802372 0.203106224 0.972484900 -0.114109509 15.025158583 0.052825351 0.105485949 0.993016715 24.404655470
0.963708128 -0.265790587 -0.024940078 375.051696354 0.261422843 0.958524409 -0.113529970 15.185096927 0.054080871 0.102889849 0.993221495 24.485704963
0.944456120 -0.328002352 -0.020422897 375.451850159 0.323767014 0.939319840 -0.113371770 15.383337859 0.056369840 0.100462402 0.993342714 24.499147606
0.920013738 -0.391606151 -0.014810268 375.880504140 0.387891222 0.915367036 -0.107905466 15.572622074 0.055813275 0.093529738 0.994050837 24.544704304
0.890385001 -0.455040512 -0.012356482 376.337053412 0.451547173 0.886334271 -0.102551017 15.865669837 0.057616840 0.085730353 0.994650997 24.563511007
0.855630622 -0.517511323 -0.008847066 376.736278291 0.514342674 0.852054063 -0.097239329 16.106100979 0.057860632 0.078650524 0.995221705 24.560295214
0.816916417 -0.576710079 -0.007283730 377.109777111 0.573689020 0.813808106 -0.092721489 16.469224330 0.059400975 0.071567111 0.995665442 24.609453363
0.771911526 -0.635710090 -0.005027632 377.434331467 0.632601154 0.768872111 -0.093013208 16.773227108 0.062995041 0.068617481 0.995652181 24.647256746
0.720384022 -0.693562494 -0.004234240 377.733918107 0.690365706 0.717623534 -0.091715079 17.075151334 0.066648729 0.063146903 0.995776288 24.690575356
0.663768419 -0.747914283 -0.005975951 378.036653852 0.744661776 0.661586694 -0.088214997 17.484990399 0.069930866 0.054104267 0.996083532 24.749130500
0.602930267 -0.797773371 -0.005722047 378.291914991 0.794716173 0.601218240 -0.083443582 17.938366106 0.070009267 0.045763258 0.996496075 24.777368431
0.536710357 -0.843760916 -0.003083663 378.491299383 0.840743595 0.535093000 -0.082617726 18.338870890 0.071359655 0.041749219 0.996576541 24.742490792
0.465551101 -0.885018600 0.002061526 378.790569523 0.881760082 0.463634713 -0.086844752 18.816103871 0.075903426 0.042248442 0.996219724 24.824588212
0.390957626 -0.920397284 0.004579789 378.957883958 0.916697751 0.388930166 -0.091643656 19.275203117 0.082567354 0.040027068 0.995781334 24.895531369
0.314968356 -0.949093756 0.003997212 379.008933784 0.944732986 0.313111973 -0.097162120 19.716496673 0.090964387 0.034379291 0.995260541 24.958720422
0.239153796 -0.970981698 -0.000056709 379.143154408 0.965942213 0.237918507 -0.101737042 20.224372193 0.098798298 0.024276022 0.994811324 25.010306770
0.167310028 -0.985904161 -0.000583015 379.258427401 0.980359305 0.166431626 -0.105811847 20.725475772 0.104417372 0.017131819 0.994385998 25.047434236
0.101116224 -0.994870907 -0.002718026 379.337538243 0.989525124 0.100855077 -0.103287379 21.343351492 0.103031735 0.007754475 0.994647842 25.119237018
0.044672490 -0.998979640 -0.006636813 379.301679801 0.994437189 0.045101742 -0.095186714 21.927553192 0.095388922 -0.002347666 0.995437312 25.199308579
-0.002927817 -0.999932617 -0.011233384 379.253467105 0.996152553 -0.001932472 -0.087614818 22.420610605 0.087587206 -0.011446684 0.996091088 25.232018445
-0.041483192 -0.999029240 -0.014823004 379.196856105 0.995580938 -0.040079945 -0.084924632 23.019557715 0.084248085 -0.018280445 0.996277113 25.310349723
-0.071672064 -0.997235550 -0.019605449 379.146841485 0.993758593 -0.069710035 -0.087088293 23.597380274 0.085480846 -0.025724881 0.996007658 25.378733902
-0.094028640 -0.995274060 -0.024252008 379.087608248 0.991870296 -0.091553464 -0.088381445 24.231610987 0.085743404 -0.032365234 0.995791424 25.454230576
-0.107664056 -0.993827192 -0.026757481 379.018978438 0.990934707 -0.105097644 -0.083683282 24.823092178 0.080354573 -0.035524598 0.996133096 25.491725352
-0.116225305 -0.992743370 -0.030859018 378.934108746 0.990409474 -0.113503261 -0.078778698 25.432848303 0.074704431 -0.039719142 0.996414391 25.509982233
-0.119039495 -0.992366479 -0.032223752 378.855968750 0.990204568 -0.116269911 -0.077306028 26.124980249 0.072969258 -0.041110577 0.996486532 25.561397120
-0.119050962 -0.992426712 -0.030266960 378.763302197 0.989892849 -0.116270596 -0.081199108 26.808133851 0.077065006 -0.039627879 0.996238233 25.664604201
-0.119912507 -0.992383149 -0.028225458 378.642252722 0.988972196 -0.116914627 -0.090911855 27.415211185 0.086919424 -0.038815662 0.995458868 25.727677182
-0.119146209 -0.992517049 -0.026722425 378.586442352 0.988206963 -0.115935620 -0.100029643 28.101649748 0.096183045 -0.038325439 0.994625549 25.737868396
-0.118543844 -0.992585754 -0.026849169 378.515780570 0.988058081 -0.115236382 -0.102282967 28.830926135 0.098430615 -0.038653555 0.994392939 25.745364673
-0.116774514 -0.992919687 -0.021776315 378.418519801 0.988623964 -0.114120551 -0.097975292 29.524732877 0.094796472 -0.032969604 0.994950569 25.831247400
-0.112928259 -0.993426370 -0.018741815 378.348931179 0.989286993 -0.110661463 -0.095211796 30.279889494 0.092511912 -0.029293137 0.995280593 25.902377075
-0.109068234 -0.993813325 -0.020956998 378.258968248 0.989853867 -0.106653912 -0.093884319 31.081178590 0.091068341 -0.030984163 0.995362516 26.030262441
-0.103731495 -0.994327637 -0.023501632 378.142944223 0.990458672 -0.101114754 -0.093634528 31.774989891 0.090727038 -0.032990244 0.995329216 26.101617646
-0.095396581 -0.994973856 -0.030438765 378.068359070 0.991163775 -0.092111353 -0.095445633 32.655378143 0.092162154 -0.039274988 0.994969152 26.146456575
-0.086340205 -0.995457096 -0.040131518 377.986008025 0.991889796 -0.082119869 -0.097010104 33.555676167 0.093273802 -0.048181916 0.994473982 26.200616849
-0.074371236 -0.996551689 -0.036791982 377.878296839 0.993009334 -0.070614928 -0.094583263 34.436216468 0.091659048 -0.043569055 0.994836849 26.331170004
-0.064876274 -0.996972685 -0.042854817 377.829330772 0.993934925 -0.060737962 -0.091674776 35.251884545 0.088794334 -0.048542418 0.994866423 26.379876862
-0.054773882 -0.997298521 -0.048943652 377.791906093 0.994763488 -0.050267479 -0.088987545 36.110025550 0.086286873 -0.053561551 0.994829501 26.424170945
-0.043810993 -0.997798317 -0.049790720 377.735296825 0.995330794 -0.039303510 -0.088158068 36.948723318 0.086007022 -0.053420529 0.994861317 26.545738175
-0.036159774 -0.997921295 -0.053343784 377.677243349 0.995381664 -0.031215129 -0.090779731 37.895407590 0.088925893 -0.056379999 0.994441291 26.622931614
-0.028785763 -0.998039958 -0.055566379 377.651661461 0.995553743 -0.023637494 -0.091181214 38.856611587 0.089689045 -0.057944037 0.994282839 26.676930761
-0.023692301 -0.998355847 -0.052194604 377.620037394 0.995933389 -0.019031004 -0.088059670 39.839747315 0.086921571 -0.054068685 0.994746811 26.772137025
-0.021998015 -0.998581127 -0.048495577 377.567685611 0.996412867 -0.017933825 -0.082702942 40.852630930 0.081715886 -0.050140918 0.995393592 26.849483421
-0.020296137 -0.998873545 -0.042891825 377.543292161 0.996638579 -0.016807723 -0.080181313 41.857588895 0.079370079 -0.044375018 0.995857042 26.919393347
-0.017999564 -0.998718161 -0.047308032 377.565139512 0.996737820 -0.014200496 -0.079448501 42.797804889 0.078674863 -0.048583743 0.995715766 26.980586958
-0.015482142 -0.998739298 -0.047750573 377.574448887 0.996644101 -0.011575347 -0.081034237 43.723628681 0.080379348 -0.048844911 0.995566841 27.130493944
-0.014673039 -0.998550256 -0.051788878 377.534060205 0.996481511 -0.010328899 -0.083173990 44.835001457 0.082518487 -0.052827074 0.995188424 27.220351603
-0.013172193 -0.998282485 -0.057083917 377.476371749 0.996257495 -0.008225368 -0.086042707 45.932298142 0.085425391 -0.058003651 0.994654754 27.287393143
-0.012816970 -0.998368097 -0.055649510 377.418794413 0.996121909 -0.007903705 -0.087628044 46.929108481 0.087045207 -0.056556822 0.994597636 27.386669880
-0.010220838 -0.998424033 -0.055181387 377.403761569 0.996171303 -0.005375196 -0.087257336 47.932354570 0.086823210 -0.055861957 0.994656308 27.531334979
-0.010493440 -0.998252405 -0.058155173 377.404806835 0.996250236 -0.005442062 -0.086347267 49.024584445 0.085879883 -0.058843185 0.994566300 27.610658162
-0.005551868 -0.998236715 -0.059098545 377.424302875 0.996326658 -0.000471534 -0.085632750 50.086067805 0.085453888 -0.059356877 0.994572468 27.702613515
-0.004940117 -0.998136050 -0.060827790 377.396061379 0.996556602 0.000120664 -0.082915161 51.105356549 0.082767951 -0.061027946 0.994698475 27.792494952
-0.002961220 -0.998131508 -0.061030512 377.386355303 0.996555173 0.002112695 -0.082905515 52.165463475 0.082879546 -0.061065774 0.994686861 27.869227071
-0.000748118 -0.998017618 -0.062930711 377.400776341 0.996626856 0.004420175 -0.081947376 53.257513383 0.082063090 -0.062779743 0.994647854 27.952119311
-0.002836048 -0.997876418 -0.065073896 377.388837310 0.996508398 0.002609930 -0.083451785 54.321931999 0.083444406 -0.065083358 0.994384829 28.048684896
-0.003049388 -0.997637353 -0.068632451 377.345142772 0.996468886 0.002727358 -0.083918532 55.409472838 0.083907448 -0.068646002 0.994106265 28.176012229
-0.003108078 -0.997180544 -0.074975352 377.348800254 0.996603730 0.003080827 -0.082289210 56.518132436 0.082288185 -0.074976477 0.993784274 28.244544506
-0.003854087 -0.997072289 -0.076367514 377.382748402 0.996872572 0.002197068 -0.078995238 57.633493465 0.078931747 -0.076433134 0.993945549 28.335433964
-0.004564763 -0.997544627 -0.069884764 377.341478990 0.996866928 0.000979191 -0.079090885 58.729676112 0.078965118 -0.070026841 0.994414779 28.442336010
-0.006669993 -0.997907407 -0.064314220 377.292191894 0.996940279 -0.001626828 -0.078150069 59.735401657 0.077881904 -0.064638697 0.994864939 28.557472311
-0.008350075 -0.997578323 -0.069049013 377.366437249 0.996664916 -0.002697233 -0.081558388 60.817931175 0.081174639 -0.069499747 0.994273837 28.697396751
-0.009474727 -0.996829137 -0.079005708 377.359784108 0.996383882 -0.002739873 -0.084921451 61.829167567 0.084435711 -0.079524622 0.993250444 28.806291870
-0.010329776 -0.997740747 -0.066382965 377.284069408 0.996553462 -0.004807627 -0.082813546 62.925741461 0.082307304 -0.067009619 0.994351657 28.896091875
-0.010617645 -0.998732100 -0.049208312 377.373542869 0.996714652 -0.006618945 -0.080722318 64.120955058 0.080294263 -0.049903727 0.995521195 29.044558961
-0.012412966 -0.999340882 -0.034113334 377.332281839 0.996747755 -0.009649719 -0.080004977 65.184971443 0.079623060 -0.034995488 0.996210562 29.236012393
-0.013189228 -0.999121725 -0.039772141 377.226591743 0.996619207 -0.009909544 -0.081559529 66.341045983 0.081093774 -0.040713386 0.995874601 29.277843541
-0.012133151 -0.999021654 -0.042526704 377.215397474 0.996636415 -0.008635112 -0.081494113 67.349550669 0.081047161 -0.043372442 0.995766132 29.368733782
-0.012668821 -0.999498811 -0.029010816 377.144412912 0.996800768 -0.010334203 -0.079255491 68.381054336 0.078915966 -0.029922077 0.996432105 29.497712511
-0.009032882 -0.999648090 -0.024941997 377.104643106 0.996995054 -0.007084190 -0.077140622 69.460088690 0.076936782 -0.025563849 0.996708193 29.606232238
-0.005564361 -0.999691577 -0.024203079 377.090414835 0.997128784 -0.003718979 -0.075633039 70.546288683 0.075519702 -0.024554436 0.996841940 29.700822300
-0.002651275 -0.999624758 -0.027263774 377.113596406 0.997201709 -0.000605967 -0.074755501 71.609028603 0.074710929 -0.027385680 0.996829124 29.808724333
0.000143366 -0.999495017 -0.031775642 377.092452893 0.996995728 0.002604091 -0.077412772 72.699089098 0.077456426 -0.031669080 0.996492635 29.977635452
0.003203443 -0.999505421 -0.031283413 377.092976173 0.996744031 0.005711909 -0.080428297 73.738710901 0.080567207 -0.030923908 0.996269360 30.002387150
0.008298797 -0.999451980 -0.032044803 377.106739600 0.996699830 0.010855246 -0.080446337 74.775396226 0.080750105 -0.031271441 0.996243704 30.082097440
0.011035555 -0.999465839 -0.030761227 377.094690680 0.996743483 0.013452555 -0.079507592 75.791906174 0.079878939 -0.029783642 0.996359518 30.189194383
0.016302698 -0.999325927 -0.032892458 377.124745837 0.996986313 0.018742332 -0.075279593 76.802100740 0.075845330 -0.031566070 0.996619822 30.277901159
0.019900407 -0.999301666 -0.031625211 377.129177318 0.997138970 0.022144607 -0.072273720 77.875046810 0.072923577 -0.030096454 0.996883321 30.340082456
0.024473285 -0.999243463 -0.030225169 377.085587984 0.997180941 0.026545636 -0.070181900 78.903949339 0.070931151 -0.028422381 0.997076196 30.430869818
0.030061098 -0.999095880 -0.030062483 377.130881721 0.996954772 0.032134642 -0.071053129 79.962194921 0.071954935 -0.027835000 0.997019408 30.520590336
0.031830050 -0.999086749 -0.028504664 377.114066822 0.996647522 0.033877075 -0.074471884 80.942416914 0.075369527 -0.026038659 0.996815641 30.638338721
0.032507733 -0.999125094 -0.026311480 377.118169600 0.996408209 0.034456382 -0.077352690 81.857760066 0.078191612 -0.023702414 0.996656544 30.708328524
0.033344004 -0.999094772 -0.026416152 377.244023465 0.996393606 0.035294049 -0.077162891 82.830497117 0.078025374 -0.023747965 0.996668488 30.809395395
0.035507610 -0.999049100 -0.025300298 377.276714037 0.996233823 0.037388729 -0.078232046 83.752200185 0.079103601 -0.022427180 0.996614089 30.929422427
0.035518497 -0.999051273 -0.025199027 377.298615816 0.996131480 0.037420164 -0.079509783 84.668904724 0.080377302 -0.022277476 0.996515531 31.016357042
0.035228319 -0.999132179 -0.022222845 377.366118955 0.996052240 0.036915313 -0.080729144 85.568736531 0.081479449 -0.019291163 0.996488309 31.093803094
0.037397193 -0.999093803 -0.020322980 377.441624463 0.996060459 0.038904595 -0.079686853 86.471468117 0.080405298 -0.017262852 0.996612754 31.122309844
0.034550350 -0.999277057 -0.015863086 377.439827148 0.996030665 0.035732259 -0.081523738 87.294346217 0.082031625 -0.012983447 0.996545153 31.214385021
0.030250643 -0.999469673 -0.012052869 377.449643635 0.996129923 0.031140728 -0.082191435 88.153680508 0.082523182 -0.009519879 0.996543675 31.307933957
0.023681421 -0.999643929 -0.012296559 377.470791686 0.996341731 0.024609881 -0.081838311 88.999744017 0.082111788 -0.010313527 0.996569759 31.383807773
0.012868410 -0.999858684 -0.010817382 377.512892985 0.996630310 0.013701808 -0.080872038 89.861120279 0.081008827 -0.009740236 0.996665790 31.445377469
0.000779982 -0.999960815 -0.008818124 377.459195684 0.996758771 0.001486795 -0.080434702 90.787267896 0.080444661 -0.008726805 0.996720873 31.544304574
-0.010585262 -0.999836031 -0.014692303 377.490791850 0.996657248 -0.009359004 -0.081158724 91.627424212 0.081007912 -0.015502277 0.996592895 31.601786019
-0.021746845 -0.999644796 -0.015406350 377.499333291 0.996003642 -0.020327288 -0.086968654 92.488655661 0.086624593 -0.017236074 0.996091912 31.716791535
-0.036101271 -0.999213994 -0.016373510 377.439642132 0.995110859 -0.034436198 -0.092566338 93.398643214 0.091929738 -0.019635220 0.995571887 31.816124929
-0.047386772 -0.998612917 -0.022950731 377.357496213 0.994406999 -0.044991116 -0.095553751 94.239327439 0.094388631 -0.027350351 0.995159658 31.873038769
-0.054171302 -0.998205500 -0.025519603 377.360531372 0.993792619 -0.051409596 -0.098657409 95.150552455 0.097168416 -0.030705593 0.994794182 31.949776313
-0.062107665 -0.997674030 -0.028092119 377.239939529 0.993437027 -0.059086224 -0.097937180 96.061694459 0.096049524 -0.033990401 0.994796030 32.068845608
-0.065560021 -0.997452440 -0.028116058 377.122700630 0.993238418 -0.062525820 -0.097815985 96.914233721 0.095808813 -0.034338767 0.994807278 32.165593838
-0.066353463 -0.997266252 -0.032515245 377.134155537 0.993043459 -0.062825514 -0.099587364 97.854471625 0.097272330 -0.038897017 0.994497419 32.224294656
-0.066322549 -0.997158814 -0.035715814 376.985534666 0.992671271 -0.062315525 -0.103539963 98.747204109 0.101020137 -0.042321097 0.993983831 32.235354215
-0.063759763 -0.997364614 -0.034619634 376.984457382 0.992903898 -0.059908838 -0.102726727 99.598819116 0.100381980 -0.040923802 0.994106986 32.380455682
-0.061144003 -0.997468378 -0.036307643 376.915542713 0.993404573 -0.057279306 -0.099329928 100.460643615 0.096998786 -0.042141608 0.994391935 32.489945959
-0.059614280 -0.997477295 -0.038538073 376.773251928 0.994311443 -0.055922766 -0.090649863 101.393465679 0.088266024 -0.043722874 0.995136885 32.600439015
-0.056369048 -0.997653268 -0.038864993 376.776352984 0.995412686 -0.053143179 -0.079557443 102.371907442 0.077305333 -0.043171284 0.996072350 32.579570882
-0.051886943 -0.997674229 -0.044202702 376.747527070 0.996307984 -0.048682879 -0.070713354 103.317714552 0.068396976 -0.047708605 0.996516805 32.692682329
-0.044993369 -0.997775087 -0.049198303 376.628552190 0.996232883 -0.041160272 -0.076327423 104.314826123 0.074132585 -0.052447195 0.995868290 32.780264535
-0.037411387 -0.997910271 -0.052682821 376.580030882 0.995827812 -0.032838578 -0.085138687 105.297179884 0.083230741 -0.055648175 0.994975339 32.878507509
-0.032133824 -0.998114758 -0.052290991 376.557858233 0.995887464 -0.027540274 -0.086311596 106.331200417 0.084708770 -0.054849465 0.994894950 32.951713119
-0.025760655 -0.998398622 -0.050364480 376.543479852 0.996581484 -0.021692430 -0.079716897 107.411851167 0.078496712 -0.052245867 0.995544392 32.963667154
-0.020114925 -0.998682186 -0.047215266 376.493346857 0.997066366 -0.016549261 -0.074731407 108.461967696 0.073851548 -0.048579970 0.996085305 33.094177908
-0.016552269 -0.998754278 -0.047073493 376.470002157 0.996670199 -0.012721707 -0.080539887 109.463761603 0.079840701 -0.048249865 0.995639198 33.224103260
-0.013725161 -0.998778935 -0.047457976 376.399703547 0.995889814 -0.009405055 -0.090083419 110.503673027 0.089527076 -0.048499325 0.994802854 33.361375278
-0.009307858 -0.998632630 -0.051441562 376.396238006 0.995903632 -0.004630768 -0.090302332 111.637549319 0.089940642 -0.052071360 0.994584966 33.415041967
-0.005216500 -0.998512690 -0.054269655 376.398305378 0.996443609 -0.000626120 -0.084259971 112.721821016 0.084100671 -0.054516193 0.994964855 33.436595357
-0.000451638 -0.998326544 -0.057826523 376.329687251 0.996249500 0.004554301 -0.086407131 113.815279207 0.086525891 -0.057648669 0.994580264 33.530379917
0.004240333 -0.998567312 -0.053341762 376.366086197 0.995329956 0.009358828 -0.096076483 114.909878407 0.096438051 -0.052685258 0.993943643 33.734143797
0.010689696 -0.998690334 -0.050033455 376.349102193 0.994225174 0.015958456 -0.106120829 116.069899656 0.106780303 -0.048610122 0.993093663 33.901260411
0.016980086 -0.998801459 -0.045905570 376.360153998 0.994476525 0.021627037 -0.102706924 117.225447327 0.103576627 -0.043908039 0.993651834 34.002306425
0.023421951 -0.999052086 -0.036692535 376.437117785 0.995508656 0.026674999 -0.090834794 118.497359354 0.091727464 -0.034400208 0.995189780 34.129834746
0.029216440 -0.998687895 -0.042058143 376.391375749 0.995995464 0.032642834 -0.083231485 119.643663519 0.084495174 -0.039457992 0.995642322 34.112908097
0.036491779 -0.998495942 -0.040917032 376.494401079 0.995714607 0.039810690 -0.083471740 120.861800747 0.084975129 -0.037695654 0.995669757 34.224761990
0.043063973 -0.997989632 -0.046499340 376.558821182 0.995299115 0.046896047 -0.084737435 122.170196377 0.086747717 -0.042631622 0.995317727 34.381399049
0.041743141 -0.998197475 -0.043119738 376.568412239 0.995232836 0.045348964 -0.086342767 123.390159000 0.088142568 -0.039309961 0.995331912 34.448156249
0.043462496 -0.998232345 -0.040536352 376.631776330 0.995101497 0.046860969 -0.087046310 124.374634163 0.088792015 -0.036554535 0.995379196 34.604898795
0.045557436 -0.998209312 -0.038764550 376.669953113 0.995241516 0.048699431 -0.084396027 125.480878798 0.086132711 -0.034735223 0.995677970 34.780694362
0.046314490 -0.998155146 -0.039259041 376.690202850 0.995441501 0.049397445 -0.081584984 126.705030033 0.083373768 -0.035301511 0.995892875 34.876288536
0.041631672 -0.998294595 -0.040923162 376.721756359 0.995502109 0.044934261 -0.083405414 127.923177135 0.085102026 -0.037266787 0.995675063 34.954739398
0.037961553 -0.998749236 -0.032540492 376.828812957 0.995155073 0.040740300 -0.089479651 129.133989600 0.090693443 -0.028986049 0.995456934 35.092648476
0.034224280 -0.999010807 -0.028392020 376.906784460 0.994852876 0.036765405 -0.094424892 130.259306393 0.095375332 -0.025014259 0.995127044 35.203341664
0.029525291 -0.999385472 -0.018892718 377.026734007 0.995058914 0.031179457 -0.094263456 131.472558736 0.094794593 -0.016016212 0.995368005 35.353824713
0.020489197 -0.999363370 -0.029206976 377.007282253 0.995774874 0.023013706 -0.088897522 132.648370917 0.089513088 -0.027262134 0.995612466 35.450176526
0.016782813 -0.999378693 -0.030992992 377.031720407 0.996040192 0.019417302 -0.086757729 133.938247561 0.087305626 -0.029414227 0.995747222 35.611337030
0.009764315 -0.999583282 -0.027164705 377.028300369 0.996108060 0.012102985 -0.087305504 135.004068328 0.087597896 -0.026206503 0.995811141 35.712747229
0.006623162 -0.999526181 -0.030059047 376.955686283 0.995833613 0.009326663 -0.090710685 136.134655023 0.090948055 -0.029333018 0.995423541 35.846012987
0.005284349 -0.999363391 -0.035282962 376.962537045 0.995574670 0.008568282 -0.093582377 137.333307744 0.093825116 -0.034632301 0.994986156 35.948764549
0.002125445 -0.999333454 -0.036443528 376.916102070 0.995659511 0.005505771 -0.092907617 138.457492199 0.093046340 -0.036087875 0.995007560 36.061344316
-0.001599737 -0.999249762 -0.038695670 377.005755905 0.996322005 0.001722530 -0.085670859 139.664198646 0.085673240 -0.038690398 0.995571770 36.145679111
-0.003378722 -0.999029411 -0.043918347 376.982266475 0.996841503 0.000119914 -0.079416639 140.756237083 0.079344825 -0.044047958 0.995873574 36.259454289
-0.005401392 -0.999345214 -0.035776632 377.007595427 0.997024998 -0.002631030 -0.077033957 141.860894858 0.076889387 -0.036086287 0.996386372 36.418395092
-0.004496922 -0.999382319 -0.034853382 376.993970018 0.996850220 -0.001720345 -0.079288583 142.919195172 0.079179648 -0.035100156 0.996242221 36.528361034
-0.006622282 -0.999305018 -0.036682775 376.957222576 0.996245892 -0.003426715 -0.086500758 144.011278834 0.086314940 -0.037117897 0.995576212 36.679129366
-0.004136201 -0.999137051 -0.041328491 376.939966103 0.996124254 -0.000485506 -0.087955865 145.184113098 0.087859898 -0.041532116 0.995266659 36.774387889
-0.004956802 -0.999376051 -0.034970530 376.927335905 0.996407973 -0.001979644 -0.084659513 146.348010491 0.084537460 -0.035264556 0.995796078 36.851190859
-0.007521518 -0.999376501 -0.034496891 376.918289226 0.996701445 -0.004704734 -0.081019101 147.544788650 0.080806287 -0.034992488 0.996115390 36.900026234
-0.010009167 -0.999396203 -0.033272296 376.898201494 0.996990430 -0.007415924 -0.077169208 148.695530085 0.076875869 -0.033944560 0.996462677 37.018956027
-0.012639867 -0.999190248 -0.038197920 376.902476262 0.997045254 -0.009699633 -0.076201570 149.788810350 0.075769360 -0.039048233 0.996360497 37.161910877
-0.015773045 -0.998944273 -0.043145689 376.899241819 0.997012613 -0.012450121 -0.076228891 150.909062258 0.075611245 -0.044219158 0.996156416 37.240007663
-0.016329314 -0.998672020 -0.048862560 376.884670036 0.996913511 -0.012508443 -0.077504772 151.942646498 0.076790653 -0.049977346 0.995793885 37.310594142
-0.018848722 -0.998503237 -0.051342100 376.777722190 0.996653827 -0.014679236 -0.080409379 153.088536846 0.079535362 -0.052685915 0.995438758 37.467964875
-0.022582313 -0.998414335 -0.051564085 376.741445050 0.996300488 -0.018196789 -0.083989367 154.165228974 0.082917888 -0.053269997 0.995131615 37.557959150
-0.023877410 -0.998662184 -0.045866238 376.798818546 0.996196303 -0.019922435 -0.084829377 155.298500075 0.083802124 -0.047717283 0.995339271 37.676405911
-0.024859486 -0.998760932 -0.043111562 376.728159529 0.996491632 -0.021309477 -0.080934127 156.327356273 0.079915159 -0.044972291 0.995786654 37.720039139
-0.027510811 -0.998262774 -0.052101730 376.671953104 0.996789081 -0.023474677 -0.076553693 157.539164032 0.075197631 -0.054040489 0.995703240 37.803371088
-0.028682381 -0.997836463 -0.059158382 376.637452912 0.996994556 -0.024296877 -0.073563009 158.721255676 0.071966488 -0.061090547 0.995534414 37.932572614
-0.027352257 -0.997889969 -0.058885182 376.605460317 0.997006824 -0.022971836 -0.073822005 159.767468456 0.072313537 -0.060728126 0.995531439 38.058013787
-0.028331627 -0.998174945 -0.053330091 376.482699527 0.996747465 -0.024183911 -0.076874115 160.858262009 0.075444086 -0.055334602 0.995613515 38.134278772
-0.029085232 -0.997915095 -0.057615214 376.438900797 0.996690635 -0.024575948 -0.077484194 161.973161888 0.075906698 -0.059678190 0.995327427 38.225166580
-0.028150791 -0.997885281 -0.058587536 376.420468948 0.996803701 -0.023639866 -0.076312111 163.074443270 0.074765731 -0.060548519 0.995361222 38.324026566
-0.029169478 -0.997940405 -0.057132211 376.390197222 0.996651274 -0.024668601 -0.077959594 164.112480936 0.076389657 -0.059214931 0.995318146 38.446727629
-0.030422819 -0.997851343 -0.058027148 376.339845017 0.996081761 -0.025443500 -0.084698014 165.213587887 0.083039613 -0.060376536 0.994715586 38.502866030
-0.030579052 -0.998120061 -0.053115580 376.316671131 0.995841075 -0.025860306 -0.087360157 166.216005897 0.085822340 -0.055566067 0.994759739 38.616129021
-0.031157090 -0.998264690 -0.049968436 376.276780398 0.996051868 -0.026852622 -0.084614495 167.342292554 0.083125879 -0.052407495 0.995160059 38.683335457
-0.030524087 -0.998222335 -0.051190329 376.304848899 0.996413666 -0.026345247 -0.080409794 168.408636669 0.078918230 -0.053461179 0.995446541 38.777911440
-0.027267367 -0.998311474 -0.051290273 376.244995967 0.996226877 -0.022909724 -0.083708744 169.483818261 0.082392354 -0.053379265 0.995169410 38.896139532
-0.024627074 -0.998548333 -0.047903385 376.217167943 0.995890434 -0.020327640 -0.088255484 170.453301487 0.087153604 -0.049879997 0.994945343 38.986950355
-0.020097127 -0.998561070 -0.049718147 376.196643691 0.995725061 -0.015506401 -0.091055779 171.572066874 0.090153807 -0.051335564 0.994603917 39.118350810
-0.016815524 -0.998540664 -0.051320371 376.131362186 0.995787165 -0.012097666 -0.090893166 172.627294769 0.090139666 -0.052632583 0.994537406 39.270611782
-0.013638924 -0.998471599 -0.053557881 376.081408713 0.996269997 -0.009005502 -0.085819543 173.673890011 0.085206061 -0.054528596 0.994870122 39.356566810
-0.008341435 -0.998710130 -0.050084899 376.060198420 0.996202057 -0.003958398 -0.086981564 174.764704407 0.086671113 -0.050620230 0.994950105 39.468941704
-0.003312895 -0.998849390 -0.047842672 376.136463458 0.996084438 0.000930539 -0.088402077 175.919648211 0.088344880 -0.047948208 0.994935250 39.575614956
-0.001626033 -0.998990114 -0.044901098 376.143042912 0.995940445 0.002423306 -0.089981986 177.005222456 0.089999923 -0.044865133 0.994930718 39.665313896
0.004625372 -0.999053120 -0.043260481 376.102259490 0.995595084 0.008651869 -0.093357235 178.136071725 0.093643121 -0.042638111 0.994692393 39.815801860
0.009713217 -0.999209348 -0.038552975 376.104307880 0.995389366 0.013340911 -0.094984369 179.126747058 0.095423601 -0.037452618 0.994731943 39.882527381
0.012126211 -0.999318243 -0.034871265 376.061575653 0.995705576 0.015268595 -0.091308687 180.181438813 0.091778872 -0.033614285 0.995211896 40.002736598
0.015619664 -0.999486390 -0.027981814 376.054192205 0.996156726 0.017967630 -0.085725972 181.218822849 0.086184709 -0.026535261 0.995925738 40.073536949
0.018892243 -0.999455344 -0.027057334 376.121866144 0.996270187 0.021097149 -0.083669736 182.280968762 0.084194998 -0.025375706 0.996126135 40.118842934
0.020860513 -0.999510042 -0.023334864 376.133459645 0.996180105 0.022759208 -0.084304314 183.416681739 0.084794091 -0.021487096 0.996166787 40.196705831
0.021214115 -0.999441838 -0.025806476 376.158176807 0.996137542 0.023329731 -0.084650581 184.530810237 0.085205391 -0.023911012 0.996076455 40.321346465
0.023426161 -0.999271694 -0.030121366 376.245480313 0.996019196 0.025920746 -0.085287026 185.615096145 0.086005679 -0.028003511 0.995901012 40.450939484
0.027287343 -0.998977906 -0.036035332 376.249544644 0.996132625 0.030186093 -0.082514205 186.734320123 0.083517634 -0.033644377 0.995938181 40.518201377
0.030776353 -0.998721165 -0.040110482 376.195155232 0.995844831 0.034079353 -0.084449223 187.801507663 0.085708165 -0.037344777 0.995620147 40.569012084
0.035040799 -0.998370732 -0.045033590 376.254318944 0.995686727 0.038749111 -0.084299749 188.901933559 0.085907414 -0.041885417 0.995422286 40.690423583
0.036025497 -0.998212471 -0.047686743 376.220620876 0.995709588 0.039923087 -0.083477927 190.163298852 0.085232509 -0.044474813 0.995367977 40.802393361
0.038003069 -0.998191378 -0.046580468 376.305583998 0.995452815 0.041890996 -0.085550201 191.384580449 0.087346775 -0.043117488 0.995244404 40.883865231
0.042182399 -0.998056515 -0.045867611 376.365113366 0.995316273 0.045974771 -0.085040212 192.494993376 0.086983690 -0.042065580 0.995321217 40.954200122
0.045924252 -0.998027151 -0.042810847 376.423627288 0.995305273 0.049369914 -0.083246777 193.584559374 0.085196112 -0.038786816 0.995608962 41.032307502
0.048173038 -0.997758287 -0.046451692 376.434400128 0.995317507 0.051852962 -0.081574086 194.713981422 0.083799878 -0.042304510 0.995584205 41.149126102
0.051448318 -0.997682160 -0.044535128 376.475017637 0.995169436 0.054950214 -0.081352738 195.852234464 0.083611390 -0.040134536 0.995689889 41.227316853
0.052852282 -0.997659251 -0.043389584 376.541719336 0.995038038 0.056281747 -0.082046746 196.967874053 0.084296737 -0.038837929 0.995683522 41.351614973
0.054432745 -0.997675374 -0.040999084 376.579878374 0.995012627 0.057633157 -0.081414322 198.114729901 0.083587971 -0.036363001 0.995836725 41.495566283
0.056886372 -0.997523496 -0.041361999 376.661916398 0.994989381 0.060056277 -0.079933564 199.194469547 0.082219656 -0.036607619 0.995941670 41.587215383
0.058795621 -0.997520094 -0.038687694 376.738273605 0.994939066 0.061718702 -0.079290965 200.357349921 0.081482085 -0.033829936 0.996100500 41.669959360
0.060112833 -0.997571433 -0.035180712 376.770500198 0.994800252 0.062774167 -0.080198900 201.523398342 0.082212571 -0.030176798 0.996157846 41.797088901
0.060093785 -0.997561894 -0.035482469 376.853069233 0.994831749 0.062768166 -0.079811956 202.614273461 0.081844536 -0.030502884 0.996178220 41.891704477
0.060622624 -0.997567221 -0.034417098 376.919237518 0.994789421 0.063213481 -0.079987901 203.736124494 0.081968933 -0.029388688 0.996201485 42.025226366
0.062870304 -0.997370741 -0.036040682 376.953852136 0.994526663 0.065628830 -0.081299280 204.828453780 0.083450831 -0.030732108 0.996037899 42.107367683
0.065623607 -0.997124716 -0.037892513 377.040580144 0.994143089 0.068600799 -0.083507177 205.924127963 0.085866527 -0.032190538 0.995786478 42.213938068
0.069039620 -0.996770632 -0.041010230 377.037146859 0.993973492 0.072238212 -0.082452030 207.119622280 0.085148267 -0.035070625 0.995750884 42.322224010
0.072982009 -0.996343336 -0.044425029 377.070697859 0.993742692 0.076423435 -0.081455017 208.262416004 0.084552277 -0.038202297 0.995686445 42.367163363
0.076890938 -0.996160244 -0.041863502 377.225349800 0.993679169 0.080008563 -0.078742226 209.451802206 0.081789313 -0.035544327 0.996015617 42.527703523
0.080941680 -0.995762105 -0.043660909 377.340517330 0.993459878 0.084139013 -0.077188706 210.512753694 0.080535174 -0.037127577 0.996060053 42.605685714
0.088622889 -0.995057581 -0.044792780 377.387437751 0.993026622 0.091773083 -0.073998853 211.475710106 0.077743891 -0.037922431 0.996251864 42.752272864
0.094463135 -0.994562382 -0.043844999 377.495887521 0.992469817 0.097531214 -0.074103472 212.534111071 0.077976781 -0.036514792 0.996286250 42.850971229
0.103458789 -0.993630312 -0.044666353 377.649050928 0.991355093 0.106656982 -0.076415751 213.655471594 0.080692985 -0.036374336 0.996075072 42.985561067
0.110817150 -0.992749339 -0.046565101 377.720114823 0.990503696 0.114160129 -0.076615231 214.678343342 0.081375597 -0.037632623 0.995972790 43.054525906
0.115007333 -0.992214990 -0.047777896 377.804829680 0.990045620 0.118418862 -0.076069985 215.628284839 0.081135584 -0.038553690 0.995957143 43.156250145
0.119423008 -0.991713187 -0.047361369 377.953151309 0.989507216 0.122793562 -0.076139416 216.665759048 0.081324134 -0.037771618 0.995971732 43.276070444
0.120689589 -0.991723687 -0.043796708 378.072280005 0.989353519 0.123781169 -0.076536507 217.606613061 0.081324275 -0.034093267 0.996104418 43.391639754
0.123710889 -0.991461425 -0.041229346 378.167746423 0.988991290 0.126589091 -0.076625258 218.687527912 0.081190173 -0.031296086 0.996207163 43.479384495
0.124304612 -0.991551300 -0.037072672 378.289890177 0.989159853 0.126775303 -0.074099988 219.650797339 0.078173839 -0.027459829 0.996561493 43.553018123
0.128133983 -0.991150110 -0.034686334 378.419351213 0.988831654 0.130362142 -0.072233448 220.553280645 0.076115975 -0.025043385 0.996784424 43.615172245
0.129198853 -0.990908803 -0.037515341 378.523910630 0.988341395 0.131752972 -0.076304917 221.426626800 0.080553972 -0.027219457 0.996378522 43.739806505
0.131398878 -0.990415187 -0.042568669 378.638841060 0.987404797 0.134575228 -0.083194206 222.290596139 0.088125493 -0.031100883 0.995623740 43.810087589
0.134386674 -0.990046692 -0.041806327 378.765260186 0.986994267 0.137489817 -0.083299864 223.207964160 0.088218699 -0.030068213 0.995647208 43.933169802
0.138415586 -0.989667388 -0.037411051 378.863031818 0.986819294 0.141018041 -0.079382578 224.084039081 0.083837982 -0.025930161 0.996141968 43.990850311
0.145471095 -0.988789214 -0.033675678 379.038122716 0.986357474 0.147596107 -0.072899400 224.936902698 0.077052539 -0.022611501 0.996770599 44.054162785
0.155266638 -0.986934165 -0.043049112 379.135761489 0.985088171 0.157951483 -0.068210154 225.779067524 0.074118603 -0.031816409 0.996741766 44.163788428
0.164016780 -0.985476377 -0.043986437 379.226502822 0.983722150 0.166717657 -0.067051883 226.569243107 0.073411362 -0.032272799 0.996779433 44.243156924
0.173611539 -0.983498715 -0.050885271 379.397089075 0.981906964 0.176835109 -0.067735200 227.307242477 0.075615785 -0.038204989 0.996404853 44.345107889
0.185622683 -0.981268708 -0.051535830 379.501802988 0.979550217 0.188931111 -0.069183871 227.991228827 0.077624690 -0.037639838 0.996271876 44.383940909
0.200905509 -0.978061234 -0.055074477 379.694045509 0.976014860 0.204664094 -0.074213222 228.706567000 0.083856844 -0.038843662 0.995720443 44.418924108
0.217587823 -0.974672805 -0.051657160 379.859275146 0.971627762 0.221327575 -0.083388232 229.488828711 0.092709396 -0.032047267 0.995177341 44.495107170
0.232410531 -0.971594691 -0.044599350 379.985323578 0.967696889 0.235598261 -0.089756284 230.102068061 0.097714258 -0.022298346 0.994964677 44.605604366
0.247717375 -0.967933158 -0.041731323 380.173395212 0.964219515 0.250507392 -0.086756976 230.728969702 0.094428959 -0.018746946 0.995355074 44.671412041
0.262644132 -0.964202737 -0.036484826 380.382878348 0.960884368 0.264809042 -0.081101192 231.346595354 0.087859503 -0.013756947 0.996037878 44.720044500
0.273190611 -0.961436849 -0.031718703 380.531418814 0.958260760 0.274880969 -0.078592427 231.936469355 0.084280523 -0.008924076 0.996402105 44.780201847
0.282418143 -0.958982504 -0.024342331 380.691876892 0.955837007 0.283462069 -0.077620043 232.520556488 0.081336390 -0.001345992 0.996685798 44.825627295
0.291442958 -0.956436155 -0.017055336 380.863592360 0.952934895 0.291840496 -0.082123147 233.081910683 0.083522984 0.007681588 0.996476244 44.914733768
0.297298644 -0.954688135 -0.013567668 381.074124220 0.950924952 0.297343376 -0.085607549 233.618943400 0.085762767 0.012549174 0.996236551 44.986666849
0.297992442 -0.954398229 -0.018014571 381.249059437 0.950404889 0.298400572 -0.087679217 234.111440719 0.089056447 0.009006608 0.995985858 45.043241498
0.297905083 -0.954350659 -0.021618992 381.473333611 0.950305088 0.298634869 -0.087962800 234.608478261 0.090403541 0.005659927 0.995889133 45.090418653
0.294853899 -0.955318346 -0.020689018 381.602090557 0.951405730 0.295521114 -0.086570248 235.113415111 0.088816188 0.005841925 0.996030901 45.165900953
0.289401154 -0.957059485 -0.016855719 381.757921773 0.953284109 0.289762946 -0.085363002 235.627303460 0.086581633 0.008635862 0.996207329 45.206937815
0.283313913 -0.958881253 -0.016732276 381.898396550 0.955247207 0.283701815 -0.083761885 236.072291409 0.085064679 0.007747447 0.996345310 45.255804755
0.274730145 -0.961173972 -0.025844605 382.011492011 0.957572647 0.275936529 -0.083148405 236.502229768 0.087051553 -0.001904714 0.996201987 45.303843306
0.263906144 -0.964236894 -0.024510389 382.119175815 0.960784416 0.265034147 -0.081548795 236.960609274 0.085128447 -0.002027972 0.996367921 45.396203696
0.252585152 -0.967320440 -0.022178980 382.193061565 0.963719580 0.253556836 -0.083387666 237.380922611 0.086286226 -0.000311831 0.996270340 45.427007960
0.239583177 -0.970700593 -0.018446158 382.236570170 0.966813381 0.240273879 -0.086835183 237.814741078 0.088723094 0.002970257 0.996051901 45.478878346
0.221475241 -0.975048428 -0.015142055 382.314065700 0.970907506 0.221931044 -0.089917894 238.245897108 0.091034793 0.005213053 0.995834068 45.540836836
0.201323007 -0.979348712 -0.018578151 382.341580652 0.975143427 0.202178343 -0.090659880 238.612258479 0.092543736 0.000135558 0.995708611 45.564813784
0.176654367 -0.984103092 -0.018284961 382.381568144 0.980011769 0.177585982 -0.089666891 238.968973685 0.091488617 -0.002079429 0.995803951 45.583813209
0.153763295 -0.987807718 -0.024346699 382.484588048 0.984069156 0.155313795 -0.086518908 239.358237943 0.089245424 -0.010655403 0.995952668 45.639432005
0.131215625 -0.991048035 -0.024622171 382.439018976 0.987512858 0.132851143 -0.084669527 239.790017554 0.087182652 -0.013204745 0.996104824 45.706727723
0.112347891 -0.993323326 -0.026205377 382.453501717 0.989957462 0.114166575 -0.083367959 240.262299171 0.085803117 -0.016575995 0.996174212 45.749039635
0.094290870 -0.995092945 -0.029987701 382.569111185 0.991924626 0.096471806 -0.082333027 240.678586249 0.084821982 -0.021982287 0.996153608 45.770084846
0.076481065 -0.996708904 -0.026870198 382.566019082 0.993257346 0.078515660 -0.085294409 241.023409053 0.087123429 -0.020165614 0.995993402 45.814448288
0.061429862 -0.997697351 -0.028746620 382.588592184 0.994531143 0.063621373 -0.082825882 241.352814230 0.084464063 -0.023501427 0.996149339 45.861206438
0.046672864 -0.998351036 -0.033419349 382.608472015 0.995384570 0.049290503 -0.082340778 241.751267075 0.083852257 -0.029422025 0.996043746 45.928507723
0.034830642 -0.998634769 -0.038928462 382.627462502 0.995772898 0.037990646 -0.083624431 242.129075608 0.084989182 -0.035851215 0.995736677 45.927882718
0.028252929 -0.998620970 -0.044248507 382.519758058 0.995692749 0.032025357 -0.087007616 242.503724366 0.088304704 -0.041599698 0.995224469 45.980587014
0.029004996 -0.998483901 -0.046782572 382.548938765 0.995756923 0.032951471 -0.085920613 242.985474259 0.087331903 -0.044091943 0.995203014 46.005010798
0.034026856 -0.998442003 -0.044223757 382.562064777 0.995467024 0.037791197 -0.087276742 243.458142073 0.088812034 -0.041053538 0.995202004 46.092371824
0.037237673 -0.998447089 -0.041433873 382.566988891 0.995429497 0.040710067 -0.086387538 243.867275100 0.087940162 -0.038027629 0.995399632 46.190809073
0.039555631 -0.998379365 -0.040914482 382.596755160 0.995458735 0.042921992 -0.084968280 244.226372701 0.086586708 -0.037367704 0.995543267 46.219456526
0.042392614 -0.998107075 -0.044554822 382.609549550 0.995230416 0.046107981 -0.085967857 244.641008722 0.087859459 -0.040697912 0.995301158 46.208909460
0.048024078 -0.997536916 -0.051125235 382.587039774 0.994860381 0.052337747 -0.086680920 245.051879692 0.089143197 -0.046699699 0.994923428 46.269442447
0.055534547 -0.996982559 -0.054237367 382.614420733 0.994378353 0.060130844 -0.087154880 245.480219880 0.090153234 -0.049092357 0.994717214 46.309861590
0.064020736 -0.996619159 -0.051493664 382.668202216 0.993683545 0.068427642 -0.088941953 245.934373954 0.092164844 -0.045474278 0.994704846 46.397141924
0.075703014 -0.995836110 -0.050788728 382.692785380 0.992962297 0.079941036 -0.087380251 246.370670238 0.091076513 -0.043816343 0.994879489 46.441572754
0.089577171 -0.994606919 -0.052278172 382.725548639 0.991827124 0.093868937 -0.086415154 246.848195140 0.090856406 -0.044110084 0.994886634 46.496422073
0.104174055 -0.993140649 -0.053098180 382.772961389 0.990590283 0.108375167 -0.083580589 247.271986111 0.088761804 -0.043891612 0.995085357 46.553622878
0.117661043 -0.991507082 -0.055403837 382.860437426 0.989449141 0.121800699 -0.078453726 247.639327259 0.084535651 -0.045588332 0.995377028 46.544957841
0.129863143 -0.989973925 -0.055562512 382.940852905 0.987977184 0.133935044 -0.077217153 248.061289574 0.083884736 -0.044866832 0.995464876 46.607368742
0.142435739 -0.988317894 -0.054219924 383.030262786 0.986063004 0.146442463 -0.078957948 248.484326948 0.085975652 -0.042217828 0.995402352 46.702360734
0.152060279 -0.986909420 -0.053735171 383.131501720 0.984357224 0.156113609 -0.081666377 248.905636794 0.088986108 -0.040476392 0.995210096 46.721344013
0.160035656 -0.985567114 -0.055191050 383.172507453 0.982955944 0.164237501 -0.082605426 249.285903894 0.090477631 -0.041030557 0.995052909 46.759543914
0.168872651 -0.984119147 -0.054694894 383.219221973 0.981410660 0.173023188 -0.083042714 249.633487279 0.091187410 -0.039654509 0.995043907 46.794395885
0.177410690 -0.982512047 -0.056528979 383.238312131 0.979672377 0.181779376 -0.084842753 249.983752428 0.093634830 -0.040327868 0.994789516 46.799319007
0.184109410 -0.981133840 -0.058992478 383.323789730 0.978235462 0.188748143 -0.086194655 250.342433833 0.095703213 -0.041839287 0.994530225 46.796490621
0.189711954 -0.980283272 -0.055263741 383.388982467 0.976853435 0.194114704 -0.089871286 250.694664774 0.098826823 -0.036934918 0.994418961 46.847108166
0.189855257 -0.980442646 -0.051838202 383.396759591 0.976698334 0.193984748 -0.091816567 251.014376761 0.100076698 -0.033198428 0.994425723 46.911909249
0.188641789 -0.980759959 -0.050241210 383.473392300 0.977102283 0.192573274 -0.090480177 251.313295386 0.098414449 -0.032022458 0.994630162 46.909537234
0.185362535 -0.981340146 -0.051110168 383.561963706 0.977863692 0.189344209 -0.089058245 251.639846654 0.097073845 -0.033470715 0.994714220 46.909478062
0.177637341 -0.982719981 -0.052023213 383.636483194 0.979155032 0.181789061 -0.090598904 251.967395802 0.098490605 -0.034845042 0.994527739 46.963159280
0.165821902 -0.984764171 -0.052370077 383.690007319 0.981262014 0.170050157 -0.090596932 252.295272455 0.098122152 -0.036365812 0.994509714 47.042057621
0.147609501 -0.987738196 -0.050839853 383.748236669 0.984091577 0.151814437 -0.092282964 252.596665784 0.098869632 -0.036409229 0.994434092 47.112525832
0.125941662 -0.990820119 -0.049134395 383.797350601 0.987260933 0.130035980 -0.091686936 252.924338541 0.097234500 -0.036961264 0.994574943 47.153808125
0.102525943 -0.993486955 -0.049720226 383.879859278 0.990173171 0.106707698 -0.090391145 253.223655078 0.095107954 -0.039964196 0.994664436 47.099656859
0.073688018 -0.996072018 -0.049097976 383.798062752 0.992641941 0.077999542 -0.092617751 253.508902162 0.096083570 -0.041911892 0.994490493 47.091788127
0.040377190 -0.997885317 -0.050936993 383.768267746 0.994397855 0.045115478 -0.095590273 253.875516995 0.097686176 -0.046791970 0.994116654 47.095814320
0.007090934 -0.998567532 -0.053033984 383.777106029 0.995258891 0.012192240 -0.096493985 254.297516395 0.097002364 -0.052098312 0.993919668 47.126838409
-0.031874500 -0.997935586 -0.055754669 383.758812939 0.994884691 -0.026328289 -0.097525755 254.647394590 0.095856496 -0.058578052 0.993670038 47.205125326
-0.073972780 -0.995713064 -0.055529472 383.751240629 0.993127264 -0.068487756 -0.094908719 254.983606653 0.090698762 -0.062168495 0.993936021 47.250825645
-0.116224961 -0.991768520 -0.053730443 383.763013307 0.989292107 -0.110787340 -0.095012063 255.352924062 0.088277320 -0.064197877 0.994025024 47.333468300
-0.163554610 -0.985101883 -0.053142915 383.708074927 0.982964372 -0.158147606 -0.093650301 255.663504834 0.083850663 -0.067554530 0.994185824 47.308880280
-0.213284002 -0.975465188 -0.054567411 383.637047369 0.973675733 -0.207631837 -0.094045669 256.055559520 0.080408345 -0.073189400 0.994071330 47.333782169
-0.261118853 -0.963674506 -0.056110519 383.486856272 0.962294325 -0.255275349 -0.093936827 256.401991287 0.076200893 -0.078523511 0.993995715 47.346584094
-0.311698099 -0.948626539 -0.054332167 383.344866588 0.947565368 -0.306091403 -0.091803734 256.843075618 0.070456849 -0.080098329 0.994293764 47.323840255
-0.362389042 -0.930552848 -0.052398279 383.129605033 0.929281453 -0.356438109 -0.096890947 257.360981634 0.071485403 -0.083804966 0.993914767 47.397728540
-0.413037325 -0.909376571 -0.049339850 382.905282007 0.907762537 -0.406735792 -0.102631240 257.728625626 0.073262162 -0.087179400 0.993495047 47.465367329
-0.465417207 -0.883954592 -0.044845322 382.688794072 0.882441177 -0.459509571 -0.100739877 258.128181072 0.068442622 -0.086459431 0.993901592 47.465667128
-0.519517218 -0.853501417 -0.040462220 382.450517095 0.852281771 -0.514232433 -0.095816428 258.581058998 0.060972472 -0.084263497 0.994576302 47.486740507
-0.571047567 -0.819972014 -0.039377310 382.125265114 0.819211862 -0.566115456 -0.091679961 258.929188692 0.052882898 -0.084611978 0.995009654 47.525516764
-0.620134160 -0.783439692 -0.040692403 381.798719626 0.783079868 -0.615066545 -0.092081840 259.365612092 0.047112032 -0.088968496 0.994919626 47.525221307
-0.667773571 -0.743208239 -0.041472534 381.405677256 0.743208249 -0.662596489 -0.092776028 259.775601079 0.041472353 -0.092776109 0.994822918 47.598106360
-0.714134039 -0.698816098 -0.040848934 381.040728303 0.699180057 -0.709233851 -0.090191978 260.077953464 0.034056159 -0.092969922 0.995086314 47.612759114
-0.756045714 -0.653330579 -0.039421226 380.632468730 0.653973511 -0.751586369 -0.086235586 260.444535217 0.026711889 -0.090978483 0.995494546 47.634921286
-0.794174419 -0.606294065 -0.041164287 380.116142941 0.607363833 -0.789706452 -0.086445904 260.804155107 0.019903935 -0.093654824 0.995405750 47.628102336
-0.827171212 -0.560441894 -0.041142066 379.606168031 0.561797751 -0.823023828 -0.083755986 261.094896193 0.013079463 -0.092394061 0.995636613 47.631401435
-0.854547392 -0.517483635 -0.044265589 379.046830408 0.519350460 -0.850598907 -0.082198530 261.495068317 0.004884132 -0.093231894 0.995632442 47.643575241
-0.878145639 -0.475992352 -0.047869802 378.404424712 0.478392979 -0.873868966 -0.086563198 261.847596354 -0.000628514 -0.098915673 0.995095621 47.638548285
-0.898540220 -0.436052376 -0.049837730 377.708826206 0.438852462 -0.894157984 -0.088825764 262.156987623 -0.005830119 -0.101684932 0.994799570 47.697276009
-0.914790776 -0.400440501 -0.052964528 377.014794346 0.403730963 -0.910545273 -0.088930395 262.434075249 -0.012615268 -0.102736125 0.994628646 47.687174379
-0.929009762 -0.366196981 -0.053297581 376.329426479 0.369627690 -0.925182859 -0.086093251 262.687616024 -0.017782920 -0.099681733 0.994860452 47.644931821
-0.939953710 -0.337251470 -0.052425838 375.728931061 0.340742321 -0.936068396 -0.087582130 262.894238436 -0.019536968 -0.100186850 0.994776810 47.663149469
-0.949448549 -0.310280445 -0.047681216 375.086335664 0.313366462 -0.945807711 -0.085142433 263.137458197 -0.018679230 -0.095780053 0.995227244 47.620635361
-0.957782278 -0.284495432 -0.041418082 374.385951154 0.287072665 -0.954201767 -0.084191886 263.326414882 -0.015569001 -0.092527495 0.995588403 47.679744044
-0.964855742 -0.259871969 -0.038986622 373.575479867 0.262353062 -0.961082067 -0.086557098 263.575277517 -0.014975580 -0.093743372 0.995483758 47.697455263
-0.971552700 -0.233862115 -0.037334454 372.749553138 0.236130385 -0.968648254 -0.077220470 263.827524315 -0.018105011 -0.083839555 0.996314778 47.599222863
-0.976753382 -0.210372086 -0.041187563 371.905652949 0.212894450 -0.974449299 -0.071585738 264.029612123 -0.025075551 -0.078690215 0.996583698 47.608444811
-0.981280467 -0.186638618 -0.047483382 370.936834180 0.189833425 -0.978926318 -0.075276384 264.189432208 -0.032433252 -0.082881178 0.996031523 47.614724699
-0.984621068 -0.167823343 -0.048545631 369.966434676 0.171239500 -0.982150594 -0.077828295 264.363791620 -0.034617715 -0.084944308 0.995784152 47.567825330
-0.987366106 -0.151350227 -0.046917810 369.030988972 0.154825572 -0.984501291 -0.082378702 264.406823447 -0.033722610 -0.088602015 0.995496092 47.519805487
-0.988399419 -0.146542218 -0.039899466 368.176330923 0.149176501 -0.986044840 -0.073904972 264.541194385 -0.028512464 -0.078999695 0.996466802 47.420032419
-0.988801743 -0.144349943 -0.037870919 367.264009906 0.146836681 -0.986375686 -0.074175432 264.629846641 -0.026647735 -0.078905637 0.996525865 47.388290033
-0.988645269 -0.145240312 -0.038545870 366.331621709 0.147744361 -0.986332224 -0.072940711 264.762870986 -0.027425102 -0.077807424 0.996591124 47.411391683
-0.988497414 -0.145524903 -0.041174806 365.351799368 0.148130534 -0.986519591 -0.069544528 264.951269688 -0.030499293 -0.074843832 0.996728746 47.379964698
-0.988733970 -0.143913936 -0.041157210 364.258754806 0.146546951 -0.986697116 -0.070376081 265.151066311 -0.030481601 -0.075614685 0.996671105 47.339971418
-0.989004062 -0.141973836 -0.041405261 363.293298171 0.144557568 -0.987152756 -0.068062809 265.324872554 -0.031210180 -0.073299838 0.996821478 47.301328495
-0.989191734 -0.140562181 -0.041737109 362.283086890 0.143129751 -0.987453279 -0.066707547 265.463774029 -0.031836887 -0.071960376 0.996899251 47.264711363
-0.989322388 -0.139201908 -0.043174551 361.250903866 0.141900326 -0.987580298 -0.067449632 265.576763197 -0.033249219 -0.072855913 0.996788094 47.237232786
-0.989322041 -0.138485844 -0.045426535 360.120466170 0.141419023 -0.987514958 -0.069389253 265.762962667 -0.035249954 -0.075072493 0.996554846 47.148587588
-0.989155369 -0.138650203 -0.048453875 358.953671253 0.141964375 -0.987146240 -0.073405841 265.932945373 -0.037653326 -0.079488506 0.996124392 47.103368430
-0.989230165 -0.137351692 -0.050578590 357.852002531 0.141104669 -0.986744788 -0.080151080 266.049240234 -0.038899274 -0.086424741 0.995498674 47.096308371
-0.989563088 -0.134905752 -0.050649119 356.743354592 0.138912637 -0.986532079 -0.086358183 266.179746612 -0.038316765 -0.092492673 0.994975844 47.100258235
-0.990116209 -0.132116564 -0.047064914 355.629066491 0.135518987 -0.987662868 -0.078464405 266.354597592 -0.036117820 -0.084067068 0.995805318 47.013296909
-0.990623748 -0.128320276 -0.046888138 354.470407666 0.131915659 -0.987698189 -0.083967529 266.481730712 -0.035536592 -0.089365508 0.995364735 47.011628359
-0.990930606 -0.125517262 -0.047978658 353.390376215 0.129481387 -0.987383190 -0.091153752 266.621053682 -0.035931951 -0.096539386 0.994680372 47.024978422
-0.991316867 -0.122230235 -0.048483380 352.224364201 0.125243418 -0.989998974 -0.064931641 266.811160685 -0.040061887 -0.070440055 0.996711214 46.933618180
-0.991276507 -0.120887515 -0.052508047 351.034723124 0.124186590 -0.990133266 -0.064913840 266.964426627 -0.044142692 -0.070868360 0.996508454 46.829176508
-0.991165702 -0.118298540 -0.059966710 349.849074688 0.122287308 -0.990169840 -0.067893317 267.052291164 -0.051345547 -0.074626695 0.995888795 46.782661764
-0.991176892 -0.114985252 -0.065929961 348.759419298 0.119748660 -0.990077630 -0.073529215 267.181231772 -0.056821004 -0.080775484 0.995111398 46.784158610
-0.991900353 -0.110756379 -0.062182910 347.592068544 0.115087034 -0.990813716 -0.071015175 267.361224673 -0.053746296 -0.077596424 0.995535098 46.765980187
-0.993231526 -0.105622800 -0.048321414 346.351992153 0.108855801 -0.991586353 -0.070049404 267.456054883 -0.040516041 -0.074835343 0.996372481 46.712885686
-0.994039488 -0.102860910 -0.036126569 345.201392588 0.105198963 -0.991968204 -0.070230047 267.587673198 -0.028612481 -0.073611918 0.996876427 46.656302551
-0.994125313 -0.102734250 -0.034066636 344.116571859 0.105003801 -0.991762747 -0.073354309 267.639029120 -0.026250020 -0.076500502 0.996723939 46.621072761
-0.993840634 -0.100960407 -0.045692357 342.885547826 0.104106758 -0.991904507 -0.072713349 267.786310789 -0.037981285 -0.077022364 0.996305665 46.585979770
-0.993554725 -0.096870020 -0.058866022 341.621793099 0.101573486 -0.991359726 -0.082998315 267.937766912 -0.050317355 -0.088442595 0.994809565 46.598707310
-0.993960992 -0.090628109 -0.061871586 340.361210883 0.095872671 -0.991509921 -0.087843654 268.026531568 -0.053385187 -0.093244960 0.994210943 46.482131996
-0.994431277 -0.086460533 -0.060257873 339.190254132 0.091873453 -0.991347288 -0.093754055 268.122751944 -0.051630454 -0.098768064 0.993770178 46.447048808
-0.994953961 -0.081678683 -0.058268414 338.085634242 0.087000744 -0.991614715 -0.095556936 268.187755968 -0.049974853 -0.100144148 0.993717094 46.428451934
-0.995426846 -0.076078777 -0.057770363 336.961353739 0.080556877 -0.993565542 -0.079612208 268.296665878 -0.051341843 -0.083901929 0.995150482 46.280799106
-0.995732532 -0.070959017 -0.059004592 335.785194193 0.075127082 -0.994592208 -0.071709568 268.389358007 -0.053597067 -0.075836392 0.995678761 46.207033550
-0.996084597 -0.065324982 -0.059566114 334.579689412 0.069702880 -0.994770809 -0.074649485 268.462576746 -0.054378155 -0.078509132 0.995429220 46.177086437
-0.996429904 -0.058321956 -0.061040938 333.345761238 0.062761339 -0.995316016 -0.073532596 268.550420693 -0.056466458 -0.077101088 0.995423006 46.130332899
-0.996621049 -0.054184706 -0.061729261 332.163439341 0.058068867 -0.996324633 -0.062970096 268.604042780 -0.058090368 -0.066341871 0.996104545 46.044685525
-0.996891892 -0.049284072 -0.061462481 330.985160675 0.053240184 -0.996497619 -0.064482390 268.689615627 -0.058069262 -0.067554245 0.996024289 46.016648492
-0.997089666 -0.045460947 -0.061200485 329.849595752 0.049196789 -0.996925402 -0.060987039 268.786762856 -0.058239790 -0.063820414 0.996260549 45.963888696
-0.997359394 -0.039083744 -0.061210298 328.666488639 0.042715486 -0.997332237 -0.059192871 268.777268023 -0.058733525 -0.061651194 0.996368157 45.936255309
-0.997412109 -0.033692484 -0.063513007 327.563302864 0.037543132 -0.997465394 -0.060442541 268.785949628 -0.061315568 -0.062670599 0.996148983 45.855724834
-0.997583810 -0.030977301 -0.062184800 326.431643439 0.034580871 -0.997732840 -0.057735107 268.916758720 -0.060255340 -0.059746012 0.996393350 45.764456049
-0.997953865 -0.026237343 -0.058306813 325.368825327 0.029465036 -0.998040193 -0.055204930 268.989663527 -0.056744113 -0.056809986 0.996771153 45.779500766
-0.998025253 -0.022419484 -0.058676755 324.287132199 0.025626822 -0.998185295 -0.054492039 269.016151913 -0.057348591 -0.055888129 0.996788672 45.698949094
-0.998055693 -0.016148576 -0.060200145 323.110157720 0.019127717 -0.998603600 -0.049244088 268.999624898 -0.059320860 -0.050299834 0.996970893 45.630088826
-0.998195447 -0.010780598 -0.059073068 321.942600111 0.013364190 -0.998963320 -0.043516487 269.020458730 -0.058542694 -0.044227423 0.997304712 45.544329186
-0.998309524 -0.007690537 -0.057610328 320.794449969 0.010385723 -0.998858205 -0.046630709 269.033178085 -0.057185934 -0.047150205 0.997249531 45.515363426
-0.998188851 -0.003093397 -0.060078691 319.663293071 0.005353572 -0.999282445 -0.037495799 269.043297098 -0.059919592 -0.037749525 0.997489156 45.389859430
-0.998055652 0.000230257 -0.062328672 318.457619871 0.001696105 -0.999522529 -0.030851850 268.967610791 -0.062306016 -0.030897579 0.997578719 45.303207549
-0.998076889 0.004446239 -0.061828421 317.265709756 -0.002611032 -0.999554513 -0.029731419 268.952202421 -0.061933071 -0.029512807 0.997643869 45.250060407
-0.998131648 0.008599107 -0.060491886 316.156955158 -0.006460550 -0.999350215 -0.035459968 268.959159663 -0.060757503 -0.035002906 0.997538632 45.232316862
-0.998181523 0.011955825 -0.059082195 315.011299579 -0.009507275 -0.999091117 -0.041551799 268.961950813 -0.059525282 -0.040914528 0.997387960 45.257637634
-0.998230162 0.014137838 -0.057763877 313.860399588 -0.011682145 -0.999022571 -0.042631320 268.971750351 -0.058310132 -0.041881063 0.997419623 45.188386625
-0.998164005 0.017182675 -0.058080765 312.772964865 -0.014787641 -0.999032491 -0.041417482 268.899469004 -0.058736235 -0.040482562 0.997452363 45.100321026
-0.998205154 0.019245444 -0.056710523 311.591801798 -0.017256351 -0.999225719 -0.035357888 268.896815457 -0.057347092 -0.034315810 0.997764369 45.032138801
-0.998176279 0.021391369 -0.056449317 310.420718200 -0.019254522 -0.999087250 -0.038130436 268.845836780 -0.057213455 -0.036973992 0.997677074 45.022815651
-0.998042207 0.027512073 -0.056167958 309.283928173 -0.025163058 -0.998796116 -0.042108663 268.815692825 -0.057258835 -0.040612865 0.997532967 44.990951345
-0.997883045 0.030703397 -0.057330001 308.120342938 -0.028175720 -0.998616888 -0.044389637 268.779653585 -0.058613620 -0.042680352 0.997367952 44.893597452
-0.997687058 0.035435155 -0.058007623 306.999514353 -0.032618304 -0.998275468 -0.048807129 268.769247261 -0.059637075 -0.046802131 0.997122349 44.817433420
-0.997537160 0.038286938 -0.058768406 305.846189819 -0.035543108 -0.998260217 -0.047044933 268.694508909 -0.060467368 -0.044840257 0.997162499 44.724140554
-0.997431419 0.042379828 -0.057745255 304.673591299 -0.039732333 -0.998139424 -0.046249680 268.632673201 -0.059597869 -0.043836531 0.997259471 44.649668585
-0.997422980 0.044207265 -0.056507667 303.510356317 -0.041660366 -0.998096080 -0.045482173 268.602097478 -0.058410724 -0.043010834 0.997365658 44.583388940
-0.997276858 0.047082629 -0.056763490 302.279233313 -0.044652530 -0.998061784 -0.043345435 268.521942368 -0.058694287 -0.040692766 0.997446279 44.470450804
-0.997002741 0.051801870 -0.057463906 301.136856009 -0.049173839 -0.997719188 -0.046242363 268.507632263 -0.059728283 -0.043278042 0.997276062 44.478850252
-0.996714367 0.054589388 -0.059837029 299.994111285 -0.052112566 -0.997749152 -0.042200831 268.452641623 -0.062006063 -0.038943914 0.997315707 44.396699536
-0.996483085 0.057795465 -0.060672444 298.899683582 -0.055366635 -0.997624822 -0.040978649 268.379380207 -0.062896717 -0.037475301 0.997316201 44.365209283
-0.996353113 0.059328346 -0.061323903 297.835329185 -0.056951901 -0.997583255 -0.039801131 268.302882127 -0.063537034 -0.036163468 0.997324044 44.332525044
-0.996055121 0.064504865 -0.060937000 296.578057353 -0.062177745 -0.997289287 -0.039344721 268.170499162 -0.063309744 -0.035400585 0.997365868 44.261896131
-0.995963092 0.067065614 -0.059663412 295.460723642 -0.065069376 -0.997273869 -0.034796657 268.151946299 -0.061834421 -0.030773925 0.997611883 44.175711941
-0.995840964 0.068229959 -0.060377534 294.265603335 -0.066957636 -0.997494062 -0.022853234 268.072096748 -0.061785507 -0.018715449 0.997913966 44.056902642
-0.995584228 0.071885416 -0.060369959 292.984600202 -0.070711798 -0.997268072 -0.021359617 268.001949973 -0.061740477 -0.016996429 0.997947511 43.949824183
-0.995354185 0.075660500 -0.059544396 291.821063974 -0.074454316 -0.996976743 -0.022224494 267.870351862 -0.061045895 -0.017687906 0.997978225 43.864740375
-0.994818151 0.081073653 -0.061350702 290.694651306 -0.079539909 -0.996464710 -0.027045958 267.762335844 -0.063326524 -0.022025980 0.997749772 43.810059641
-0.994543136 0.083364130 -0.062724569 289.555075331 -0.081746857 -0.996261775 -0.027927174 267.685156802 -0.064818215 -0.022647243 0.997640066 43.768044491
-0.994340322 0.087164148 -0.060743194 288.308208687 -0.085291603 -0.995816932 -0.032771644 267.582627410 -0.063345613 -0.027405282 0.997615298 43.696976230
-0.993945279 0.092176770 -0.059801558 287.058770451 -0.090572410 -0.995467213 -0.029011499 267.455006236 -0.062204677 -0.023419471 0.997788608 43.646390017
-0.993260958 0.098413323 -0.061216730 285.923451419 -0.097304472 -0.995036332 -0.020845583 267.312396477 -0.062964354 -0.014748442 0.997906796 43.587533999
-0.992710325 0.101607226 -0.064824235 284.696498244 -0.099650173 -0.994483447 -0.032749306 267.229921529 -0.067794195 -0.026050828 0.997359164 43.519321373
-0.992005536 0.107673928 -0.065812924 283.473346375 -0.106140563 -0.994001208 -0.026377631 267.104467540 -0.068258309 -0.019181335 0.997483273 43.449593711
-0.991304322 0.112876789 -0.067635584 282.221249596 -0.111306845 -0.993431118 -0.026559369 266.965632079 -0.070189230 -0.018800114 0.997356520 43.347487670
-0.990812627 0.117286014 -0.067337423 281.075271449 -0.115470743 -0.992849900 -0.030258612 266.833236916 -0.070404866 -0.022205112 0.997271321 43.297802862
-0.990187099 0.123757388 -0.064912391 279.876436261 -0.121654799 -0.991940426 -0.035416109 266.711054900 -0.068772230 -0.027171670 0.997262293 43.264329988
-0.989548921 0.129014066 -0.064407327 278.626467681 -0.127063148 -0.991327525 -0.033536471 266.478690454 -0.068175433 -0.025002181 0.997360016 43.139648533
-0.988922610 0.134455623 -0.062878911 277.374985181 -0.132511980 -0.990593246 -0.034140839 266.352035768 -0.066877853 -0.025430438 0.997437038 43.122617826
-0.987989873 0.139957309 -0.065482536 276.139573942 -0.138579578 -0.990031872 -0.025151401 266.190915869 -0.068349920 -0.015774787 0.997536688 42.965320337
-0.987228796 0.144188790 -0.067741397 274.809047502 -0.142787896 -0.989434708 -0.025111246 265.983689166 -0.070646450 -0.015117894 0.997386850 42.907683387
-0.986239769 0.149678713 -0.070195449 273.486213729 -0.148245843 -0.988628763 -0.025225779 265.822703665 -0.073173001 -0.014472483 0.997214249 42.787942566
-0.985615497 0.153050481 -0.071677347 272.251802303 -0.151506201 -0.988099946 -0.026539933 265.631508500 -0.074886333 -0.015298606 0.997074716 42.683116803
-0.984765451 0.158227935 -0.072117459 271.044242497 -0.156494655 -0.987249493 -0.029118049 265.423828532 -0.075805214 -0.017388451 0.996971018 42.628071123
-0.983843478 0.164139841 -0.071485133 269.904671396 -0.162470836 -0.986298553 -0.028607553 265.136553071 -0.075201322 -0.016531105 0.997031335 42.585027279
-0.983375772 0.167656060 -0.069739062 268.686836375 -0.165932180 -0.985685000 -0.029859558 264.914301294 -0.073746883 -0.017791211 0.997118283 42.533397295
-0.982479582 0.172472257 -0.070620055 267.544263195 -0.171021095 -0.984920291 -0.026149669 264.766626835 -0.074065218 -0.013613997 0.997160470 42.423066035
-0.981265281 0.179030200 -0.071180301 266.320027706 -0.178299366 -0.983837201 -0.016543807 264.534562895 -0.072991669 -0.003542461 0.997326259 42.333514819
-0.980310037 0.184148752 -0.071284424 265.019853703 -0.182808348 -0.982831975 -0.024948273 264.273789484 -0.074654805 -0.011425654 0.997143979 42.277124364
-0.979019123 0.189915596 -0.073848648 263.769072881 -0.188767245 -0.981768742 -0.022294965 264.047397870 -0.076736456 -0.007886992 0.997020216 42.207187981
-0.977833483 0.194253300 -0.078149434 262.590603123 -0.193640297 -0.980951402 -0.015420221 263.754879888 -0.079656226 0.000054471 0.996822393 42.103004979
-0.977149878 0.197847714 -0.077681388 261.426433965 -0.197593250 -0.980222090 -0.011025537 263.529268031 -0.078326390 0.004575716 0.996917268 42.012385145
-0.976968688 0.201007688 -0.071610695 260.250153967 -0.200313184 -0.979587427 -0.016825636 263.332661267 -0.073531018 -0.002093554 0.997290733 41.971129754
-0.976582671 0.204104194 -0.068027670 258.993554878 -0.203487299 -0.978947632 -0.015951547 263.089734277 -0.069851304 -0.001735238 0.997555905 41.921802792
-0.975915125 0.207504210 -0.067317690 257.756130523 -0.207210391 -0.978230036 -0.011395165 262.843210884 -0.068216731 0.002828211 0.997666517 41.785352037
-0.975535392 0.207936744 -0.071365323 256.546822813 -0.207946969 -0.978112346 -0.007368684 262.488603873 -0.071335524 0.007651791 0.997423026 41.693104149
-0.974547173 0.212427639 -0.071640116 255.334577755 -0.210591563 -0.977038279 -0.032363466 262.227136120 -0.076870030 -0.016452921 0.996905362 41.750476236
-0.973641122 0.216072742 -0.073044754 254.141583498 -0.214368977 -0.976276281 -0.030505156 261.906906396 -0.077903194 -0.014042545 0.996862026 41.645836505
-0.972888861 0.219504321 -0.072836239 252.951696128 -0.218129084 -0.975562091 -0.026425553 261.642694722 -0.076856796 -0.009821424 0.996993768 41.547694300
-0.972544906 0.221134233 -0.072498663 251.799159165 -0.219974269 -0.975217438 -0.023712237 261.435064696 -0.075945547 -0.007113374 0.997086593 41.443224395
-0.971677959 0.225352883 -0.071119773 250.641024296 -0.223902722 -0.974213578 -0.027847373 261.181327955 -0.075561335 -0.011134767 0.997078985 41.369194765
-0.970337281 0.231172260 -0.070745651 249.421658005 -0.230259652 -0.972904628 -0.020906399 260.897492074 -0.073661750 -0.003996389 0.997275276 41.215180537
-0.969144102 0.236266142 -0.070271043 248.178673307 -0.235619252 -0.971688307 -0.017475745 260.579753180 -0.072410478 -0.000379305 0.997374844 41.158799810
-0.967704461 0.242692463 -0.068179497 246.880355699 -0.241831836 -0.970096696 -0.020730718 260.309731563 -0.071171893 -0.003573235 0.997457665 41.109330171
-0.966639081 0.246562409 -0.069396432 245.535146617 -0.245580384 -0.969115589 -0.022477776 259.997771693 -0.072795338 -0.004685494 0.997335894 41.044156561
-0.965677299 0.249012623 -0.073892267 244.314038428 -0.247824885 -0.968482830 -0.024976685 259.607157720 -0.077782901 -0.005807075 0.996953408 40.918998753
-0.964003076 0.253337015 -0.080736769 243.135046495 -0.252267653 -0.967375710 -0.023350959 259.339973007 -0.084018451 -0.002143121 0.996461894 40.813749629
-0.962977782 0.256383111 -0.083315615 241.945394823 -0.256151974 -0.966540360 -0.013634466 259.027714730 -0.084023551 0.008211772 0.996429932 40.726722882
-0.962300905 0.260177213 -0.079276638 240.703974813 -0.259933221 -0.965531330 -0.013563601 258.668478754 -0.080073017 0.007554366 0.996760374 40.667491477
-0.961470582 0.264271053 -0.075730648 239.569869691 -0.263917892 -0.964431357 -0.014815685 258.378076544 -0.076952368 0.005741828 0.997018237 40.634640682
-0.960070233 0.270076284 -0.072965396 238.382804956 -0.269937711 -0.962803739 -0.011941200 258.053823977 -0.073476391 0.008231721 0.997262984 40.510291722
-0.959422269 0.272559180 -0.072252355 237.238404447 -0.272317018 -0.962114664 -0.013372200 257.734940091 -0.073159766 0.006845959 0.997296737 40.432187492
-0.959696344 0.271615137 -0.072167473 236.045494404 -0.270472558 -0.962393951 -0.025347149 257.395587429 -0.076338209 -0.004806245 0.997070398 40.372329335
-0.959355646 0.272525740 -0.073256161 234.887027297 -0.270993077 -0.962104372 -0.030297349 257.004169644 -0.078736880 -0.009214020 0.996852850 40.291738620
-0.958121064 0.276645151 -0.073969501 233.702980815 -0.275159628 -0.960937375 -0.029774831 256.668574655 -0.079317121 -0.008174472 0.996815917 40.190886782
-0.957786327 0.278253555 -0.072251715 232.486043550 -0.276759962 -0.960466842 -0.030122558 256.381901939 -0.077777086 -0.008854593 0.996931453 40.143659559
-0.956886641 0.281706035 -0.070778997 231.301671433 -0.280135124 -0.959446096 -0.031424535 256.013136964 -0.076761113 -0.010242035 0.996996907 40.062212941
-0.956202877 0.283867872 -0.071379894 230.121983383 -0.282793393 -0.958856390 -0.024946337 255.632527337 -0.075524531 -0.003667997 0.997137198 39.950106614
-0.955491151 0.284950528 -0.076418958 228.921620419 -0.284611634 -0.958517249 -0.015521000 255.275557989 -0.077671606 0.006919547 0.996954985 39.825451179
-0.955052791 0.286502235 -0.076096224 227.686289541 -0.285155175 -0.958065032 -0.028247480 254.881217964 -0.080998097 -0.005278603 0.996700278 39.766653930
-0.954132930 0.289386588 -0.076718668 226.536950623 -0.288330830 -0.957211154 -0.024741437 254.586701029 -0.080595805 -0.001486262 0.996745759 39.690131140
-0.953146962 0.293476245 -0.073365955 225.423034744 -0.292446434 -0.955964194 -0.024648376 254.219523962 -0.077368939 -0.002037913 0.997000448 39.552574802
-0.952332688 0.296470943 -0.071884852 224.320382254 -0.295374681 -0.955036454 -0.025674313 253.849125804 -0.076264342 -0.003217522 0.997082443 39.476724678
-0.951774550 0.298675216 -0.070130750 223.174022713 -0.297429676 -0.954338260 -0.027822184 253.443860846 -0.075238254 -0.005621480 0.997149740 39.427057719
-0.950910888 0.301277489 -0.070713205 222.041354364 -0.299904584 -0.953511650 -0.029542739 253.093723949 -0.076326427 -0.006885298 0.997059110 39.352664914
-0.949021171 0.306766321 -0.072479247 220.810170590 -0.305016884 -0.951726946 -0.034358708 252.703271268 -0.079520547 -0.010499747 0.996777928 39.240419802
-0.947569281 0.311429302 -0.071583849 219.567168274 -0.309525825 -0.950186978 -0.036585129 252.268945173 -0.079411723 -0.012509895 0.996763403 39.168139025
-0.946698985 0.313777564 -0.072833176 218.443988811 -0.311736499 -0.949401485 -0.038172960 251.951127983 -0.081125744 -0.013433544 0.996613342 39.075972215
-0.946081500 0.316100380 -0.070783793 217.400121605 -0.313944043 -0.948596332 -0.040051674 251.577996609 -0.079805596 -0.015669997 0.996687272 39.012571277
-0.944569495 0.321222537 -0.067856839 216.277554216 -0.318906079 -0.946815871 -0.042879122 251.094479274 -0.078021673 -0.018862352 0.996773209 38.952044976
-0.943556336 0.324603712 -0.065832142 215.156261519 -0.322340625 -0.945656143 -0.042789972 250.767258430 -0.076144353 -0.019154375 0.996912808 38.866031138
-0.941787240 0.329942567 -0.064611893 214.006121739 -0.327225269 -0.943664879 -0.049195737 250.401903484 -0.077203742 -0.025189273 0.996697087 38.756290766
-0.940314512 0.333888545 -0.065780370 212.850132475 -0.330795835 -0.942175715 -0.053656656 249.996402989 -0.079892010 -0.028694260 0.996390439 38.670429070
-0.937874513 0.340040761 -0.069019410 211.759109139 -0.336726650 -0.939972912 -0.055372266 249.585068958 -0.083705203 -0.028691563 0.996077423 38.579003303
-0.935629323 0.345843467 -0.070640406 210.565231926 -0.342192751 -0.937782281 -0.058894102 249.149959598 -0.086613461 -0.030930414 0.995761727 38.539780925
-0.933346931 0.351629006 -0.072253357 209.428705560 -0.347812063 -0.935619048 -0.060363616 248.617078200 -0.088827216 -0.031209607 0.995557977 38.450394783
-0.931766079 0.355908009 -0.071703995 208.254048638 -0.352626097 -0.934170977 -0.054584079 248.170205717 -0.086410702 -0.025574894 0.995931280 38.356704251
-0.930851621 0.357896325 -0.073657861 207.141699800 -0.355180488 -0.933584939 -0.047602326 247.782196544 -0.085802568 -0.018148867 0.996146846 38.242986804
-0.929080141 0.362009495 -0.075889507 206.028500024 -0.359584511 -0.932075636 -0.043977127 247.330620469 -0.086654898 -0.013569584 0.996145971 38.111309811
-0.928019268 0.364422297 -0.077308652 204.960574574 -0.362368859 -0.931192750 -0.039608987 246.930769940 -0.086423654 -0.008743655 0.996220106 38.012875215
-0.926200142 0.369103666 -0.076914118 203.778703514 -0.367136473 -0.929356083 -0.038834012 246.469635056 -0.085814380 -0.007730089 0.996281154 37.953126456
-0.925271756 0.371824320 -0.074959002 202.608693127 -0.369762901 -0.928254339 -0.040240262 245.992113244 -0.084543327 -0.009516120 0.996374362 37.822618586
-0.924297711 0.373345922 -0.079287858 201.492698827 -0.371407917 -0.927672017 -0.038481009 245.526833750 -0.087919855 -0.006119771 0.996108753 37.660911025
-0.922920529 0.376220210 -0.081707098 200.384627349 -0.374134556 -0.926508044 -0.040077153 245.065018589 -0.090780119 -0.006418578 0.995850276 37.533633190
-0.921986541 0.378295684 -0.082663137 199.412337077 -0.376392335 -0.925676058 -0.038113599 244.593567107 -0.090937497 -0.004026454 0.995848462 37.462976242
-0.920283871 0.381925535 -0.084914563 198.310946775 -0.380384768 -0.924192793 -0.034279869 244.148473212 -0.091569784 0.000752995 0.995798377 37.339750850
-0.918567700 0.386102139 -0.084608031 197.237158100 -0.384544649 -0.922455766 -0.034652161 243.705610423 -0.091426440 0.000705210 0.995811583 37.315223912
-0.916701157 0.390321602 -0.085487051 196.142250348 -0.388846138 -0.920676185 -0.033971211 243.191264223 -0.091965589 0.002099861 0.995759972 37.226083712
-0.915462490 0.392857770 -0.087127508 195.045117771 -0.391453308 -0.919592396 -0.033378635 242.753500883 -0.093234850 0.003549463 0.995637818 37.117465141
-0.914002251 0.396348113 -0.086649056 193.940374722 -0.395304327 -0.918072282 -0.029627243 242.270686114 -0.091292798 0.007173380 0.995798256 37.020126099
-0.912122917 0.401321266 -0.083504646 192.885528952 -0.400177147 -0.915921642 -0.030753819 241.804141182 -0.088825874 0.005365388 0.996032719 36.956806676
-0.910779691 0.404745481 -0.081617708 191.758412896 -0.403563392 -0.914418362 -0.031235352 241.369782362 -0.087275099 0.004489395 0.996174133 36.855106012
-0.909173523 0.407939231 -0.083600769 190.657912314 -0.406754719 -0.912993427 -0.031521433 240.888822990 -0.089185781 0.005346555 0.996000658 36.758327556
-0.907453813 0.411570773 -0.084481221 189.601484896 -0.410444500 -0.911354978 -0.031103319 240.322401563 -0.089793598 0.006450027 0.995939510 36.622324222
-0.906138355 0.414483400 -0.084361080 188.473971346 -0.413434929 -0.910027109 -0.030368077 239.771604296 -0.089357933 0.007360138 0.995972383 36.509643121
-0.904001545 0.419487012 -0.082533949 187.341858911 -0.418328686 -0.907742364 -0.031700337 239.231883120 -0.088217441 0.005869165 0.996083950 36.431070351
-0.902329266 0.423239317 -0.081672375 186.212325122 -0.422541201 -0.905956013 -0.026507284 238.723784098 -0.085210504 0.010591645 0.996306673 36.335579380
-0.901254860 0.425354765 -0.082540910 185.163197588 -0.425239760 -0.904863049 -0.019849663 238.183875221 -0.083131368 0.017210072 0.996389978 36.233901496
-0.899919274 0.428117107 -0.082831410 184.029085478 -0.428374174 -0.903467682 -0.015547169 237.627549380 -0.081491510 0.021491640 0.996442293 36.091711155
-0.897562778 0.431826631 -0.088920308 182.951375673 -0.432985450 -0.901375133 -0.006816926 237.157635585 -0.083094284 0.032382580 0.996015416 35.937010472
-0.895031332 0.437872756 -0.084772430 181.826773222 -0.438008460 -0.898790898 -0.017986408 236.601815524 -0.084068447 0.021032642 0.996237986 35.945688286
-0.892790436 0.442818200 -0.082687847 180.819371375 -0.442605941 -0.896449119 -0.021885127 236.114726651 -0.083816580 0.017059300 0.996335165 35.907187738
-0.890817395 0.447618555 -0.077987167 179.751846577 -0.446862294 -0.894168453 -0.027872360 235.593074337 -0.082209850 0.010020342 0.996564666 35.860173159
-0.889227939 0.450827455 -0.077641993 178.632354607 -0.450074237 -0.892553969 -0.027939108 235.057066419 -0.081895386 0.010100425 0.996589749 35.708792408
-0.886989284 0.454999940 -0.078899082 177.498565581 -0.453844615 -0.890467785 -0.033048280 234.480023695 -0.085294056 0.006494454 0.996334656 35.651734203
-0.884527322 0.459221711 -0.082017292 176.464743498 -0.458082669 -0.888284794 -0.033322561 233.938416991 -0.088157157 0.008095985 0.996073677 35.522735252
-0.882814383 0.462372249 -0.082768771 175.433483231 -0.461131957 -0.886653731 -0.034676796 233.378239136 -0.089420828 0.007554152 0.995965286 35.450943115
-0.881268407 0.465668509 -0.080739304 174.300469352 -0.464305396 -0.884940810 -0.036059157 232.751655176 -0.088241119 0.005709899 0.996082779 35.369102049
-0.879725327 0.468869405 -0.079024240 173.265590581 -0.467285222 -0.883262579 -0.038623033 232.167785709 -0.087908313 0.002949199 0.996124205 35.237360279
-0.877302251 0.473344502 -0.079282679 172.138194922 -0.471676900 -0.880873846 -0.039776485 231.538562692 -0.088666019 0.002499809 0.996058275 35.108902351
-0.874974847 0.477280361 -0.081378581 171.021092601 -0.475826853 -0.878732156 -0.037664368 230.949918390 -0.089486439 0.005766740 0.995971346 35.024190442
-0.873011632 0.480412370 -0.083991931 169.975803034 -0.479421225 -0.876967034 -0.032925841 230.347155468 -0.089476136 0.011522872 0.995922308 34.905087310
-0.871346327 0.482435184 -0.089509059 168.921010505 -0.482448024 -0.875624347 -0.022932648 229.794749011 -0.089439828 0.023201190 0.995721960 34.752269533
-0.869111948 0.486379385 -0.089886129 167.830401895 -0.485995963 -0.873525478 -0.027589202 229.172363447 -0.091936643 0.019706190 0.995569847 34.634978277
-0.867816533 0.488685747 -0.089892748 166.862176006 -0.487909971 -0.872310199 -0.031918290 228.575055575 -0.094012374 0.016160348 0.995439861 34.551859712
-0.866280024 0.492805624 -0.081862918 165.788445455 -0.490613417 -0.870139422 -0.046431250 227.958749624 -0.094113733 -0.000059418 0.995561450 34.532276900
-0.864667155 0.495989518 -0.079656188 164.719209178 -0.493421348 -0.868317096 -0.050604282 227.347040271 -0.094266023 -0.004451797 0.995537090 34.441948965
-0.862188339 0.500071584 -0.080991849 163.701457250 -0.497364141 -0.865971286 -0.052178955 226.755249049 -0.096229828 -0.004705646 0.995348018 34.362615611
-0.859399934 0.505304206 -0.078098736 162.656683621 -0.502843803 -0.862933587 -0.049937301 226.176230109 -0.092627551 -0.003644648 0.995694157 34.285040353
-0.859163660 0.506728427 -0.071162537 161.610611694 -0.504046308 -0.862052030 -0.052949189 225.603217698 -0.088176669 -0.009622804 0.996058370 34.184091901
-0.857875702 0.508940851 -0.070911841 160.646596133 -0.506614489 -0.860779878 -0.048987346 224.965458894 -0.085971148 -0.006100088 0.996278952 34.086048315
-0.855551010 0.512345887 -0.074391944 159.608004666 -0.510110992 -0.858773836 -0.047898587 224.275679937 -0.088426499 -0.003031536 0.996078091 33.964940057
-0.853966963 0.514703538 -0.076293471 158.495050499 -0.512077708 -0.857350427 -0.052217486 223.609734541 -0.092286765 -0.005523822 0.995717149 33.898949560
-0.852126066 0.517416316 -0.078495369 157.463302685 -0.515156918 -0.855733503 -0.048306533 223.009071757 -0.092165705 -0.000725824 0.995743419 33.810245314
-0.849177075 0.522368571 -0.077649032 156.445094149 -0.520211669 -0.852719802 -0.047421084 222.392591685 -0.090984151 0.000125035 0.995852333 33.704744267
-0.846024263 0.527908967 -0.074532330 155.447719327 -0.525464743 -0.849292051 -0.050890238 221.774122251 -0.090165129 -0.003890264 0.995919231 33.632016498
-0.843578871 0.531654087 -0.075621558 154.459345945 -0.529119453 -0.846952842 -0.051995077 221.173900666 -0.091691288 -0.003849111 0.995780042 33.516603999
-0.840105129 0.536475809 -0.080106672 153.395685921 -0.533706040 -0.843910161 -0.054529848 220.514193333 -0.096856779 -0.003057391 0.995293633 33.438063318
-0.837620799 0.540187845 -0.081169511 152.403815039 -0.537494349 -0.841543099 -0.053898405 219.929672229 -0.097422905 -0.001518271 0.995241917 33.310512816
-0.834767286 0.543764901 -0.086506132 151.369783985 -0.541919313 -0.839191475 -0.045619371 219.225622913 -0.097401421 0.008797785 0.995206291 33.183311014
-0.831565370 0.548290538 -0.088749768 150.380787947 -0.547150847 -0.836130476 -0.038881587 218.502595889 -0.095524792 0.016226929 0.995294781 33.042140009
-0.829074997 0.551225673 -0.093727832 149.356065134 -0.550626783 -0.834038726 -0.034489861 217.812587894 -0.097184338 0.023014373 0.995000273 32.894480649
-0.825794677 0.555490571 -0.097433961 148.349370497 -0.555054514 -0.831117165 -0.034040339 217.212008785 -0.099888125 0.025970829 0.994659680 32.769203919
-0.822350694 0.560502380 -0.097859171 147.380516099 -0.560013732 -0.827743846 -0.034996355 216.515714825 -0.100617867 0.026023203 0.994584756 32.675513358
-0.820764909 0.563272029 -0.095234371 146.335287241 -0.562593522 -0.825931643 -0.036406727 215.817773207 -0.099163971 0.023696876 0.994788905 32.553968549
-0.819750365 0.565582320 -0.090144206 145.371702537 -0.564620961 -0.824461238 -0.038299310 215.101977550 -0.095981816 0.019501434 0.995192034 32.493576438
-0.817410531 0.569542994 -0.086375930 144.380813964 -0.568326205 -0.821806074 -0.040498161 214.389091673 -0.094049708 0.015986081 0.995439148 32.442175143
-0.814819866 0.572082538 -0.093755832 143.397324223 -0.572013689 -0.819684842 -0.030283642 213.730807000 -0.094174977 0.028953906 0.995134536 32.285840872
-0.812204055 0.575409327 -0.096066021 142.416895174 -0.575737459 -0.817186427 -0.027068813 213.035315186 -0.094079496 0.033323407 0.995006834 32.123181831
-0.809890958 0.578874712 -0.094766574 141.376041750 -0.578898801 -0.814845235 -0.030056969 212.299026632 -0.094619310 0.030517389 0.995045665 32.068196384
-0.808029948 0.580682921 -0.099473352 140.350141014 -0.581235514 -0.813309300 -0.026329843 211.548845402 -0.096191893 0.036542143 0.994691807 31.927724114
-0.805902092 0.583348199 -0.101127129 139.324376852 -0.584111831 -0.811288526 -0.024985921 210.876350653 -0.096618772 0.038933346 0.994559705 31.800681653
-0.802066659 0.589676739 -0.094712288 138.296237127 -0.589400008 -0.807130869 -0.033873159 210.166228682 -0.096419425 0.028654892 0.994928234 31.760745598
-0.800551284 0.592734385 -0.088224662 137.335243375 -0.592034154 -0.805074768 -0.036744781 209.417344346 -0.092807344 0.022815932 0.995422639 31.701367917
-0.798848559 0.595820203 -0.082699849 136.331027973 -0.594610112 -0.802954324 -0.041269458 208.617843705 -0.090993378 0.016206119 0.995719623 31.622173170
-0.797903640 0.597333426 -0.080886093 135.403311359 -0.596164968 -0.801836335 -0.040568748 207.935044608 -0.089090477 0.015851504 0.995897393 31.497870638
-0.794853082 0.601027347 -0.083514701 134.410000867 -0.600084334 -0.798995765 -0.038788647 207.120337692 -0.090040930 0.019284588 0.995751342 31.375129171
-0.793356815 0.603145479 -0.082465116 133.379314065 -0.602324932 -0.797378631 -0.037309442 206.273353085 -0.088258942 0.020071095 0.995895331 31.260365715
-0.789979534 0.607737195 -0.081165494 132.449547137 -0.606534835 -0.793969140 -0.041575215 205.588330492 -0.089709702 0.016386131 0.995833151 31.178231870
-0.786180325 0.613365626 -0.075518906 131.508249611 -0.611258815 -0.789776646 -0.051142071 204.807602547 -0.091011857 0.005954707 0.995832006 31.118514511
-0.782868257 0.617654562 -0.074967560 130.447386724 -0.615158943 -0.786445072 -0.055530375 204.074434177 -0.093256458 0.002643997 0.995638610 31.055146565
-0.779966845 0.620469682 -0.081664522 129.383705082 -0.618870120 -0.784103485 -0.046706517 203.265054964 -0.093013414 0.014110198 0.995564868 30.895118916
-0.777497376 0.623369756 -0.083114243 128.499305036 -0.622139982 -0.781716228 -0.043146046 202.429988834 -0.091867693 0.018162756 0.995605565 30.751845456
-0.773459678 0.628512858 -0.082047020 127.580764143 -0.626861568 -0.777664423 -0.047776773 201.651635997 -0.093833365 0.014478717 0.995482630 30.698441703
-0.771065588 0.630849998 -0.086522475 126.528780675 -0.629596480 -0.775643858 -0.044551970 200.784467572 -0.095216237 0.020121754 0.995253226 30.556263837
-0.769054382 0.633488461 -0.085133584 125.429091466 -0.632220860 -0.773505206 -0.044569958 199.924122474 -0.094085825 0.019546506 0.995372188 30.439066962
-0.766780632 0.636793011 -0.080883390 124.476315697 -0.635433518 -0.770848294 -0.044912701 199.203283338 -0.090948917 0.016957828 0.995711166 30.362185688
-0.764401080 0.639914497 -0.078742777 123.576618226 -0.638419046 -0.768300689 -0.046207936 198.387964496 -0.090067258 0.014949493 0.995823479 30.237606636
-0.760552386 0.644193516 -0.081085035 122.604435046 -0.642688999 -0.764686735 -0.046957925 197.565212649 -0.092254641 0.016398498 0.995600407 30.153627856
-0.756125793 0.648650649 -0.086753216 121.605687430 -0.647251145 -0.760811899 -0.047235679 196.745355959 -0.096642333 0.020435003 0.995109376 30.051941392
-0.754122188 0.650876117 -0.087521461 120.562215363 -0.649438530 -0.758901893 -0.047932379 195.864253612 -0.097618243 0.020692939 0.995008784 29.856701607
-0.751730584 0.654075656 -0.084179360 119.599970287 -0.652547272 -0.756201489 -0.048387664 194.970182607 -0.095305751 0.018556525 0.995275072 29.757127212
-0.749712022 0.656890182 -0.080169649 118.667524028 -0.655025027 -0.753856728 -0.051402807 194.100922907 -0.094202429 0.013975825 0.995454961 29.639026557
-0.747662215 0.659263346 -0.079831405 117.742793337 -0.657492970 -0.751767549 -0.050483131 193.254337463 -0.093296338 0.014744259 0.995529206 29.537308726
-0.746023448 0.661195977 -0.079176357 116.869076761 -0.659301983 -0.750090889 -0.051812683 192.453311488 -0.093647802 0.013547653 0.995513209 29.400792874
-0.744630139 0.663033519 -0.076892837 115.832290787 -0.661159555 -0.748483992 -0.051378562 191.589948220 -0.091618767 0.012580408 0.995714686 29.297990643
-0.743074204 0.664613149 -0.078294889 114.835848772 -0.662627772 -0.747081333 -0.052857516 190.683757610 -0.093622451 0.012603311 0.995527997 29.187804482
-0.741647276 0.665857683 -0.081196455 113.818309458 -0.664039997 -0.745914608 -0.051597290 189.758641548 -0.094922073 0.015650704 0.995361671 29.089652602
-0.740465364 0.666958276 -0.082931916 112.830134419 -0.665084769 -0.744917697 -0.052534513 188.900323554 -0.096815780 0.016256767 0.995169545 28.990526093
-0.739297496 0.667777037 -0.086677802 111.933233337 -0.666404735 -0.744031912 -0.048179279 187.999937853 -0.096664067 0.022143678 0.995070709 28.826765261
-0.738554067 0.668887009 -0.084427833 111.086958895 -0.667377565 -0.743094257 -0.049174295 187.169047054 -0.095629885 0.020027366 0.995215469 28.711573808
-0.738636718 0.669187774 -0.081262059 110.086448727 -0.667707935 -0.742859581 -0.048226090 186.259287843 -0.092638609 0.018637761 0.995525350 28.596407663
-0.737521999 0.671312681 -0.073488671 109.111836137 -0.668886808 -0.741143024 -0.057423473 185.342702442 -0.093014721 0.006804528 0.995641482 28.506473863
-0.736232446 0.671960089 -0.080196163 108.097738016 -0.669651261 -0.740493111 -0.056895878 184.405401517 -0.097616465 0.011814870 0.995153975 28.343277354
-0.735046521 0.672725402 -0.084540794 107.122359486 -0.670237426 -0.739776318 -0.059268816 183.521423361 -0.102412916 0.013097068 0.994655750 28.198546239
-0.734705104 0.673151286 -0.084117513 106.195840924 -0.670452846 -0.739417303 -0.061278323 182.618232198 -0.103447527 0.011375329 0.994569862 28.090523083
-0.735874904 0.672008551 -0.083021885 105.182098402 -0.669222228 -0.740476145 -0.061941006 181.775239548 -0.103100611 0.009979259 0.994620872 27.896354222
-0.736649626 0.670534549 -0.087924673 104.178248280 -0.668528512 -0.741652753 -0.054962004 180.881187821 -0.102063498 0.018292411 0.994609687 27.746316716
-0.739396245 0.668001904 -0.084063366 103.234782081 -0.665945168 -0.743996526 -0.054646157 180.026815362 -0.099046589 0.015576429 0.994960878 27.708637309
-0.740060041 0.666497873 -0.089953994 102.270459837 -0.665446985 -0.745049912 -0.045617298 179.212958011 -0.097424048 0.026100075 0.994900669 27.561640880
-0.741430992 0.663998597 -0.096881098 101.205429117 -0.663471162 -0.747007599 -0.042257122 178.307090974 -0.100429586 0.032947075 0.994398506 27.428535537
-0.742409007 0.662407071 -0.100228431 100.139360893 -0.662181611 -0.748257657 -0.040323601 177.370134797 -0.101707330 0.036432819 0.994147006 27.311142230
-0.743657395 0.660725677 -0.102055175 99.138025328 -0.661312007 -0.749391294 -0.032849933 176.398057222 -0.098184054 0.043061217 0.994236201 27.228232958
-0.744378825 0.659682573 -0.103532932 98.240425865 -0.660351895 -0.750248818 -0.032589651 175.502767570 -0.099174285 0.044109122 0.994091971 27.089796687
-0.745757706 0.658116854 -0.103574373 97.254470713 -0.658578640 -0.751718373 -0.034549424 174.753353882 -0.100596317 0.042446371 0.994021472 26.983873823
-0.746683821 0.657860267 -0.098402952 96.280938967 -0.657374713 -0.752398637 -0.041890063 173.924148936 -0.101596055 0.033408980 0.994264593 26.887541301
-0.747929753 0.656938255 -0.095043218 95.324756637 -0.656467348 -0.753262816 -0.040567843 173.049563622 -0.098243090 0.032050873 0.994646187 26.752978873
-0.748946294 0.655845825 -0.094581725 94.331601380 -0.655605472 -0.754148162 -0.037973881 172.159971429 -0.096233646 0.033567899 0.994792582 26.619997773
-0.749555977 0.655304147 -0.093500332 93.350701255 -0.654971421 -0.754671297 -0.038518441 171.354227549 -0.095803311 0.032368318 0.994873870 26.504559053
-0.749635003 0.655583186 -0.090873809 92.328095065 -0.655200242 -0.754489741 -0.038182099 170.541005067 -0.093594899 0.030917904 0.995130182 26.418280936
-0.750638091 0.654334798 -0.091588368 91.338710951 -0.654398455 -0.755405696 -0.033539489 169.714866296 -0.091132429 0.034759268 0.995231970 26.319781306
-0.749800702 0.655391200 -0.090891596 90.415200973 -0.655418950 -0.754511532 -0.033739413 168.833116356 -0.090691272 0.034274239 0.995289089 26.210588810
-0.749665578 0.654631178 -0.097260178 89.403439341 -0.655175252 -0.754852235 -0.030716314 167.910604219 -0.093524920 0.040695499 0.994784884 26.104651268
-0.748869890 0.655061005 -0.100443854 88.429094546 -0.655697423 -0.754379413 -0.031186378 167.007051726 -0.096201756 0.042506237 0.994453841 25.993473761
-0.747533895 0.656311177 -0.102218950 87.486312516 -0.657293439 -0.753094852 -0.028521559 166.182140032 -0.095699583 0.045867013 0.994352959 25.878856755
-0.747588665 0.655962783 -0.104038530 86.495925739 -0.657358887 -0.753159745 -0.025093678 165.379591821 -0.094818152 0.049630904 0.994256653 25.725275971
-0.746114140 0.658160525 -0.100689685 85.579172462 -0.659134791 -0.751503152 -0.028006057 164.531003415 -0.094101097 0.045472360 0.994523629 25.616879416
-0.746051313 0.657317715 -0.106493478 84.566353849 -0.658855373 -0.751852870 -0.025037158 163.668660036 -0.096524795 0.051484796 0.993998129 25.452001333
-0.746117796 0.656399021 -0.111573114 83.573859541 -0.658465534 -0.752276986 -0.022416018 162.718599825 -0.098647738 0.056742060 0.993503378 25.308129018
-0.746043089 0.655697104 -0.116107780 82.575366146 -0.658452260 -0.752402194 -0.018208784 161.769932408 -0.099299195 0.062866893 0.993069697 25.199485499
-0.745097827 0.657829969 -0.109949808 81.545449211 -0.659638606 -0.751192901 -0.024210227 160.870701189 -0.098519728 0.054488150 0.993642242 25.075860698
-0.744411404 0.659035088 -0.107351825 80.563226171 -0.660540686 -0.750341209 -0.025962907 160.052545687 -0.097660965 0.051583164 0.993882042 25.022237337
-0.745531181 0.658421516 -0.103268416 79.635774849 -0.659454443 -0.751197587 -0.028670961 159.208280091 -0.096452562 0.046725721 0.994240218 24.945469410
-0.746093917 0.657833048 -0.102954102 78.671553450 -0.658876758 -0.751716125 -0.028359906 158.363575409 -0.096048342 0.046674911 0.994281735 24.833357321
-0.746624133 0.656646317 -0.106620912 77.716214832 -0.657992420 -0.752540055 -0.027008164 157.499352996 -0.097971319 0.049990805 0.993932865 24.670779092
-0.746002270 0.656543835 -0.111493526 76.782285034 -0.658601741 -0.752156173 -0.022468609 156.642328507 -0.098612171 0.056668197 0.993511125 24.511071309
-0.746579774 0.656960632 -0.104982712 75.763604521 -0.658264388 -0.752315872 -0.026623742 155.785448374 -0.096470911 0.049229634 0.994117602 24.437667595
-0.747084226 0.656652734 -0.103307045 74.821787271 -0.657814904 -0.752687824 -0.027213819 154.926826721 -0.095627983 0.047625899 0.994277156 24.331879161
-0.746705837 0.658259926 -0.095521003 73.837210095 -0.658715167 -0.751746228 -0.031175930 154.053182227 -0.092329419 0.039641885 0.994939093 24.290888919
-0.746779154 0.657775235 -0.098247829 72.834722227 -0.658749830 -0.751885349 -0.026778416 153.137189713 -0.091485282 0.044723177 0.994801629 24.121621657
-0.747061522 0.656845122 -0.102242691 71.824887890 -0.658284252 -0.752394778 -0.023747466 152.264589263 -0.092525274 0.049563935 0.994475988 23.997069523
-0.747407359 0.656295067 -0.103242549 70.918293610 -0.657582995 -0.752938871 -0.025839127 151.367864336 -0.094693420 0.048578191 0.994320530 23.899441028
-0.747894034 0.655806065 -0.102824696 69.951973661 -0.656609605 -0.753609336 -0.030607115 150.505402010 -0.097561982 0.044624804 0.994228488 23.808302158
-0.748059722 0.655831240 -0.101449675 68.980004740 -0.656188797 -0.753806910 -0.034516737 149.703077313 -0.099110621 0.040749559 0.994241700 23.692206917
-0.748884528 0.654368997 -0.104752943 67.893356871 -0.654873298 -0.754958274 -0.034336100 148.814327720 -0.101552581 0.042886131 0.993905354 23.507535876
-0.749681399 0.653363491 -0.105327818 66.904757494 -0.653579558 -0.755939138 -0.037279771 147.988268587 -0.103978661 0.040892158 0.993738532 23.372284576
-0.750036613 0.653330088 -0.102979976 66.011788806 -0.653476322 -0.756040805 -0.037026987 147.128720084 -0.102047908 0.039523380 0.993994028 23.296589070
-0.749315295 0.654370919 -0.101613424 65.028461147 -0.654626826 -0.755118818 -0.035486472 146.275150550 -0.099951524 0.039928317 0.994190838 23.170293962
-0.748684217 0.655161414 -0.101170472 64.041236368 -0.655504867 -0.754402884 -0.034491415 145.387602737 -0.098920740 0.040494559 0.994271028 23.025036477
-0.749673407 0.654096309 -0.100736292 63.048073920 -0.654590209 -0.755276176 -0.032704068 144.554317513 -0.097475332 0.041423621 0.994375504 22.883918602
-0.751252033 0.652477175 -0.099468186 62.099027819 -0.652859755 -0.756751529 -0.033185301 143.602257127 -0.096925353 0.040008251 0.994487213 22.788487923
-0.750814671 0.652926151 -0.099823702 61.035130494 -0.653096240 -0.756441278 -0.035523165 142.758278471 -0.098704772 0.038523171 0.994370823 22.648373501
-0.750027476 0.653591751 -0.101373607 60.057302344 -0.653707042 -0.755856022 -0.036725720 141.916517213 -0.100627479 0.038723342 0.994170314 22.537531141
-0.749417881 0.654001233 -0.103224159 59.100954207 -0.654030719 -0.755497544 -0.038305077 141.098834061 -0.103037167 0.038805261 0.993920265 22.411842326
-0.750168473 0.653064592 -0.103701016 58.194362819 -0.653272636 -0.756233299 -0.036688695 140.311321803 -0.102382249 0.040222333 0.993931607 22.308625169
-0.751139007 0.652407699 -0.100768971 57.284046740 -0.652762871 -0.756799058 -0.033997343 139.443536114 -0.098441991 0.040241512 0.994328816 22.222550813
-0.751901211 0.651325060 -0.102079555 56.311754959 -0.651983212 -0.757582794 -0.031403858 138.578466046 -0.097787835 0.042941557 0.994280424 22.083473593
-0.752321779 0.650748342 -0.102657371 55.423391563 -0.651682310 -0.757945018 -0.028801333 137.751877063 -0.096551063 0.045232122 0.994299727 21.955995383
-0.752309854 0.650716110 -0.102948661 54.446539558 -0.651831091 -0.757881023 -0.027066291 136.916112492 -0.095635308 0.046742901 0.994318354 21.853132631
-0.750969995 0.651947871 -0.104919211 53.397647402 -0.653050825 -0.756786959 -0.028250992 136.057342144 -0.097819664 0.047301930 0.994079394 21.770687229
-0.749083234 0.653484043 -0.108779201 52.355774423 -0.654360143 -0.755487015 -0.032437241 135.191210541 -0.103378493 0.046882580 0.993536567 21.573352787
-0.749210784 0.652934874 -0.111172169 51.324699738 -0.653660985 -0.755983172 -0.034882096 134.293578861 -0.106820026 0.046534867 0.993188798 21.422173790
-0.750366231 0.651383828 -0.112470567 50.367266792 -0.652024863 -0.757337720 -0.036099253 133.461692094 -0.108692672 0.046245946 0.992999101 21.360685826
-0.749875806 0.651950756 -0.112456601 49.375966041 -0.652882913 -0.756719478 -0.033459444 132.582210376 -0.106912010 0.048330566 0.993093137 21.271934380
-0.749812513 0.652521047 -0.109533001 48.385282337 -0.653457989 -0.756280977 -0.032120706 131.744203531 -0.103797162 0.047490708 0.993464031 21.200452221
-0.748911245 0.653451006 -0.110153215 47.407415850 -0.654435816 -0.755438926 -0.032027976 130.916637102 -0.104142740 0.048102097 0.993398449 21.016523686
-0.749273445 0.652406737 -0.113818953 46.470434327 -0.653590609 -0.756180118 -0.031795373 130.100297962 -0.106811145 0.050567570 0.992992598 20.888285427
-0.748154834 0.653467818 -0.115083254 45.423287344 -0.654442622 -0.755328813 -0.034398224 129.171395733 -0.109403830 0.049580189 0.992760095 20.750506887
-0.747682284 0.653665989 -0.117012725 44.473599141 -0.655032438 -0.754932533 -0.031770663 128.349516827 -0.109104114 0.052892769 0.992622107 20.628430694
-0.749210529 0.652260520 -0.115064318 43.553653595 -0.653977054 -0.756017644 -0.027410470 127.548265485 -0.104869422 0.054713210 0.992979793 20.541019973
-0.750579593 0.651232341 -0.111922800 42.642663240 -0.653419242 -0.756705496 -0.020978238 126.703805381 -0.098354305 0.057386673 0.993495446 20.443320167
-0.749113744 0.653507407 -0.108428168 41.639722348 -0.655374758 -0.754971511 -0.022404109 125.751134740 -0.096501428 0.054277858 0.993851794 20.311325086
-0.748849190 0.653345380 -0.111196690 40.601464288 -0.655053633 -0.755151165 -0.025523624 124.826698779 -0.100646052 0.053726451 0.993470604 20.142618863
-0.747802721 0.654804209 -0.109647336 39.693815567 -0.655784167 -0.754272019 -0.031950688 123.936758430 -0.103625362 0.048012175 0.993456902 20.047450171
-0.748673397 0.653586819 -0.110961321 38.663875622 -0.654667054 -0.755260331 -0.031509994 123.119023592 -0.104399201 0.049052027 0.993325075 19.968599740
-0.749062070 0.652612219 -0.114032044 37.639321536 -0.654926628 -0.755398880 -0.021062888 122.207790590 -0.099885577 0.058905212 0.993253768 19.812393089
-0.750165115 0.651667042 -0.112171144 36.619979175 -0.653983554 -0.756248330 -0.019848814 121.331417842 -0.097764058 0.058468195 0.993490644 19.697158094
-0.749941683 0.652350413 -0.109664993 35.633357879 -0.654158331 -0.755989057 -0.023609844 120.519329181 -0.098307427 0.054032263 0.993688163 19.601208934
-0.750495233 0.652032466 -0.107752350 34.665951769 -0.653411610 -0.756525309 -0.026883541 119.745615496 -0.099046322 0.050230667 0.993814221 19.486508685
-0.750533774 0.652011871 -0.107608430 33.718309529 -0.652958529 -0.756755151 -0.031093415 118.868096365 -0.101706509 0.046927184 0.993707012 19.344706947
-0.750120149 0.651615646 -0.112768840 32.742848743 -0.652532465 -0.757010344 -0.033715291 117.921757169 -0.107336589 0.048294810 0.993049076 19.178147709
-0.750410173 0.651862687 -0.109360003 31.716594492 -0.652080882 -0.757159363 -0.038732714 117.024017945 -0.108051362 0.042246145 0.993247284 19.087450712
-0.749826044 0.653594891 -0.102832982 30.687652699 -0.653399866 -0.755940355 -0.040283936 116.136041379 -0.104064976 0.036985112 0.993882580 19.007059733
-0.750390864 0.652835508 -0.103534293 29.715088840 -0.653010416 -0.756448162 -0.036926601 115.306512745 -0.102425322 0.039899588 0.993940177 18.858731051
-0.751835686 0.651260911 -0.102967601 28.727064849 -0.651321215 -0.757865219 -0.037695945 114.495330004 -0.102585459 0.038723826 0.993970165 18.727320875
-0.751126386 0.652059412 -0.103090622 27.794049082 -0.651932218 -0.757242045 -0.039608956 113.580467937 -0.103891946 0.037456766 0.993883018 18.611353721
-0.749820237 0.653570489 -0.103030230 26.785004654 -0.653134393 -0.756040865 -0.042634207 112.711000022 -0.105759524 0.035324596 0.993764105 18.541732470
-0.749487980 0.653891692 -0.103409008 25.781509553 -0.653363925 -0.755784935 -0.043643017 111.818211117 -0.106692777 0.034853799 0.993680967 18.376829280
-0.748265456 0.654370656 -0.109077272 24.805205058 -0.654889824 -0.754864989 -0.036030099 110.918343330 -0.105915653 0.044473517 0.993380079 18.184871119
-0.747759683 0.654839385 -0.109730743 23.845924365 -0.655362139 -0.754441436 -0.036312348 109.993284260 -0.106564174 0.044760465 0.993297829 18.043105635
-0.749894906 0.652939866 -0.106429141 22.924581140 -0.653094054 -0.756309367 -0.038266137 109.178522455 -0.105478843 0.040812658 0.993583686 17.972347021
-0.749102000 0.653770636 -0.106911878 21.929308227 -0.653912353 -0.755583011 -0.038638687 108.351405881 -0.106041638 0.040966680 0.993517439 17.848893115
-0.748791544 0.653653659 -0.109763919 20.949698350 -0.654062080 -0.755521202 -0.037289515 107.430602235 -0.107303396 0.043870343 0.993257960 17.668781832
-0.748973428 0.653396484 -0.110053801 19.920024908 -0.653683116 -0.755788013 -0.038507950 106.585247373 -0.108338303 0.043098880 0.993179389 17.529955546
-0.748346935 0.654134426 -0.109931876 18.972454143 -0.654068504 -0.755283674 -0.041724858 105.733489279 -0.110323417 0.040678308 0.993062948 17.445351478
-0.749688835 0.653367708 -0.105248702 17.973420477 -0.652491684 -0.756314007 -0.047367987 104.876079013 -0.110549780 0.033162652 0.993317162 17.328829457
-0.748573941 0.654839622 -0.104029442 16.996482883 -0.653602239 -0.755160560 -0.050365085 103.999266522 -0.111539985 0.030291886 0.993298159 17.136945102
-0.749236293 0.653902024 -0.105152844 16.099984555 -0.652716550 -0.755941110 -0.050141240 103.139086952 -0.112276816 0.031067365 0.993191188 17.025801607
-0.749619301 0.653692815 -0.103714063 15.114755794 -0.652181606 -0.756234486 -0.052617067 102.353460327 -0.112827550 0.028197635 0.993214397 16.918353422
-0.749348084 0.653455376 -0.107114524 14.103044133 -0.652491223 -0.756228548 -0.048719465 101.452003776 -0.112839057 0.033383449 0.993052311 16.757701408
-0.749094129 0.653885326 -0.106263663 13.130263176 -0.652890044 -0.755880598 -0.048776148 100.536748707 -0.112216648 0.032840561 0.993140937 16.652668680
-0.749184691 0.653755615 -0.106423186 12.163256656 -0.653223341 -0.755846447 -0.044670081 99.725175948 -0.109642903 0.036051968 0.993317014 16.546792685
-0.751066711 0.651883214 -0.104628250 11.123208444 -0.651030099 -0.757604311 -0.046856354 98.859396109 -0.109811684 0.032923892 0.993406972 16.440816968
-0.752597315 0.649761220 -0.106806546 10.261364969 -0.649431429 -0.759223893 -0.042636834 98.140422075 -0.108793843 0.037275161 0.993365221 16.293473169
-0.753400213 0.649203118 -0.104515219 9.286978167 -0.648398333 -0.759899736 -0.046173518 97.278356768 -0.109397080 0.032980355 0.993450842 16.196356786
-0.754531095 0.646630213 -0.112036578 8.297313095 -0.646285183 -0.761807755 -0.044321627 96.384408207 -0.114010037 0.038965535 0.992715165 16.025253725
-0.755019169 0.645676975 -0.114224773 7.314244927 -0.645623878 -0.762472873 -0.042484431 95.513136791 -0.114524510 0.041669681 0.992546107 15.873918760
-0.755606834 0.644880217 -0.114838224 6.319603376 -0.645238686 -0.762982029 -0.039057169 94.633621518 -0.112806697 0.044586201 0.992616099 15.729504445
-0.757277007 0.643987568 -0.108680944 5.407839778 -0.644236079 -0.763904790 -0.037541250 93.872977114 -0.107197992 0.041587060 0.993367559 15.653341463
-0.757873903 0.643860490 -0.105217952 4.437325525 -0.644097462 -0.764082380 -0.036284667 93.086332794 -0.103757446 0.040271414 0.993787002 15.502897547
-0.757965847 0.644045575 -0.103407311 3.419312527 -0.644046225 -0.764048248 -0.037877891 92.260879245 -0.103403263 0.037888940 0.993917599 15.427897904
-0.758463627 0.642569023 -0.108802472 2.440894874 -0.642824861 -0.765099337 -0.037405926 91.457906453 -0.107280588 0.041569899 0.993359360 15.288821100
-0.758626148 0.641801865 -0.112146037 1.543303881 -0.642371204 -0.765556549 -0.035810702 90.641203129 -0.108837509 0.044872450 0.993046253 15.142213377
-0.759129585 0.641745807 -0.109016475 0.637863551 -0.641833255 -0.765853310 -0.038971522 89.872363512 -0.108500439 0.040385964 0.993275706 15.060794575
-0.759486388 0.641260027 -0.109389230 -0.357601662 -0.641007806 -0.766376540 -0.042142517 89.052788631 -0.110857651 0.038112683 0.993105233 14.955522782
-0.760577062 0.639579128 -0.111629168 -1.310075124 -0.639417297 -0.767712643 -0.041985928 88.271906012 -0.112552447 0.039444087 0.992862584 14.812780368
-0.759965211 0.640199382 -0.112239163 -2.238012609 -0.640192020 -0.767125772 -0.040892874 87.551963113 -0.112281147 0.040777455 0.992839435 14.659404809
-0.761866748 0.637443238 -0.115000766 -3.131212296 -0.637863315 -0.769214297 -0.037944121 86.766944736 -0.112647456 0.044446406 0.992640452 14.534552793
-0.762845114 0.636225363 -0.115258921 -4.082325350 -0.636873125 -0.770130926 -0.035930202 85.930446611 -0.111624165 0.045996130 0.992685450 14.405900486
-0.760514149 0.638795767 -0.116439673 -5.045878221 -0.639187465 -0.768067529 -0.038880004 85.090127327 -0.114269914 0.044857986 0.992436470 14.288332494
-0.758875276 0.640607221 -0.117178083 -5.930300393 -0.640558159 -0.766699583 -0.043092868 84.351821596 -0.117445989 0.042357265 0.992175540 14.150086231
-0.757897194 0.641655343 -0.117772087 -6.761019299 -0.641612176 -0.765803142 -0.043351613 83.594895709 -0.118007028 0.042707939 0.992093934 14.041901626
-0.758228701 0.641633850 -0.115737804 -7.581423063 -0.641198044 -0.765999394 -0.045934686 82.907110173 -0.118128337 0.039381856 0.992217096 13.944481904
-0.757135658 0.643522110 -0.112360530 -8.403736639 -0.643224585 -0.764426094 -0.043759346 82.182617135 -0.114051428 0.039141295 0.992703496 13.852923355
-0.756246791 0.645858167 -0.104680553 -9.157749414 -0.644968182 -0.762779173 -0.046733045 81.447738152 -0.110031065 0.032173911 0.993407270 13.757830465
-0.755058569 0.646292003 -0.110422840 -10.018875088 -0.646288312 -0.762007390 -0.040695879 80.727557790 -0.110444441 0.040637218 0.993051178 13.576133214
-0.754420710 0.645491739 -0.119120975 -10.886964924 -0.646739348 -0.761991514 -0.033123209 80.053903955 -0.112149930 0.052051387 0.992327086 13.459973244
-0.752957315 0.645479243 -0.128108663 -11.643474203 -0.648350661 -0.760977985 -0.023535646 79.323313776 -0.112679643 0.065337999 0.991480834 13.365877907
-0.752243221 0.645694945 -0.131179933 -12.486675183 -0.649320752 -0.760282752 -0.018780285 78.606486296 -0.111860175 0.071050510 0.991180673 13.201800660
-0.751838792 0.646485353 -0.129595985 -13.302527660 -0.649773751 -0.759841788 -0.020845360 77.983198060 -0.111948665 0.068535719 0.991347745 13.108191676
-0.750256691 0.649055838 -0.125862692 -14.052586640 -0.651684411 -0.758087503 -0.024713674 77.321510378 -0.111455489 0.063481155 0.991739793 13.063740087
-0.748265270 0.652275160 -0.120980168 -14.807320661 -0.654266024 -0.755745373 -0.028016086 76.650285196 -0.109704400 0.058189749 0.992259491 13.029396790
-0.746930597 0.654652311 -0.116297181 -15.560509365 -0.655694281 -0.754239996 -0.034453418 76.025507271 -0.110270996 0.050521084 0.992616707 12.947043750
-0.744283796 0.657326709 -0.118166104 -16.272559279 -0.658068023 -0.751989173 -0.038193714 75.395430645 -0.113965379 0.049334372 0.992259045 12.824320490
-0.740899598 0.661396354 -0.116716102 -16.929940061 -0.661406091 -0.748720958 -0.044259573 74.846496917 -0.116660912 0.044404841 0.992178634 12.740745661
-0.735119537 0.668266897 -0.114099169 -17.531953422 -0.667481034 -0.742902408 -0.050646631 74.198213207 -0.118610015 0.038927703 0.992177554 12.627396661
-0.731920482 0.673070525 -0.106153082 -18.071439923 -0.671718618 -0.738877072 -0.053430047 73.662230812 -0.114396269 0.032198456 0.992913266 12.597044489
-0.726874482 0.678666081 -0.105194287 -18.673059918 -0.677287544 -0.733744970 -0.053850739 73.126929034 -0.113732449 0.032104052 0.992992578 12.535719294
-0.721078657 0.684935421 -0.104446348 -19.313721967 -0.683652673 -0.727857746 -0.053311580 72.484988017 -0.112537072 0.032963182 0.993100617 12.441160018
-0.711169891 0.695870742 -0.100006482 -19.981085115 -0.694251342 -0.717555016 -0.055945273 71.867883938 -0.110690831 0.029643040 0.993412719 12.372778292
-0.698269459 0.708706089 -0.100774211 -20.598480333 -0.707114104 -0.704801096 -0.056965417 71.278344834 -0.111397513 0.031481655 0.993277151 12.303256558
-0.683525135 0.723320669 -0.097982650 -21.168644295 -0.721266445 -0.689919208 -0.061532111 70.664747949 -0.112107560 0.028612854 0.993284048 12.242994506
-0.667604309 0.738068403 -0.097772798 -21.702699702 -0.736279931 -0.673980802 -0.060346843 70.048920136 -0.110437086 0.031700337 0.993377440 12.127009546
-0.648412134 0.754922234 -0.098255406 -22.181886798 -0.753301466 -0.654889879 -0.060466084 69.454743995 -0.109993662 0.034808999 0.993322570 12.014334445
-0.630138394 0.771072748 -0.091500939 -22.580349782 -0.768722868 -0.636112621 -0.066527330 68.841320836 -0.109502313 0.028417439 0.993580240 12.011068184
-0.608484844 0.787928601 -0.094417760 -23.089225418 -0.785877889 -0.614830822 -0.066174044 68.222737624 -0.110191370 0.033934927 0.993330903 11.923592335
-0.581836742 0.807633862 -0.095883002 -23.598007406 -0.805930040 -0.588380681 -0.065459495 67.525537505 -0.109283011 0.039188252 0.993237889 11.850885217
-0.551567376 0.828742959 -0.094649549 -24.005627306 -0.826853456 -0.558179907 -0.068909752 66.983000390 -0.109939949 0.040252936 0.993122807 11.803080959
-0.518048901 0.850855134 -0.087583539 -24.304236661 -0.848948135 -0.523973689 -0.068837767 66.311679323 -0.104462437 0.038692553 0.993775873 11.701818313
-0.480376328 0.872453585 -0.089796024 -24.589265452 -0.870927573 -0.486597912 -0.068612200 65.647483952 -0.103555518 0.045246156 0.993594002 11.601272508
-0.439916344 0.894097086 -0.084047672 -24.890204599 -0.892070376 -0.445846783 -0.073695934 65.027155250 -0.103363704 0.042556393 0.993732810 11.588482088
-0.397763227 0.913858862 -0.081525434 -25.172884631 -0.911750777 -0.403633942 -0.076093106 64.365657788 -0.102444791 0.044063838 0.993762267 11.474274038
-0.353801872 0.932187403 -0.076491053 -25.467038365 -0.929885078 -0.359371348 -0.078523730 63.654612387 -0.100687524 0.043346046 0.993973411 11.393803442
-0.307932358 0.948153600 -0.078628327 -25.633632479 -0.946448778 -0.313706691 -0.076307414 62.980506358 -0.097017382 0.050920162 0.993979258 11.301077532
-0.259069676 0.962665770 -0.078469853 -25.717926355 -0.961143350 -0.264970762 -0.077420645 62.333613032 -0.095322422 0.055363436 0.993905693 11.233462413
-0.210380002 0.974555457 -0.077342842 -25.856554596 -0.972961366 -0.216435234 -0.080634792 61.745736535 -0.095322793 0.058287649 0.993738454 11.187436035
-0.156780227 0.984547437 -0.078014770 -25.964515034 -0.983095177 -0.163136075 -0.083129377 61.007832263 -0.094571838 0.063662902 0.993480348 11.119667638
-0.103886121 0.991790463 -0.074561058 -26.013603583 -0.990500995 -0.109958147 -0.082565032 60.313385926 -0.090085807 0.065275441 0.993792566 11.107975494
-0.051126490 0.995898140 -0.074652367 -26.028961961 -0.995183464 -0.057064756 -0.079708755 59.668308778 -0.083641820 0.070217573 0.994018882 11.083938099
0.000985264 0.997346003 -0.072800964 -26.007272779 -0.996910996 -0.004737698 -0.078396558 58.966977308 -0.078533403 0.072653323 0.994260529 11.003440028
0.054781977 0.995793163 -0.073450055 -25.892504736 -0.996133492 0.049444399 -0.072617611 58.309807407 -0.068680427 0.077144196 0.994651583 10.926419363
0.109594261 0.991414117 -0.071324233 -25.755924780 -0.991771047 0.104291868 -0.074252249 57.654137705 -0.066176190 0.078874930 0.994685607 10.922191300
0.161085424 0.984591119 -0.068057444 -25.585449140 -0.984990790 0.156052183 -0.073762180 56.976999622 -0.062005075 0.078917967 0.994950916 10.867093935
0.210142590 0.975652605 -0.062786041 -25.407518746 -0.975836934 0.205383912 -0.074563578 56.353004995 -0.059852906 0.076937921 0.995237753 10.843742840
0.257951102 0.964328175 -0.059434001 -25.256934792 -0.964419795 0.253311051 -0.075683361 55.719488907 -0.057928308 0.076841933 0.995359045 10.800458642
0.304350382 0.950830657 -0.057375149 -25.145466661 -0.951042132 0.299914539 -0.074633325 55.088181642 -0.053756012 0.077280865 0.995559119 10.770471908
0.342942618 0.937835524 -0.053431178 -24.918700999 -0.938117538 0.339015573 -0.070738430 54.541371120 -0.048227011 0.074383948 0.996062841 10.736508505
0.376141549 0.925201742 -0.050192356 -24.686348656 -0.925717782 0.372934771 -0.062978129 53.866888403 -0.039549000 0.070152648 0.996751966 10.697737541
0.400028715 0.915305689 -0.046824389 -24.406883260 -0.915822055 0.397241134 -0.058901999 53.377879400 -0.035312762 0.066445299 0.997164997 10.713578162
0.415480033 0.908512260 -0.044517588 -24.074966466 -0.909082577 0.413090805 -0.054081934 52.786431700 -0.030744293 0.062940128 0.997543648 10.730091457
0.425216163 0.903865653 -0.047096675 -23.710107116 -0.904679936 0.422877186 -0.052240777 52.145112628 -0.027302535 0.064821040 0.997523335 10.747088183
0.432104573 0.900620715 -0.046561408 -23.480611200 -0.901422669 0.429797259 -0.052071942 51.587464631 -0.026885104 0.064472033 0.997557291 10.712814145
0.435332683 0.899072424 -0.046413696 -23.203878960 -0.899865261 0.433013361 -0.052363557 51.018643135 -0.026980879 0.064561640 0.997548909 10.662292713
0.436038431 0.898670673 -0.047555315 -22.901950207 -0.899450650 0.433477203 -0.055552170 50.450507386 -0.029308961 0.066996540 0.997322640 10.657839894
0.437879484 0.897718436 -0.048612417 -22.668743138 -0.898526684 0.435176631 -0.057193516 49.831388488 -0.030188686 0.068723420 0.997178888 10.617723313
0.437595499 0.897846492 -0.048804254 -22.369464089 -0.898642263 0.434830321 -0.058005818 49.222130492 -0.030858751 0.069240650 0.997122595 10.626115428
0.435133632 0.898829884 -0.052569583 -22.072377627 -0.899841016 0.432144735 -0.059473307 48.700814838 -0.030738717 0.073183103 0.996844704 10.630731219
0.431829862 0.900286931 -0.054830757 -21.814323643 -0.901392245 0.428614963 -0.061491742 48.158494378 -0.031858929 0.075977990 0.996600398 10.623847220
0.424847563 0.903556336 -0.055592223 -21.578172057 -0.904697117 0.421605099 -0.061418791 47.540861815 -0.032057373 0.076387748 0.996562711 10.604605230
0.419686341 0.905914962 -0.056404409 -21.383526621 -0.907055653 0.416307601 -0.062753673 47.046717740 -0.033367907 0.077498798 0.996433901 10.564400189
0.413195515 0.908577729 -0.061286030 -21.179809221 -0.910001363 0.409443905 -0.065216628 46.486020568 -0.034161185 0.082717589 0.995987356 10.567295148
0.406717038 0.911402146 -0.062668799 -20.936095292 -0.912875870 0.402814648 -0.066317458 46.040117396 -0.035197963 0.084181274 0.995828608 10.545849693
0.400312019 0.914095634 -0.064648744 -20.733689266 -0.915719269 0.396350858 -0.066062228 45.586866650 -0.034763609 0.085645604 0.995718997 10.536127466
0.394105917 0.916646444 -0.066631995 -20.548603959 -0.918450514 0.390155214 -0.065019707 45.026030692 -0.033603263 0.086822842 0.995656876 10.491860435
0.387560362 0.919332989 -0.067998685 -20.343559848 -0.921228491 0.383550532 -0.065015821 44.516648493 -0.033690257 0.087839881 0.995564725 10.465057100
0.382489568 0.921365583 -0.069189536 -20.159397309 -0.923348008 0.378438446 -0.064906079 44.045860518 -0.033618247 0.088711919 0.995489834 10.460087392
0.375580826 0.923928526 -0.072767587 -19.931507612 -0.926133925 0.371203453 -0.066962302 43.590105547 -0.034856801 0.092542287 0.995098452 10.456332112
0.369569050 0.926268419 -0.073793850 -19.716884628 -0.928431305 0.364859205 -0.069950498 43.118259789 -0.037868572 0.094364060 0.994817267 10.462988563
0.363638765 0.928519208 -0.074959511 -19.572780430 -0.930712237 0.358745830 -0.071247189 42.663512070 -0.039262972 0.095673974 0.994638080 10.433146123
0.357986759 0.930917610 -0.072373220 -19.425851415 -0.932819055 0.353146155 -0.071668713 42.252938044 -0.041159343 0.093167569 0.994799333 10.423593751
0.354247838 0.932367188 -0.072110310 -19.244347262 -0.934190506 0.349335027 -0.072478535 41.858182432 -0.042385951 0.093040132 0.994759752 10.395122527
0.348957284 0.934414256 -0.071405970 -19.072690819 -0.936153496 0.344084231 -0.072268069 41.512181124 -0.042958646 0.092065417 0.994825871 10.369481905
0.344222338 0.936051557 -0.072927807 -19.007221844 -0.937825404 0.339099179 -0.074130005 41.134657908 -0.044659747 0.093910754 0.994578442 10.373075564
0.339630073 0.937563373 -0.075008900 -18.950656665 -0.939472352 0.334324628 -0.074958272 40.844668284 -0.045200808 0.095926871 0.994361565 10.384084075
0.335491847 0.938882898 -0.077098146 -18.715405153 -0.940956685 0.330051371 -0.075276891 40.527923286 -0.045229837 0.097800799 0.994177683 10.378523923
0.332050780 0.940156804 -0.076468713 -18.583903833 -0.942191234 0.326721539 -0.074355328 40.241265819 -0.044921692 0.096737896 0.994295641 10.327340946
0.330374207 0.940746418 -0.076479148 -18.493277678 -0.942783663 0.325065166 -0.074105351 39.947302338 -0.044853636 0.096585788 0.994313500 10.330824311
0.328543760 0.941337870 -0.077084451 -18.422323130 -0.943497063 0.323364866 -0.072446228 39.679277472 -0.043269975 0.096530709 0.994389024 10.340448674
0.327564449 0.941493303 -0.079321443 -18.376515101 -0.944027355 0.322673910 -0.068512053 39.406316652 -0.038908679 0.097323725 0.994491934 10.317867828
0.327587333 0.941281356 -0.081706478 -18.336720986 -0.944134871 0.322828247 -0.066266653 39.199520988 -0.035998406 0.098850051 0.994450995 10.325242339
0.330323161 0.940104623 -0.084201582 -18.266429619 -0.943189496 0.325387973 -0.067202993 38.980089945 -0.035779662 0.101616753 0.994179989 10.368577292
0.334205818 0.938688854 -0.084674121 -18.118352141 -0.941838711 0.329255651 -0.067309430 38.740884935 -0.035303179 0.102244568 0.994132654 10.343163095
0.341490186 0.936092383 -0.084353443 -17.995383356 -0.939260505 0.336613958 -0.066938380 38.534704066 -0.034265962 0.102088657 0.994184968 10.320528442
0.352035811 0.932328678 -0.082668152 -17.906892743 -0.935425257 0.347391532 -0.065564560 38.268741523 -0.032409503 0.100410950 0.994418054 10.328164326
0.362819661 0.928159579 -0.082955952 -17.834719665 -0.931458184 0.358611609 -0.061509067 38.030222078 -0.027341263 0.099586699 0.994653178 10.297067384
0.376757118 0.922483200 -0.084135716 -17.761994612 -0.926014436 0.372776878 -0.059453030 37.851177822 -0.023480572 0.100310240 0.994679103 10.319213037
0.391492506 0.916310681 -0.084311053 -17.661905170 -0.919949972 0.387693402 -0.058188267 37.623425122 -0.020631691 0.100342221 0.994739047 10.337598521
0.409056813 0.908559997 -0.084801271 -17.507943134 -0.912301772 0.405214106 -0.059219971 37.398431961 -0.019442226 0.101588682 0.994636486 10.334020704
0.427725128 0.899822735 -0.085850223 -17.353602682 -0.903788178 0.424182854 -0.056884408 37.191767705 -0.014769691 0.101921307 0.994682815 10.328884747
0.447786395 0.890008438 -0.085862241 -17.282062795 -0.894054607 0.444342704 -0.056797187 37.008089573 -0.012397716 0.102198540 0.994686762 10.343142636
0.468655533 0.879003627 -0.087832885 -17.166082805 -0.883358977 0.465619523 -0.053622539 36.828564878 -0.006237700 0.102718467 0.994690911 10.345336726
0.490496347 0.866705819 -0.090743357 -16.992964877 -0.871442251 0.487671789 -0.052579752 36.594528456 -0.001318202 0.104867771 0.994485300 10.321226618
0.513095394 0.853389826 -0.091972394 -16.861951850 -0.858327556 0.510467376 -0.051931347 36.391909878 0.002631223 0.105588175 0.994406463 10.323348208
0.537030237 0.838752676 -0.089958171 -16.696233729 -0.843548613 0.534581470 -0.051462506 36.155200253 0.004925656 0.103521012 0.994615070 10.346990947
0.562050600 0.822706441 -0.085165929 -16.475305155 -0.827094548 0.559518763 -0.053416870 35.879986367 0.003705532 0.100463260 0.994933868 10.364522708
0.587696876 0.804978505 -0.081375601 -16.253925597 -0.809079323 0.584931875 -0.056967981 35.637289813 0.001741183 0.099319220 0.995054099 10.356053715
0.612612873 0.786240785 -0.080813954 -16.074337260 -0.790381487 0.609608456 -0.060618768 35.343086897 0.001603922 0.101009691 0.994884149 10.378426651
0.637261167 0.766519827 -0.079659018 -15.856216522 -0.770647571 0.633944616 -0.064934926 35.039671488 0.000725497 0.102769536 0.994704929 10.378987186
0.661429479 0.745825859 -0.079087501 -15.634077611 -0.749994253 0.658353809 -0.063866133 34.790786064 0.004434544 0.101558114 0.994819725 10.382091792
0.686194248 0.723280139 -0.077480925 -15.324950406 -0.727395777 0.683108481 -0.065254784 34.538330025 0.005730388 0.101136755 0.994856029 10.371099667
0.709998801 0.700141762 -0.075519641 -15.041735930 -0.704167263 0.706947192 -0.066137228 34.311062118 0.007082963 0.100135812 0.994948567 10.378929388
0.733425444 0.675337153 -0.077503859 -14.757922765 -0.679692346 0.730281899 -0.068605119 34.030335140 0.010268080 0.102995520 0.994628820 10.363870647
0.757269270 0.648019476 -0.081326573 -14.437832968 -0.652908248 0.754190501 -0.070053602 33.783967010 0.015939630 0.106148231 0.994222551 10.358466128
0.780666066 0.619203378 -0.084543887 -14.091280340 -0.624578861 0.777683701 -0.071479418 33.499293101 0.021488106 0.108605881 0.993852617 10.405506300
0.803602496 0.589269850 -0.083570768 -13.682791693 -0.594699372 0.800578081 -0.073534973 33.237138805 0.023572982 0.108792371 0.993784954 10.413888597
0.825522850 0.558650701 -0.080133754 -13.272957317 -0.563858162 0.822457816 -0.075014096 32.955653253 0.023999955 0.107109922 0.993957477 10.413159045
0.846733817 0.526311620 -0.077704067 -12.836527255 -0.531401848 0.843705864 -0.075976914 32.721453362 0.025571844 0.105624307 0.994077254 10.418321791
0.866414414 0.493375481 -0.076855039 -12.406934423 -0.498566998 0.863270477 -0.078708529 32.439476980 0.027513828 0.106511590 0.993930717 10.436259835
0.884890125 0.459387741 -0.077021875 -11.899504909 -0.464903743 0.881281732 -0.084894165 32.220628028 0.028878632 0.110929766 0.993408582 10.426447165
0.902784321 0.422992192 -0.077833643 -11.403586938 -0.429041051 0.898358223 -0.094214013 32.011815233 0.030070702 0.118448762 0.992504732 10.452288521
0.919150643 0.385750402 -0.079741601 -10.860915715 -0.392332119 0.914602396 -0.097867077 31.767149410 0.035179595 0.121239778 0.991999653 10.450692357
0.933811693 0.348488623 -0.080940735 -10.313961699 -0.355407643 0.929534431 -0.098240261 31.529663183 0.041001587 0.120504861 0.991865640 10.506367874
0.946799129 0.311267953 -0.081753719 -9.719242207 -0.318478380 0.942757525 -0.098892720 31.280286839 0.046291799 0.119668333 0.991734117 10.530563780
0.957544139 0.276179084 -0.082670042 -9.141443550 -0.283621069 0.953865378 -0.098488226 31.134229843 0.051655703 0.117753789 0.991698409 10.574731532
0.965698978 0.245976002 -0.083194287 -8.497127467 -0.253553487 0.962362374 -0.097822748 30.980370639 0.056001004 0.115561529 0.991720435 10.600129810
0.972103225 0.219246650 -0.083344021 -7.827391350 -0.227183411 0.968486447 -0.102086726 30.806272041 0.058335382 0.118173215 0.991278001 10.652886862
0.977345784 0.194764340 -0.082837618 -7.108857985 -0.202863950 0.973638723 -0.104277781 30.698626512 0.060344319 0.118720216 0.991092364 10.683285494
0.981671002 0.171112033 -0.083920893 -6.396391470 -0.179270861 0.978509904 -0.101883890 30.599798999 0.064683865 0.115061031 0.991250199 10.736429027
0.985109665 0.150460128 -0.083190733 -5.642074437 -0.158522972 0.982203267 -0.100733360 30.477244088 0.066553856 0.112421049 0.991429318 10.795433740
0.987991633 0.131913804 -0.080444276 -4.879821945 -0.139683784 0.985119707 -0.100137920 30.370680852 0.066037667 0.110172188 0.991716247 10.854103795
0.989919411 0.118118329 -0.078151266 -4.159239570 -0.125600539 0.987129800 -0.098991224 30.253955316 0.065452766 0.107809175 0.992014676 10.896048206
0.991120602 0.108947986 -0.076225254 -3.351837176 -0.116190612 0.988370073 -0.098103720 30.170246103 0.064650557 0.106089277 0.992252675 10.925035066
0.991669264 0.103253932 -0.077011008 -2.530718576 -0.110318331 0.989446036 -0.093948961 30.126128554 0.066497637 0.101662023 0.992594024 11.016834236
0.991535205 0.102545647 -0.079638727 -1.749965054 -0.109631165 0.989854621 -0.090381619 30.042670611 0.069562520 0.098347444 0.992717904 11.101131440
0.991442770 0.103173307 -0.079978140 -0.881637429 -0.110349893 0.989698364 -0.091214304 29.918429283 0.069743353 0.099259341 0.992614451 11.159207048
0.991703712 0.101629903 -0.078709020 0.021492910 -0.109250777 0.989023702 -0.099480572 29.887895433 0.067734886 0.107254275 0.991921623 11.211178843
0.991983442 0.099726805 -0.077610666 0.933089387 -0.107289714 0.989155703 -0.100299115 29.786736801 0.066766523 0.107821888 0.991925739 11.242076585
0.991879207 0.098731431 -0.080173210 1.841781861 -0.106211748 0.989782873 -0.095125856 29.644300491 0.069962158 0.102868696 0.992231489 11.330407670
0.991562931 0.099828862 -0.082687075 2.678093126 -0.107288521 0.990026108 -0.091309799 29.570556467 0.072747009 0.099410786 0.992383680 11.434633463
0.991598976 0.098885957 -0.083384881 3.624517903 -0.105977981 0.990693514 -0.085410942 29.575807736 0.074162918 0.093530364 0.992850408 11.551944532
0.991946900 0.097002230 -0.081436568 4.626965036 -0.104174249 0.990568794 -0.089001071 29.494702674 0.072035220 0.096767929 0.992696779 11.547967792
0.992314751 0.095143884 -0.079114318 5.563253491 -0.102099738 0.990776225 -0.089096105 29.306746037 0.069907636 0.096488931 0.992876029 11.630406786
0.992427540 0.094778940 -0.078131493 6.474413208 -0.101461536 0.991069155 -0.086530262 29.226435884 0.069232467 0.093802357 0.993180741 11.694336068
0.992535041 0.093353501 -0.078481306 7.433098352 -0.100443934 0.990692849 -0.091862366 29.195532182 0.069175195 0.099059588 0.992674161 11.759629825
0.992889182 0.088133591 -0.080022137 8.358677377 -0.095394422 0.991181780 -0.091970560 29.105047047 0.071210788 0.098950239 0.992541119 11.874489165
0.993274155 0.083120322 -0.080606849 9.295830786 -0.090724193 0.991259901 -0.095775414 28.988865479 0.071941454 0.102444235 0.992133865 11.954878371
0.993797654 0.078555755 -0.078709700 10.343708373 -0.086037685 0.991590837 -0.096670203 28.891911769 0.070453817 0.102842621 0.992199403 12.017035879
0.994444101 0.073639831 -0.075220372 11.381465362 -0.080989634 0.991700559 -0.099853292 28.811347416 0.067242906 0.105390587 0.992154835 12.066534393
0.994754990 0.072621312 -0.072032325 12.421736785 -0.079458651 0.992097565 -0.097101720 28.693323441 0.064411440 0.102316012 0.992664394 12.139961345
0.995058889 0.071059239 -0.069342576 13.351684759 -0.077603720 0.992277484 -0.096762888 28.610058284 0.061931180 0.101666014 0.992888992 12.144465531
0.994994928 0.068937393 -0.072337604 14.380726176 -0.075729089 0.992517679 -0.095779753 28.548527064 0.065193544 0.100778430 0.992770623 12.254884436
0.994953136 0.065351710 -0.076140731 15.476679908 -0.072271550 0.993134248 -0.091984723 28.492537577 0.069606608 0.097023297 0.992845104 12.367308678
0.994792668 0.064692649 -0.078755369 16.521193783 -0.071880861 0.993147384 -0.092148872 28.456908254 0.072254334 0.097330026 0.992625900 12.463437854
0.995187571 0.064039279 -0.074166498 17.660334024 -0.070675551 0.993375247 -0.090612281 28.343142466 0.067872418 0.095417974 0.993120710 12.520091741
0.995669339 0.062649049 -0.068685252 18.769374262 -0.068804427 0.993447732 -0.091255437 28.274010675 0.062518142 0.095586090 0.993455979 12.570663661
0.995878712 0.060806864 -0.067291284 19.834980728 -0.066914198 0.993454659 -0.092576077 28.188732646 0.061221579 0.096697286 0.993429189 12.644113320
0.995714707 0.059600039 -0.070711092 20.888904069 -0.066051939 0.993498970 -0.092719671 28.092903930 0.064725301 0.096992945 0.993178234 12.723862867
0.995490755 0.059709963 -0.073708052 21.966101222 -0.066482452 0.993431247 -0.093136682 28.005790886 0.067662694 0.097616998 0.992921287 12.789030537
0.995452592 0.058315340 -0.075322368 23.061352290 -0.065387795 0.993315661 -0.095123261 28.024934753 0.069271742 0.099615860 0.992611760 12.916901846
0.995472703 0.059593496 -0.074045347 24.129089563 -0.065887178 0.994141374 -0.085684349 27.913912139 0.068505313 0.090175069 0.993567048 13.002364614
0.995581433 0.060859984 -0.071509947 25.243017550 -0.066937872 0.994050777 -0.085920741 27.866844416 0.065855383 0.090327818 0.993732335 13.078156841
0.995456864 0.063579296 -0.070875279 26.369217397 -0.069542905 0.993940828 -0.085120005 27.751188109 0.065033963 0.089662166 0.993846708 13.157286516
0.995506424 0.066284524 -0.067626334 27.504497201 -0.071972514 0.993738312 -0.085464166 27.703992837 0.061537927 0.089947364 0.994043538 13.232592157
0.995703046 0.067105337 -0.063814718 28.603339739 -0.072346088 0.993860570 -0.083709086 27.644844174 0.057805605 0.087966137 0.994444805 13.291441047
0.995726082 0.068145204 -0.062336198 29.721612158 -0.073315974 0.993695742 -0.084814742 27.563877969 0.056163496 0.089022490 0.994444899 13.361420585
0.995410592 0.069911538 -0.065346235 30.825227510 -0.075160047 0.993823198 -0.081648144 27.587374642 0.059234457 0.086184853 0.994516692 13.469386979
0.994992868 0.073329662 -0.067911362 31.902577485 -0.078486229 0.993963165 -0.076662499 27.450652681 0.061879757 0.081608747 0.994741629 13.559016688
0.994823058 0.075642649 -0.067862155 33.033813676 -0.080690487 0.993912473 -0.075013611 27.362047740 0.061774814 0.080101100 0.994870688 13.612908915
0.994754919 0.077375233 -0.066900861 34.188000541 -0.082491281 0.993579220 -0.077430753 27.254850451 0.060480082 0.082543360 0.994750599 13.705302823
0.994670680 0.078283305 -0.067096665 35.314277029 -0.083941082 0.992741966 -0.086123659 27.213221207 0.059867630 0.091296845 0.994022511 13.777232636
0.994337236 0.079844215 -0.070131044 36.451405858 -0.085543924 0.992918964 -0.082426742 27.142156984 0.063053145 0.087959263 0.994126485 13.884682884
0.993896593 0.080999180 -0.074891228 37.639159548 -0.086647386 0.993372079 -0.075525775 26.972844910 0.068277330 0.081553939 0.994327492 13.964851808
0.993943491 0.080947189 -0.074322872 38.751266686 -0.086373478 0.993588068 -0.072954601 26.938467617 0.067940849 0.078932276 0.994562083 14.051861587
0.994202676 0.080624145 -0.071139204 39.833545824 -0.086194965 0.993136141 -0.079063476 26.827994396 0.064276489 0.084736960 0.994328004 14.115505039
0.994252391 0.081203781 -0.069771978 40.988452458 -0.086997555 0.992621820 -0.084459150 26.718531487 0.062398785 0.090043704 0.993981148 14.179202655
0.994205656 0.080654584 -0.071063008 42.130413698 -0.086714544 0.992446528 -0.086778321 26.610335506 0.063527166 0.092437694 0.993689877 14.317827355
0.994082064 0.082128482 -0.071103886 43.241964747 -0.088172051 0.992342138 -0.086503014 26.495622999 0.063455021 0.092260470 0.993710957 14.357494568
0.994244776 0.082022377 -0.068917744 44.402611169 -0.087646680 0.992688511 -0.082991447 26.393064085 0.061606697 0.088554224 0.994164355 14.475550827
0.994580150 0.081539763 -0.064510401 45.601966108 -0.086842531 0.992658836 -0.084183193 26.295963549 0.057172542 0.089329179 0.994359894 14.484166307
0.994603952 0.084890924 -0.059636474 46.775318997 -0.089073537 0.993464095 -0.071379241 26.210392935 0.053187246 0.076306107 0.995664851 14.602479475
0.994279007 0.084554781 -0.065266731 47.871616002 -0.089366864 0.993192416 -0.074715387 26.152059874 0.058504879 0.080120624 0.995066764 14.697008433
0.993847437 0.083718102 -0.072515876 49.070013945 -0.088938948 0.993428724 -0.072036335 26.032717115 0.066008609 0.078042612 0.994762391 14.782576275
0.993472244 0.084710284 -0.076400703 50.281442360 -0.089940277 0.993634820 -0.067827664 25.855101724 0.070168698 0.074256402 0.994767481 14.840482392
0.993584139 0.084745039 -0.074892171 51.495500786 -0.089836148 0.993670244 -0.067445622 25.783858281 0.068702440 0.073740924 0.994908162 14.896372705
0.993747368 0.084010650 -0.073541687 52.686284837 -0.089329922 0.993374192 -0.072304076 25.677322705 0.066980101 0.078421458 0.994667653 14.996744379
0.993971674 0.083222286 -0.071374802 53.820579471 -0.088675319 0.993081672 -0.076977147 25.612176036 0.064474794 0.082842287 0.994474814 15.082392939
0.994071564 0.082325411 -0.071022907 55.124870521 -0.087692807 0.993237125 -0.076091958 25.486620506 0.064278286 0.081869050 0.994568128 15.182994956
0.994147881 0.082902602 -0.069261455 56.291115286 -0.088368597 0.992871333 -0.079984418 25.344516023 0.062136797 0.085636877 0.994386919 15.239635671
0.994392968 0.082412626 -0.066262993 57.416607482 -0.087798772 0.992677519 -0.082962148 25.340051072 0.058940655 0.088314786 0.994347272 15.312560571
0.994602517 0.083223268 -0.061965477 58.585427658 -0.088222454 0.992647935 -0.082866620 25.191051575 0.054613472 0.087886095 0.994632295 15.363559909
0.994367138 0.083638624 -0.065104340 59.795553027 -0.088540514 0.993134217 -0.076452625 25.100120309 0.058262956 0.081786350 0.994945436 15.450936617
0.993743133 0.083862508 -0.073767650 60.908403109 -0.089163155 0.993428316 -0.071764285 24.976822133 0.067264539 0.077892622 0.994690013 15.582875825
0.993531207 0.083492974 -0.076971838 62.147226783 -0.088804067 0.993699756 -0.068371287 24.914905557 0.070778374 0.074764419 0.994686234 15.685973880
0.993398847 0.083256160 -0.078912248 63.344663777 -0.088791371 0.993626753 -0.069440389 24.804293629 0.072627980 0.075988729 0.994460100 15.806372352
0.993106645 0.084283474 -0.081458509 64.511375191 -0.090409672 0.993099545 -0.074695276 24.715896595 0.074600830 0.081545011 0.993873798 15.910039888
0.993133593 0.081834423 -0.083599008 65.658470494 -0.088967470 0.992358275 -0.085497625 24.647194049 0.075963519 0.092348156 0.992824940 16.067182673
0.993470698 0.080641598 -0.080702565 66.795318192 -0.088088719 0.991721948 -0.093423530 24.525280172 0.072500682 0.099922526 0.992350311 16.150962174
0.993905612 0.081289181 -0.074456056 67.988244588 -0.088582489 0.990980650 -0.100550955 24.423859146 0.065610806 0.106533662 0.992142027 16.229716835
0.994311434 0.080640311 -0.069583858 69.260255731 -0.087253158 0.991362896 -0.097910652 24.320972807 0.061087309 0.103425092 0.992759584 16.357903915
0.994458697 0.081517477 -0.066383737 70.573276259 -0.087560495 0.991725264 -0.093883755 24.256866199 0.058181262 0.099176110 0.993367525 16.384455033
0.994363796 0.083103590 -0.065836428 71.647094127 -0.089099727 0.991568477 -0.094091418 24.130201736 0.057461992 0.099427107 0.993384301 16.484764277
0.994378449 0.082854371 -0.065929153 72.753799242 -0.088842258 0.991621323 -0.093777421 24.044941512 0.057606884 0.099107541 0.993407843 16.578022486
0.993802515 0.084841334 -0.071822757 73.875286136 -0.091063932 0.991920427 -0.088324553 23.921030559 0.063748887 0.094317626 0.993499001 16.648832752
0.993314635 0.086745143 -0.076166372 75.013844215 -0.093184580 0.991970057 -0.085510470 23.851288093 0.068137142 0.092036332 0.993421685 16.738654267
0.993270883 0.087019800 -0.076423208 76.179470502 -0.093480346 0.991945095 -0.085477207 23.802974992 0.068369417 0.092046089 0.993404822 16.842205779
0.993674550 0.085829931 -0.072416244 77.309421978 -0.092159716 0.991746168 -0.089141043 23.649257415 0.064167563 0.095251046 0.993382989 16.918333209
0.993867306 0.087586217 -0.067501349 78.406119769 -0.093722211 0.991165080 -0.093850585 23.496507669 0.058684962 0.099601404 0.993295342 16.965498305
0.994113153 0.087830253 -0.063441984 79.506660104 -0.093737475 0.990852757 -0.097077798 23.364833278 0.054335297 0.102453208 0.993252745 17.058384660
0.993948491 0.088715053 -0.064776826 80.619040584 -0.094966162 0.990360722 -0.100831886 23.294781179 0.055207118 0.106373308 0.992792473 17.134626984
0.993750206 0.089283826 -0.066999458 81.668077574 -0.095962262 0.989920177 -0.104159912 23.193048477 0.057024320 0.109938353 0.992301257 17.194531041
0.993397670 0.090572458 -0.070410935 82.779361211 -0.097787156 0.989453395 -0.106862764 23.051390264 0.059989515 0.113042506 0.991777520 17.294486444
0.993066201 0.091440257 -0.073879636 83.933842636 -0.098943664 0.989510275 -0.105259521 22.965563992 0.063479701 0.111839594 0.991696643 17.407190396
