0.000000000 0.000000000 0.000000000 0.000000000 0.000000000 0.000000000 0.000000000 1.000000000
0.103735900 0.479724352 -0.083480730 0.012882425 0.002395995 -0.000686834 0.001334948 0.999996003
0.207338100 1.221561049 -0.086512176 0.051569255 0.001591521 -0.002006376 0.004064248 0.999988462
0.311075200 1.994269589 -0.120194715 0.057423749 0.001785221 -0.002323983 0.006606307 0.999973884
0.414691700 2.712098171 -0.093915559 0.044564979 0.000478671 -0.002562052 0.009282622 0.999953519
0.518430200 3.423817210 -0.034660008 0.055676106 0.001311183 -0.002483430 0.010907727 0.999936565
0.622044800 4.153876817 0.033385738 0.074118312 0.001118432 -0.003069919 0.012787633 0.999912897
0.725797700 4.926932455 0.055884276 0.071607902 0.000430256 -0.002698659 0.015407282 0.999877566
0.829419900 5.750405276 0.068094126 0.074093287 -0.000752659 -0.002366395 0.017714933 0.999839995
0.933146700 6.594133547 0.067140909 0.100094901 -0.001212112 -0.001740941 0.019715715 0.999803376
1.036910000 7.437119190 0.081561586 0.088164322 0.000010912 -0.001052438 0.021354164 0.999771420
1.140497000 8.221986363 0.165657497 0.071975965 -0.000015301 -0.000249564 0.022688210 0.999742558
1.244242000 9.009479494 0.193182628 0.067926939 -0.000575239 -0.000461934 0.023718212 0.999718411
1.347979000 9.828319838 0.223342085 0.075477179 -0.000526192 -0.000606986 0.024619857 0.999696563
1.451596000 10.763401401 0.287637748 0.086887764 -0.000265248 -0.000317852 0.026412377 0.999651047
1.555212000 11.669053083 0.372177041 0.084105609 0.000378887 -0.000305488 0.027854921 0.999611858
1.658960000 12.503346158 0.398848361 0.116345547 0.000509216 -0.001357799 0.028257420 0.999599627
1.762569000 13.380009536 0.492842246 0.098268051 -0.000632804 -0.002330387 0.029489289 0.999562180
1.866302000 14.276126147 0.554668157 0.146415923 -0.002256394 -0.003479309 0.029984732 0.999541754
1.969923000 15.187400800 0.601272341 0.137575281 -0.002382992 -0.003242121 0.031105081 0.999508021
2.073666000 16.123513343 0.671982480 0.122351909 -0.002474569 -0.002333968 0.031754529 0.999489909
2.177281000 16.982856843 0.746356842 0.178697591 -0.002580196 -0.001965961 0.031508962 0.999498206
2.281017000 17.904099373 0.824302581 0.176010429 -0.002756118 -0.001549897 0.031852769 0.999487570
2.384639000 18.785283260 0.864757808 0.176957437 -0.001603022 -0.001899313 0.032867943 0.999456613
2.488250000 19.685803724 0.909198977 0.205340853 -0.001496359 -0.002202884 0.033032656 0.999450725
2.591988000 20.588066464 0.986339775 0.205746355 -0.000168183 -0.002006024 0.033580925 0.999433974
2.695832000 21.599216834 1.062410726 0.203167410 -0.000964205 -0.000323126 0.034068701 0.999418976
2.799367000 22.537136587 1.119067418 0.226495952 -0.000450406 0.001032614 0.033227627 0.999447175
2.903084000 23.468608879 1.221716776 0.187438842 -0.001824966 0.002805866 0.032437582 0.999468159
3.006768000 24.387562927 1.267881494 0.207719433 -0.001328690 0.003260325 0.031453479 0.999499016
3.110441000 25.264257541 1.277269678 0.173400197 -0.002263937 0.002388014 0.030621258 0.999525643
3.214057000 26.088167119 1.320274657 0.195928911 -0.002580125 0.000653492 0.029547573 0.999559832
3.317669000 27.008421659 1.351321615 0.266586595 -0.003699687 -0.001253399 0.029262737 0.999564122
3.421285000 28.071826455 1.451835689 0.240910573 -0.002090192 -0.000381192 0.028905286 0.999579897
3.524925000 29.151316777 1.537179626 0.210766559 0.001672540 0.001501154 0.028768884 0.999583564
3.628545000 30.236231857 1.620063169 0.237589256 0.002251913 0.002977258 0.028676057 0.999581787
3.732256000 31.159011691 1.680531103 0.240042574 0.005207497 0.003192291 0.029285018 0.999552439
3.835871000 32.071363863 1.683713219 0.265117810 0.004816483 0.001308580 0.029853956 0.999541810
3.939488000 33.015759867 1.711583748 0.253521895 0.005824965 0.000455660 0.030853019 0.999506855
4.043107000 33.995858080 1.842495716 0.279972657 0.006771183 -0.000382852 0.031938391 0.999466830
4.146888000 35.013284171 1.857962200 0.341887921 0.006310951 -0.000120549 0.031934888 0.999470020
4.250460000 36.001663957 1.935710359 0.317612053 0.004551323 0.001071261 0.033230232 0.999436786
4.354202000 36.953698581 1.997054643 0.374366551 0.001881001 0.001432070 0.033504728 0.999435763
4.457940000 37.952846258 2.113427551 0.290830510 0.004228529 0.002985782 0.033160549 0.999436633
4.561559000 38.997657334 2.199776269 0.319402543 0.003832946 0.004225843 0.032961239 0.999440347
4.665293000 40.056231120 2.267434583 0.316103201 0.000922523 0.005748032 0.034225929 0.999397166
4.768912000 41.090958233 2.298346848 0.354899057 -0.002235551 0.005348169 0.034447155 0.999389710
4.872532000 41.981188451 2.324446682 0.377852601 -0.003671305 0.004762520 0.034581673 0.999383784
4.976146000 42.911798663 2.441861244 0.345229500 -0.003206312 0.003959723 0.033742910 0.999417558
5.079909000 43.938401155 2.522782726 0.370363110 -0.003263754 0.003745495 0.033366245 0.999430844
5.183503000 44.952327248 2.594448281 0.391281574 -0.003041995 0.004290741 0.033850074 0.999413082
5.287117000 45.981794082 2.660634410 0.380605566 -0.002829253 0.004552332 0.034873714 0.999377354
5.390861000 46.919482630 2.731980340 0.393557050 -0.004607596 0.003529135 0.035246625 0.999361792
5.494473000 47.889308929 2.814248297 0.397611406 -0.006077334 0.001233835 0.035109219 0.999364241
5.598233000 48.901804130 2.888259447 0.411747803 -0.008052872 0.000736451 0.035477403 0.999337762
5.701829000 49.928232622 2.995163583 0.426626535 -0.007153338 0.001623384 0.035616861 0.999338598
5.805571000 50.833135766 3.038994910 0.446840169 -0.006155084 0.003692424 0.035542807 0.999342379
5.909185000 51.763550884 3.102915580 0.437835779 -0.005048513 0.004576686 0.035649933 0.999341107
6.012921000 52.727502787 3.217264675 0.446591907 -0.003529431 0.003923427 0.035367625 0.999360436
6.116541000 53.707327461 3.295961918 0.469908228 -0.002087316 0.002910863 0.035782434 0.999353185
6.220278000 54.626573885 3.334933140 0.462231568 -0.003125233 0.003888207 0.036693501 0.999314116
6.323895000 55.677417619 3.449874695 0.451838313 0.001331515 0.006212852 0.037410580 0.999279779
6.427659000 56.718289362 3.500987749 0.398920711 0.004860406 0.007864765 0.037723915 0.999245429
6.531383000 57.637360670 3.565545786 0.338612228 0.003887331 0.009023661 0.037867345 0.999234470
6.634992000 58.530220276 3.652009543 0.369073020 0.001866829 0.008008019 0.038804249 0.999212999
6.738741000 59.354348631 3.707107037 0.417621921 0.002159831 0.003742726 0.039477209 0.999211127
6.842350000 60.223384558 3.816861382 0.419431757 0.001569535 0.001594359 0.039937232 0.999199686
6.945963000 61.129805012 3.865231836 0.376814709 -0.001287441 0.001711207 0.039776924 0.999206290
7.049705000 62.045189625 3.945045162 0.383926658 -0.003362119 0.002437691 0.040667586 0.999164101
7.153323000 62.970633847 4.037977060 0.416508657 -0.002398745 0.004120808 0.041333597 0.999134024
7.256934000 63.872575825 4.146500163 0.431602743 -0.003589649 0.004003868 0.041985037 0.999103768
7.360549000 64.711635640 4.216669448 0.422292842 -0.004012438 0.004064133 0.043102624 0.999054326
7.464167000 65.479412079 4.262679491 0.393541378 -0.001576709 0.004603529 0.043171379 0.999055831
7.567786000 66.305250756 4.373522071 0.413371248 -0.001643067 0.005305717 0.044213984 0.999006643
7.671396000 67.144490690 4.439872140 0.380763433 -0.000413539 0.005241226 0.044318252 0.999003629
7.775144000 67.983375530 4.529074269 0.388097352 -0.001392290 0.006410110 0.045061969 0.998962657
7.878754000 68.747488904 4.608468818 0.394918015 -0.002433839 0.008099656 0.045979993 0.998906558
7.982493000 69.466135285 4.657391123 0.394820717 -0.005171770 0.008908717 0.046470891 0.998866530
8.086111000 70.211964547 4.740365782 0.426140600 -0.005501561 0.007802522 0.046688077 0.998863893
8.189849000 70.945908182 4.830650757 0.438868504 -0.005141843 0.004376672 0.047104676 0.998867136
8.293470000 71.702000552 4.915276483 0.434682099 -0.006698989 0.001602211 0.048769354 0.998786317
8.397102000 72.405063424 5.005007362 0.429951235 -0.006214531 0.000393840 0.049083969 0.998775244
8.500847000 73.107859059 5.077921255 0.438704349 -0.006336998 0.001339552 0.049290393 0.998763488
8.604438000 73.782792198 5.132554812 0.478132821 -0.006034753 0.003063008 0.049185343 0.998766740
8.708175000 74.384314200 5.188975742 0.480093902 -0.006277378 0.001898362 0.050038612 0.998725752
8.811795000 74.978194220 5.235301817 0.493353822 -0.003763066 -0.000084415 0.050467785 0.998718596
8.915403000 75.568929415 5.284613588 0.470284105 -0.000444797 -0.001718686 0.049802745 0.998757496
9.019162000 76.154828457 5.366145661 0.473630867 0.001833746 -0.002833189 0.047971636 0.998842997
9.122890000 76.717363663 5.435629501 0.505182941 0.000449164 -0.001760619 0.045482083 0.998963502
9.226512000 77.279240145 5.441907456 0.507970957 -0.000734528 -0.000980694 0.043037783 0.999072694
9.330247000 77.889282571 5.478696528 0.515168514 0.001280148 0.001428731 0.040104098 0.999193666
9.433986000 78.400681527 5.533733416 0.543116465 0.002895422 0.003831994 0.036731886 0.999313615
9.537749000 78.891655628 5.556835001 0.586785382 0.000514426 0.003748040 0.031607868 0.999493187
9.641587000 79.453376338 5.629686145 0.599176722 -0.002436770 0.003197932 0.024474498 0.999692370
9.745342000 80.018256995 5.685718429 0.548282346 -0.004614964 0.004156451 0.015619728 0.999858715
9.849229000 80.510461288 5.677237556 0.548538718 -0.004138847 0.004408630 0.004655197 0.999970881
9.953059000 81.002166427 5.724177741 0.533372944 -0.002085145 0.004615739 -0.008388681 0.999951987
10.056930000 81.420505614 5.658264276 0.530824319 -0.001473883 0.005635759 -0.023232002 0.999713129
10.160830000 81.807487846 5.568181484 0.510670625 -0.001107020 0.007191043 -0.039561000 0.999190668
10.264660000 82.237789584 5.507930902 0.526804084 -0.001219720 0.007838916 -0.058511532 0.998255210
10.368670000 82.673341454 5.442103945 0.516356596 -0.000876606 0.007718110 -0.079552897 0.996800381
10.472640000 83.149007857 5.369510034 0.525441909 -0.000267635 0.007886364 -0.101444226 0.994809933
10.576630000 83.541317037 5.252398978 0.543233303 -0.001161671 0.007955876 -0.126477537 0.991936887
10.680620000 83.867291879 5.122475196 0.571611468 -0.002694947 0.007490870 -0.154437513 0.987970485
10.784610000 84.211997269 4.916434549 0.531794992 -0.002358682 0.007193890 -0.183332664 0.983021779
10.888750000 84.639653251 4.715062157 0.548224879 -0.003055827 0.006788814 -0.213447597 0.976926147
10.992720000 84.991053317 4.550171860 0.551292528 -0.002766776 0.005963536 -0.244796912 0.969552089
11.096590000 85.314349414 4.223109016 0.575099135 -0.002009487 0.005439805 -0.276206939 0.961080693
11.200570000 85.563832003 3.974229960 0.557327115 -0.002300305 0.004933144 -0.307809325 0.951432495
11.304310000 85.858365363 3.656299625 0.564333469 -0.001421480 0.005880102 -0.338507658 0.940944190
11.408180000 86.132490745 3.390536288 0.553808054 -0.002074124 0.007123950 -0.368658018 0.929535482
11.511920000 86.341616785 3.140391712 0.531250935 -0.001818632 0.007898965 -0.397815352 0.917429695
11.615530000 86.574469094 2.826270551 0.545868357 -0.001006870 0.007594211 -0.426116508 0.904635858
11.719270000 86.739550532 2.507504809 0.578345878 0.000901761 0.006362388 -0.452904880 0.891535684
11.822770000 86.976060731 2.152263307 0.557079239 -0.000040941 0.005508980 -0.478090580 0.878293258
11.926380000 87.097013684 1.816318846 0.542824915 -0.001252463 0.006112773 -0.502117366 0.864776975
12.030000000 87.274849128 1.477353859 0.557423879 -0.003247361 0.006275175 -0.524510341 0.851374758
12.133610000 87.428424182 1.122799595 0.554010230 -0.001197433 0.004887290 -0.544777717 0.838565394
12.237100000 87.492558490 0.797670168 0.566445328 0.004958258 0.003111512 -0.562272651 0.826931194
12.340600000 87.551942031 0.434505012 0.567623799 0.007923775 0.002279617 -0.577623197 0.816261881
12.444110000 87.654145243 0.038524372 0.575337425 0.006672496 0.002052309 -0.592189876 0.805768215
12.547670000 87.769505886 -0.310033517 0.583536611 0.001490031 0.003043140 -0.605144481 0.796108457
12.651070000 87.844099680 -0.678882797 0.563186107 -0.002185239 0.004203450 -0.616990462 0.786956368
12.754690000 87.936136292 -1.037117933 0.579916679 -0.002527528 0.003810691 -0.627261864 0.778794995
12.858060000 87.986094710 -1.438751813 0.608905255 -0.001570519 0.001627582 -0.636395421 0.771359678
12.961670000 88.002108907 -1.810157654 0.602941732 -0.000704107 -0.002628220 -0.644407316 0.764677584
13.065200000 88.101868686 -2.198530276 0.590493561 -0.001716975 -0.006530740 -0.651774303 0.758382924
13.168770000 88.194389473 -2.626343933 0.572967094 -0.002923088 -0.006194204 -0.658561827 0.752495453
13.272350000 88.244873294 -3.153879063 0.583732796 -0.002834586 -0.003773743 -0.664615217 0.747170889
13.375880000 88.238550763 -3.665191129 0.588717963 -0.002756783 -0.001168259 -0.670330619 0.742056532
13.479500000 88.236154015 -4.122901976 0.630517771 -0.001333867 -0.000763272 -0.675330816 0.737513340
13.583110000 88.334293430 -4.595246531 0.656775622 -0.000267359 -0.000470283 -0.679402248 0.733765829
13.686720000 88.353977870 -5.102794347 0.666670304 -0.000518890 -0.000971333 -0.683605445 0.729850932
13.790340000 88.371324921 -5.618690635 0.681621937 -0.000506291 -0.001158320 -0.686790343 0.726854474
13.893950000 88.396549194 -6.152392013 0.693579024 -0.000121502 -0.001367847 -0.688648836 0.725093715
13.997670000 88.423309283 -6.699781728 0.693728917 0.000494213 -0.003001873 -0.690304208 0.723512851
14.101300000 88.466075819 -7.277391628 0.636336223 0.001878907 -0.005357365 -0.692362293 0.721527701
14.204920000 88.477049606 -7.903859525 0.627602008 0.005175281 -0.008018059 -0.694084456 0.719830323
14.308540000 88.517850138 -8.568039138 0.669814799 0.005906419 -0.008355735 -0.695295444 0.718651196
14.412270000 88.547924427 -9.233080095 0.643453833 0.005534461 -0.007758162 -0.696101591 0.717880042
14.515890000 88.522079844 -9.893803881 0.673383593 0.004375676 -0.006392004 -0.696983937 0.717044899
14.619680000 88.512412717 -10.566395761 0.686967971 0.005316086 -0.007705686 -0.697253176 0.716763818
14.723260000 88.538662741 -11.222234415 0.625249614 0.007099307 -0.008738350 -0.697474394 0.716521257
14.826860000 88.574954660 -11.912963040 0.658602203 0.008500474 -0.009936923 -0.696743872 0.717200792
14.930480000 88.589887275 -12.644957374 0.653585246 0.012619651 -0.013825358 -0.695076288 0.718692255
15.034100000 88.634599782 -13.450720398 0.645150537 0.013114459 -0.013901330 -0.693425797 0.720274551
15.137840000 88.649830595 -14.196282400 0.660027412 0.010438514 -0.011514427 -0.691899500 0.721826529
15.241450000 88.698616002 -14.977322356 0.692724158 0.009611009 -0.009187346 -0.690275868 0.723424113
15.345080000 88.742109335 -15.785728165 0.659979447 0.009573037 -0.007075753 -0.688688373 0.724959734
15.448810000 88.771351055 -16.577183576 0.688154359 0.010988115 -0.008272874 -0.687373607 0.726173771
15.552550000 88.889761594 -17.316421001 0.683025236 0.011943555 -0.009798784 -0.685964896 0.727470616
15.656170000 88.916489050 -18.098200460 0.704001937 0.009145578 -0.009746535 -0.684647129 0.728752133
15.759900000 88.996459279 -18.946825490 0.687873202 0.006278137 -0.010065428 -0.684138370 0.729255759
15.863640000 89.000366562 -19.752563415 0.675654316 0.002739359 -0.008975106 -0.683866655 0.729546669
15.967390000 89.023702389 -20.553505753 0.683454436 0.002742636 -0.008816946 -0.683553294 0.729842197
16.071020000 89.153927428 -21.399180039 0.722704527 0.004557375 -0.009282683 -0.683970625 0.729436252
16.174740000 89.290087806 -22.292399628 0.730334504 0.005026947 -0.009188323 -0.684051479 0.729358539
16.278450000 89.312181348 -23.102708835 0.736585973 0.005860427 -0.009026898 -0.683858907 0.729534897
16.382090000 89.312059878 -23.884164754 0.815676113 0.003348662 -0.006969986 -0.684025118 0.729417469
16.485710000 89.399449036 -24.651675860 0.768935006 0.003239923 -0.006811171 -0.683417050 0.729989210
16.589330000 89.420267563 -25.480449402 0.798731265 0.001615315 -0.006459573 -0.683694274 0.729738175
16.693090000 89.441517450 -26.319536470 0.831597562 0.000376539 -0.004999559 -0.684729297 0.728780250
16.796680000 89.576300163 -27.155017795 0.838986683 0.000978093 -0.005127223 -0.686764514 0.726861237
16.900430000 89.646699308 -28.077961455 0.866014616 -0.003045780 -0.000726013 -0.689572898 0.724209510
17.004190000 89.648111253 -29.009009200 0.862410065 -0.001326882 0.000186165 -0.690674047 0.723164964
17.107900000 89.678273805 -29.825226745 0.850047199 -0.000668642 -0.000874857 -0.693288994 0.720658836
17.211650000 89.733004151 -30.675335057 0.873924627 -0.002968370 0.001037543 -0.696753881 0.717303382
17.315390000 89.779715634 -31.471841809 0.879441952 -0.003002743 0.000892477 -0.701160890 0.712996209
17.419150000 89.762458271 -32.217691373 0.917360322 -0.003206031 0.001109723 -0.705563507 0.708638573
17.522870000 89.770275142 -32.935937302 0.891319863 -0.001775171 0.000899298 -0.708465251 0.705742891
17.626480000 89.742761717 -33.632569981 0.875859858 -0.001371747 0.000839617 -0.712074104 0.702102474
17.730220000 89.732699432 -34.374331184 0.902310331 0.000115534 0.000466271 -0.715288399 0.698829218
17.833840000 89.682372127 -35.140342763 0.930371154 -0.000435784 0.000243912 -0.719051619 0.694956487
17.937460000 89.696775064 -35.975011786 0.961830568 -0.001196558 0.000828867 -0.723261460 0.690572763
18.041200000 89.631022723 -36.753788467 0.986086956 -0.001939885 0.001215876 -0.726104620 0.687580423
18.144820000 89.623956632 -37.445558123 1.002281899 -0.000843794 -0.000416706 -0.729090261 0.684416909
18.248550000 89.567123508 -38.156125609 1.017077699 -0.001295187 0.000477906 -0.732897779 0.680337372
18.352170000 89.514363296 -38.938425545 1.051251892 -0.000452980 -0.000369334 -0.736813661 0.676095620
18.455930000 89.456159983 -39.726104483 1.046310748 0.000390662 -0.000942470 -0.740090770 0.672506217
18.559570000 89.340979349 -40.485417860 1.038560048 0.001180604 -0.001019512 -0.742421758 0.669930966
18.663260000 89.240081470 -41.258318730 1.048198959 0.001375907 -0.000726859 -0.743745964 0.668460560
18.766880000 89.172479580 -41.951261724 1.069237936 0.001475744 0.000896165 -0.745236807 0.666797661
18.870490000 89.124712486 -42.596511827 1.051084252 0.001451416 0.003068720 -0.745818969 0.666140032
18.974110000 89.063669956 -43.301743574 1.066441623 0.003395609 0.001634310 -0.746557133 0.665310639
19.077720000 88.929017093 -43.959039067 1.079103562 0.003669435 0.001299645 -0.746588191 0.665275070
19.181410000 88.896363932 -44.538218077 1.095313378 0.005975107 -0.001641345 -0.746034220 0.665878778
19.285020000 88.849342555 -45.295352829 1.123544385 0.005147407 -0.001664394 -0.744855648 0.667203715
19.388680000 88.785523842 -45.938182978 1.118127214 0.003380720 -0.000898632 -0.743725121 0.668476408
19.492240000 88.694569208 -46.509348385 1.100995283 0.004313318 -0.002496749 -0.741705729 0.670706921
19.595800000 88.665293427 -47.061170764 1.109621721 0.004892175 -0.003718844 -0.738548973 0.674171826
19.699410000 88.610154622 -47.571870086 1.099600868 0.005036951 -0.003816671 -0.734312456 0.678782203
19.802910000 88.545294232 -48.225828595 1.105203840 0.002906405 -0.003037767 -0.727863249 0.685709425
19.906520000 88.543948141 -48.725020636 1.089348904 0.001313652 -0.003813696 -0.720725725 0.693208598
20.010020000 88.422354810 -49.319563893 1.114222540 0.000921698 -0.005545802 -0.713026423 0.701114623
20.113500000 88.474495190 -49.904796129 1.155741312 0.000347004 -0.006166679 -0.702308992 0.711845441
20.217140000 88.550827115 -50.345488219 1.232068451 0.000158109 -0.005298966 -0.689816266 0.723965065
20.320610000 88.671440883 -50.891635678 1.198048332 0.000591804 -0.005301176 -0.675648840 0.737204308
20.424100000 88.804815133 -51.394642894 1.212088530 0.000315494 -0.002944057 -0.660237559 0.751050996
20.527470000 88.911781526 -51.870866171 1.191309736 0.000913278 -0.000473824 -0.643799434 0.765193590
20.630960000 89.069509960 -52.329276374 1.183157402 0.001371085 0.000332568 -0.624667725 0.780889392
20.734440000 89.218069695 -52.797629033 1.203545448 0.000495170 0.003378117 -0.603381265 0.797445542
20.837960000 89.356102781 -53.247588997 1.176883402 0.001029669 0.003020444 -0.580854806 0.814000928
20.941510000 89.579491353 -53.654551183 1.197704190 0.000803892 0.002850864 -0.556084843 0.831120252
21.045020000 89.818955325 -54.032697443 1.231265455 0.000739550 0.000634173 -0.528860867 0.848707980
21.148370000 90.083139013 -54.436130920 1.245981058 0.000307077 -0.003195717 -0.499675898 0.866206494
21.251900000 90.334278471 -54.824097333 1.240247116 -0.001164483 -0.004199910 -0.469312939 0.883021161
21.355440000 90.691892246 -55.150384907 1.238845500 -0.003036605 -0.005323336 -0.438588832 0.898666945
21.459000000 91.092854299 -55.510375456 1.261397775 -0.003722709 -0.005909136 -0.407970725 0.912968297
21.562720000 91.393096258 -55.812748392 1.271980755 -0.002726909 -0.006815773 -0.376415792 0.926421751
21.666360000 91.698217081 -56.127908595 1.312905057 -0.001444464 -0.004734246 -0.344048033 0.938939003
21.770100000 92.109652306 -56.402902755 1.303707508 -0.000657220 -0.002034537 -0.312047990 0.950063935
21.873950000 92.502503493 -56.667558436 1.313997547 0.000423789 0.000886231 -0.279829856 0.960049106
21.977710000 92.957243805 -56.840865244 1.296644010 0.001051285 0.003658143 -0.250250420 0.968173662
22.081440000 93.311853199 -57.026680522 1.323844306 0.000428396 0.006086806 -0.222595448 0.974891806
22.185310000 93.738998377 -57.208649333 1.310358150 -0.000320886 0.007575966 -0.197049939 0.980364128
22.289170000 94.276331189 -57.334476634 1.292421146 -0.002927594 0.007799679 -0.176056485 0.984344812
22.393170000 94.791362171 -57.435629696 1.288959283 -0.004102130 0.008272517 -0.157876022 0.987415768
22.497160000 95.271682317 -57.596199854 1.255996073 -0.005119424 0.007388791 -0.141591749 0.989884323
22.601290000 95.702179375 -57.708590548 1.298952751 -0.003065677 0.007120987 -0.129681030 0.991525453
22.705510000 96.167670326 -57.792833350 1.302921737 -0.002642445 0.007830013 -0.122561062 0.992426569
22.809640000 96.709081804 -57.862930865 1.280874188 -0.004659996 0.007817099 -0.116601824 0.993137046
22.913660000 97.211253552 -57.950032173 1.265515140 -0.007462501 0.008248750 -0.111179546 0.993738083
23.017610000 97.711731793 -58.095427044 1.292225876 -0.009262927 0.007348897 -0.107696852 0.994113464
23.121720000 98.197683637 -58.195184500 1.296997936 -0.012125950 0.006508549 -0.106104855 0.994259704
23.225710000 98.745503509 -58.301860745 1.271633156 -0.011739481 0.004246191 -0.106302924 0.994255421
23.329700000 99.309921812 -58.471372708 1.310842361 -0.010892026 0.002784612 -0.106438513 0.994255728
23.433600000 99.832413362 -58.586864802 1.326466478 -0.009711724 0.000415403 -0.109255107 0.993966212
23.537560000 100.399267803 -58.662750173 1.371565366 -0.009000361 -0.002145545 -0.111802467 0.993687375
23.641430000 100.971672349 -58.795353668 1.329896574 -0.011703278 -0.002378287 -0.113799404 0.993431967
23.745190000 101.553534819 -58.987840879 1.277239474 -0.013283242 -0.001520322 -0.115180903 0.993254551
23.848990000 102.124961616 -59.190620959 1.173414431 -0.020523101 0.000567233 -0.117474542 0.992863643
23.952650000 102.797466623 -59.217917008 1.156659716 -0.023619642 0.003828834 -0.121190180 0.992340865
24.056420000 103.457577550 -59.354004236 1.191171480 -0.016824831 0.005520817 -0.122692661 0.992286731
24.160010000 104.098398742 -59.552342700 1.162630255 -0.010498496 0.005692219 -0.124021080 0.992207716
24.263960000 104.776242416 -59.705660642 1.223680740 -0.005961086 0.004207998 -0.124740993 0.992162508
24.367270000 105.372723371 -59.901903562 1.262388531 -0.006229343 0.002304458 -0.123947683 0.992266525
24.471000000 105.985859738 -60.074045455 1.280716024 -0.010548134 -0.000616963 -0.124414840 0.992174029
24.574560000 106.689532130 -60.199746255 1.259323298 -0.012952580 -0.002793039 -0.123483453 0.992258165
24.678100000 107.398161129 -60.367922057 1.277854694 -0.012382050 -0.002003319 -0.122495530 0.992389801
24.781830000 108.096928909 -60.517192132 1.260624557 -0.009210604 0.000575009 -0.121508883 0.992547442
24.885470000 108.774371493 -60.736777529 1.197412266 -0.010436482 0.004065313 -0.119919198 0.992720474
24.989130000 109.460224923 -60.891634713 1.222815535 -0.013752055 0.005106302 -0.118708462 0.992820783
25.092670000 110.219827855 -61.033465047 1.298448532 -0.017824432 0.004546745 -0.117752340 0.992872602
25.196320000 110.942965412 -61.174120851 1.332476950 -0.021093514 0.002855837 -0.115622321 0.993065147
25.299900000 111.771229969 -61.360640473 1.333538693 -0.022241720 0.001693625 -0.113225975 0.993318839
25.403640000 112.559219146 -61.534862261 1.324699656 -0.021840681 0.001668376 -0.111913339 0.993476525
25.507250000 113.380145328 -61.756103971 1.267926084 -0.021823612 0.002046358 -0.110145049 0.993673795
25.610880000 114.223079541 -61.887318978 1.269803379 -0.020508550 0.002670773 -0.108531352 0.993877866
25.714630000 114.942641931 -62.088671926 1.252216507 -0.018962946 0.003588897 -0.108699338 0.993887308
25.818220000 115.738462030 -62.289606262 1.250180850 -0.017979776 0.004677049 -0.108691526 0.993901909
25.921980000 116.565009383 -62.441959997 1.265717079 -0.012839735 0.004311304 -0.108559561 0.993997674
26.025680000 117.376789793 -62.603405489 1.269095612 -0.011035791 0.003846375 -0.108901293 0.993983866
26.129230000 118.207213327 -62.790495226 1.295750091 -0.013138539 0.002570665 -0.108372916 0.994020162
26.232990000 119.013180011 -62.947179320 1.271226405 -0.015783764 0.001506808 -0.109128297 0.993901211
26.336550000 119.787702905 -63.139922266 1.272991572 -0.022809083 0.002475042 -0.110973056 0.993558554
26.440340000 120.605325589 -63.298826187 1.262388345 -0.029100804 0.004307293 -0.111328619 0.993348141
26.544050000 121.562676477 -63.519472417 1.263777508 -0.029385866 0.004741542 -0.112501547 0.993205613
26.647670000 122.393202599 -63.705541396 1.445529948 -0.015896774 0.001494204 -0.112689773 0.993501925
26.751260000 123.204337360 -63.941918239 1.561790540 -0.002997354 -0.000312726 -0.114326178 0.993438696
26.854880000 124.046948365 -64.175985458 1.486877656 0.000391485 -0.001102481 -0.115620333 0.993292792
26.958500000 124.877922780 -64.400558878 1.423190712 0.002805574 -0.001312873 -0.116285150 0.993211040
27.062230000 125.748156161 -64.549478772 1.434870292 0.001166700 -0.000596450 -0.117194741 0.993108089
27.165870000 126.576277661 -64.682426676 1.467260178 -0.000084628 0.002630189 -0.117748472 0.993039965
27.269470000 127.432135053 -64.882289045 1.401600704 -0.002677649 0.004885696 -0.117766721 0.993025659
27.373230000 128.274866114 -65.168643967 1.436080804 -0.002610892 0.002359877 -0.117718059 0.993040821
27.476870000 129.044382983 -65.318380214 1.546740965 -0.000482214 -0.003236990 -0.118659270 0.992929639
27.580440000 129.820436400 -65.468688793 1.598086733 -0.000137547 -0.007953184 -0.119263343 0.992830793
27.684070000 130.600899798 -65.681810459 1.609462237 0.000894505 -0.006506518 -0.119216460 0.992846565
27.787700000 131.547812513 -65.859487649 1.532677719 0.003013482 0.001752595 -0.118016171 0.993005554
27.891280000 132.333520795 -66.072986431 1.444455376 0.005780913 0.008161315 -0.117610720 0.993009412
27.995100000 133.160573313 -66.234733939 1.449006640 0.002852702 0.008936375 -0.117804818 0.992992461
28.098650000 133.914143160 -66.408317949 1.532909013 -0.000458920 0.003702348 -0.116802725 0.993148129
28.202280000 134.723416569 -66.611163428 1.599043488 -0.005395342 -0.000725310 -0.116868215 0.993132511
28.305870000 135.535226538 -66.791257210 1.592095281 -0.008378030 -0.002474592 -0.116095321 0.993199658
28.409630000 136.370993562 -66.996960566 1.592289640 -0.005906579 -0.001754215 -0.114133092 0.993446361
28.513230000 137.211367925 -67.145800762 1.562084923 -0.011832141 -0.000844544 -0.111671439 0.993674382
28.616840000 138.145183101 -67.350564938 1.577760200 -0.014406498 -0.001520413 -0.108631439 0.993976535
28.722280000 138.967114277 -67.495883760 1.609397866 -0.016059882 -0.001680496 -0.105332132 0.994305988
28.824220000 139.703789441 -67.637998582 1.623734555 -0.017004233 -0.001439711 -0.104018425 0.994428957
28.927940000 140.509766660 -67.770401288 1.610302204 -0.019193045 0.000199452 -0.103476235 0.994446709
29.031560000 141.346448391 -67.953180446 1.545808494 -0.020047125 0.001372718 -0.103745036 0.994400923
29.135300000 142.131690053 -68.084356291 1.540798044 -0.017606634 0.001057579 -0.102534554 0.994573051
29.238910000 142.922879985 -68.266159344 1.620716560 -0.015360007 -0.000333228 -0.102317654 0.994633127
29.342530000 143.683239796 -68.455661008 1.643987350 -0.013489271 -0.001652876 -0.099935107 0.994901142
29.446140000 144.405277075 -68.614623320 1.650626288 -0.012779286 -0.002978368 -0.096990366 0.995198818
29.549760000 145.192546303 -68.689958448 1.692354298 -0.010147674 -0.001696181 -0.093465772 0.995569333
29.653420000 145.985156058 -68.929334982 1.619763121 -0.009092784 0.002152345 -0.090993786 0.995807622
29.757120000 146.774923542 -69.064368997 1.553866786 -0.009975074 0.005710291 -0.087835442 0.996068685
29.860880000 147.545914775 -69.219312354 1.538593627 -0.008684359 0.008224525 -0.085406556 0.996274390
29.964620000 148.373790968 -69.264744521 1.594583397 -0.011154077 0.007054658 -0.082623143 0.996493469
30.068210000 149.168736294 -69.388629368 1.669211601 -0.013153918 0.002651715 -0.079478230 0.996746284
30.172000000 149.982945656 -69.496980797 1.645152992 -0.012715951 -0.000169729 -0.075998042 0.997026867
30.275700000 150.847436399 -69.625208341 1.661768958 -0.011984363 -0.000160002 -0.071216537 0.997388868
30.379310000 151.765310908 -69.733447430 1.610442274 -0.009504598 0.001137367 -0.067574248 0.997668327
30.483050000 152.518640366 -69.874010858 1.645268862 -0.011766480 0.000484721 -0.064892738 0.997822754
30.586670000 153.253521755 -69.966118348 1.694460285 -0.011737677 -0.001463240 -0.060982895 0.998068721
30.690400000 154.162271056 -70.014609949 1.691975633 -0.010119552 -0.002632068 -0.057602226 0.998284854
30.794050000 154.997448692 -70.076046057 1.692306662 -0.009380524 -0.002498750 -0.052869040 0.998554268
30.897640000 155.801276916 -70.198128133 1.655433916 -0.010429392 0.000597047 -0.048713642 0.998758155
31.001380000 156.581513892 -70.250081097 1.671530006 -0.011678929 0.003049873 -0.045606812 0.998886540
31.105010000 157.424342451 -70.272609086 1.695963073 -0.012731734 0.004607355 -0.041137774 0.999061739
31.208610000 158.246727517 -70.325690669 1.713582136 -0.013302947 0.005030588 -0.037585227 0.999192211
31.312350000 159.016712313 -70.403255521 1.705987908 -0.014045818 0.004857146 -0.035224878 0.999268898
31.416200000 159.856640007 -70.495054072 1.718817464 -0.015462888 0.002787376 -0.033251221 0.999323514
31.520060000 160.729040636 -70.508497504 1.679514815 -0.018243274 -0.000320042 -0.032155361 0.999316323
31.623420000 161.529947844 -70.477431142 1.701932574 -0.018663791 -0.002149231 -0.030783180 0.999349508
31.726940000 162.314244783 -70.555884204 1.749229996 -0.019855726 -0.000148829 -0.028716194 0.999390368
31.830690000 163.114993193 -70.584583619 1.698010731 -0.020752751 0.004092731 -0.026804739 0.999416869
31.934300000 164.006590162 -70.659353298 1.704293769 -0.022051022 0.007690712 -0.025672742 0.999397576
32.038040000 164.804403757 -70.694534137 1.697771636 -0.021380969 0.008118123 -0.023309078 0.999466676
32.141650000 165.559559491 -70.742435168 1.771906017 -0.018242507 0.003705173 -0.020814996 0.999610033
32.245260000 166.424162454 -70.734472047 1.758989731 -0.016971551 0.000925888 -0.017125415 0.999708872
32.348880000 167.258727683 -70.719378290 1.710375852 -0.018712927 -0.000329993 -0.013718189 0.999730728
32.452660000 168.083675494 -70.774248832 1.706387700 -0.016703203 0.003004747 -0.010026310 0.999805705
32.556240000 168.895705726 -70.744927290 1.698298815 -0.012481428 0.005300349 -0.006472067 0.999887110
32.659980000 169.634163726 -70.781808861 1.691628321 -0.005360032 0.007490998 -0.002760960 0.999953765
32.763730000 170.517027500 -70.798974108 1.676186628 -0.008838133 0.007002229 -0.000701980 0.999936180
32.867470000 171.430504025 -70.786673534 1.729769568 -0.006699384 0.005204401 0.002600308 0.999960635
32.971200000 172.147302050 -70.849330321 1.760960321 -0.004843336 0.000571917 0.006024817 0.999969958
33.074830000 172.971153324 -70.902240713 1.795584048 -0.001981942 -0.002626698 0.010094928 0.999943631
33.178560000 173.898725351 -70.819858854 1.768234200 -0.004204215 0.000331401 0.012861889 0.999908389
33.282310000 174.699526140 -70.736929883 1.697413156 -0.004887429 0.006304942 0.015768363 0.999843848
33.386030000 175.552469632 -70.631343977 1.698921447 -0.005799033 0.010340030 0.018529328 0.999758030
33.489780000 176.316881382 -70.602204152 1.754096672 -0.005204918 0.009268644 0.019437407 0.999754564
33.593560000 177.257522933 -70.592718832 1.773312342 -0.004989672 0.004925633 0.019881689 0.999777755
33.697130000 178.141439818 -70.492966953 1.772880962 -0.009030032 -0.000106101 0.020955578 0.999739622
33.800870000 178.893989669 -70.457218738 1.738866085 -0.006491992 -0.002334788 0.022552583 0.999721853
33.904610000 179.736109953 -70.483559467 1.742023613 -0.003347367 -0.000398352 0.023083758 0.999727851
34.008350000 180.506499029 -70.412207136 1.708745182 -0.004148386 0.003626659 0.024745715 0.999678592
34.112090000 181.442890060 -70.387270246 1.710213166 -0.005885513 0.007047138 0.024428200 0.999659423
34.215840000 182.220414771 -70.291798133 1.758046537 -0.007792361 0.007474370 0.025363509 0.999619980
34.319570000 183.071827762 -70.256389058 1.789182713 -0.006679955 0.003186740 0.026523114 0.999620802
34.423340000 183.902103457 -70.242029210 1.791123072 -0.003128718 -0.002525442 0.026843319 0.999631567
34.526940000 184.726809580 -70.205202202 1.757775685 0.004335140 -0.004711821 0.028195522 0.999581922
34.630670000 185.600175477 -70.177572680 1.741150037 0.004751470 -0.003325581 0.028888974 0.999565801
34.734300000 186.518913849 -70.053696505 1.687182028 0.003213041 0.001168885 0.029480701 0.999559502
34.837900000 187.340259895 -70.007583171 1.774053453 0.003320731 0.004083069 0.030060833 0.999534215
34.941520000 188.191100594 -69.890510027 1.828434861 0.006151527 0.002945581 0.030082762 0.999524142
35.045260000 189.100489023 -69.886487951 1.845053256 0.012795428 0.001001141 0.030507768 0.999452125
35.148870000 189.906107089 -69.768538745 1.785565006 0.008822504 -0.000684261 0.031152749 0.999475463
35.252510000 190.782896147 -69.671969884 1.785878868 0.006199878 -0.000080504 0.031784695 0.999475507
35.356230000 191.678563800 -69.633324089 1.784161242 0.002111465 0.001495642 0.031471036 0.999501315
35.459850000 192.543652249 -69.565685764 1.771509105 0.000381995 0.003418826 0.031798717 0.999488373
35.563620000 193.427378737 -69.538492051 1.839717784 -0.002089756 0.003286477 0.032390624 0.999467698
35.667200000 194.172825032 -69.491260683 1.808022315 -0.005325408 0.002556911 0.032562546 0.999452241
35.770940000 194.884133880 -69.368518791 1.859598155 -0.006196682 0.000424280 0.032871049 0.999440301
35.874680000 195.621095982 -69.336828037 1.820450507 -0.005896538 -0.000366155 0.033566405 0.999419028
35.978300000 196.413871109 -69.267793172 1.793719926 -0.005840027 0.002028585 0.034216842 0.999395311
36.082080000 197.202162658 -69.238528497 1.752017305 -0.004242238 0.006588894 0.035049823 0.999354842
36.185780000 197.983619758 -69.196288930 1.761158176 -0.006398419 0.008652947 0.035789391 0.999301409
36.289500000 198.606339921 -69.140565463 1.872300919 -0.003046996 0.006567631 0.035796503 0.999332874
36.393220000 199.332120386 -69.120594373 1.880512813 -0.002552378 0.004114933 0.035406990 0.999361245
36.496880000 200.098231776 -69.125390458 1.943882151 -0.001885372 0.001973669 0.035314268 0.999372529
36.600490000 200.897609694 -69.047604209 1.916942091 -0.001470644 -0.000064939 0.034668012 0.999397800
36.704360000 201.653187912 -68.967962734 1.927167695 0.000841308 -0.002340174 0.033962250 0.999420022
36.807990000 202.395690604 -68.900428300 1.929678255 0.000161826 -0.003851149 0.031373277 0.999500305
36.911770000 203.017954017 -68.852168945 1.921276114 0.002097376 -0.000970340 0.027954397 0.999606528
37.015480000 203.656703695 -68.841063157 1.893578262 0.000996713 0.002713938 0.024802844 0.999688181
37.119060000 204.294562981 -68.769283601 1.904130695 -0.001707378 0.005348680 0.021908669 0.999744211
37.222810000 204.919926063 -68.708633661 1.934278945 -0.003560860 0.005376802 0.019469149 0.999789659
37.326430000 205.551876314 -68.671800909 1.955413917 -0.000171215 0.001388487 0.015969190 0.999871506
37.430160000 206.357834201 -68.668054378 1.943326831 0.000641155 -0.002219284 0.011652875 0.999929435
37.533780000 206.987598506 -68.618301372 1.960747352 0.001284944 -0.005391589 0.007673322 0.999955199
37.637390000 207.559120532 -68.526484088 1.934353390 -0.001936670 -0.005529843 0.004745113 0.999971577
37.741030000 208.115910872 -68.570998898 1.963999104 -0.001402668 -0.002584029 0.002012634 0.999993652
37.844750000 208.710357278 -68.673783591 1.945437123 -0.001403194 0.000280143 -0.000796550 0.999998659
37.948360000 209.414588158 -68.679206806 1.987622470 0.001758918 0.002160588 -0.003916608 0.999988449
38.052310000 210.146535266 -68.669121761 1.932363302 -0.000365092 0.001748457 -0.005536977 0.999983076
38.155720000 210.837502201 -68.648005543 1.884244840 -0.000132092 0.001527307 -0.006107546 0.999980174
38.259670000 211.496757933 -68.697267759 1.865659741 0.001276375 0.001813295 -0.005628753 0.999981700
38.362940000 212.144140674 -68.729660136 1.849815152 0.002823907 0.002692314 -0.005858675 0.999975226
38.466570000 212.794049121 -68.672393390 1.871743125 0.004753321 0.003453716 -0.005618859 0.999966953
38.570230000 213.463132521 -68.624404851 1.916368045 0.001435770 0.002523212 -0.005255419 0.999981976
38.673810000 214.110706858 -68.668857600 1.953576180 0.000154795 -0.000681202 -0.004494068 0.999989658
38.777460000 214.730963144 -68.725382397 2.012924342 0.001314816 -0.004294433 -0.003027387 0.999985332
38.881060000 215.312011164 -68.723095837 2.053516191 0.004303798 -0.006656629 -0.001085868 0.999967993
38.984720000 215.974775754 -68.729038328 2.025648463 0.002069448 -0.004955337 0.001134555 0.999984937
39.088300000 216.658957728 -68.701977427 1.927076641 -0.000164808 -0.000201301 0.002935705 0.999995657
39.192020000 217.416510579 -68.684859221 1.834945549 -0.001558904 0.005327437 0.005131368 0.999971428
39.295720000 218.157039432 -68.680399839 1.764610204 0.000578409 0.009026220 0.006715230 0.999936547
39.399320000 218.874729087 -68.660247102 1.805436332 0.001562867 0.009212206 0.007478465 0.999928380
39.502980000 219.482448000 -68.652728956 1.869458322 -0.000396859 0.007945092 0.008946182 0.999928339
39.606730000 220.170072110 -68.579272980 1.991442586 0.003220987 0.004687104 0.010799465 0.999925511
39.710390000 220.891683512 -68.598290697 2.004879852 0.005806367 0.003327707 0.012530539 0.999899094
39.814160000 221.566648077 -68.615798416 1.951331293 0.009113691 0.003279494 0.013409310 0.999863179
39.917810000 222.269700085 -68.614240479 1.933800761 0.011927829 0.005848141 0.013531002 0.999820203
40.021440000 222.969471392 -68.571875479 1.925925278 0.014576220 0.007727059 0.013735963 0.999769548
40.125180000 223.658309926 -68.567156838 1.964617400 0.015988133 0.006881389 0.015205404 0.999732875
40.228960000 224.363784480 -68.560653028 2.026589575 0.019059657 0.005087750 0.015356845 0.999687457
40.332560000 225.028583441 -68.599925320 2.003483324 0.022848929 0.003974897 0.015893345 0.999604686
40.436270000 225.757242512 -68.560913120 1.972444720 0.022615270 0.004746960 0.016163763 0.999602295
40.540000000 226.453280082 -68.483270822 1.948148726 0.024148556 0.006677854 0.016283477 0.999553451
40.643620000 227.148368678 -68.467615495 1.941384417 0.023649257 0.008598637 0.016703140 0.999543787
40.747350000 227.857664208 -68.479340068 1.916348395 0.022124868 0.007140816 0.016695128 0.999590302
40.850980000 228.533743673 -68.456461889 1.948665969 0.023488975 0.004725175 0.016923003 0.999569684
40.954720000 229.161709819 -68.490591663 1.966065740 0.020956113 0.000521387 0.016714148 0.999640539
41.058450000 229.793235780 -68.426921894 2.005232602 0.020420383 -0.002575393 0.016429593 0.999653162
41.162090000 230.481982596 -68.356481481 2.020737300 0.020372161 -0.002040819 0.016036422 0.999661764
41.265810000 231.161963916 -68.361147349 2.013864550 0.017521123 -0.000072570 0.016425595 0.999711561
41.370360000 231.843159329 -68.352576015 1.930655681 0.022086476 0.002984545 0.016082045 0.999622253
41.473270000 232.525294887 -68.356530222 1.940529075 0.022871255 0.005962644 0.016320369 0.999587414
41.576790000 233.144308282 -68.335993787 1.991337301 0.025358792 0.008016065 0.015722449 0.999522626
41.680520000 233.703675295 -68.322932300 1.973470087 0.026526338 0.009508900 0.017153234 0.999455702
41.784260000 234.294179775 -68.257567746 2.026799952 0.027619529 0.009236168 0.019666928 0.999382343
41.887680000 234.826610689 -68.301137694 2.057569588 0.028073099 0.008705049 0.023616362 0.999288943
41.991400000 235.365152046 -68.259618822 2.065789019 0.025864149 0.007012637 0.029570411 0.999203412
42.094800000 235.888837415 -68.162181708 2.079266874 0.027440668 0.005905408 0.035953133 0.998959212
42.198260000 236.433730186 -68.121831591 2.089357860 0.027020413 0.004419457 0.045775654 0.998576464
42.301840000 236.929671895 -68.124368377 2.051461656 0.027704843 0.003938136 0.057609413 0.997946937
42.405330000 237.370705475 -67.960391450 2.014000077 0.027157300 0.005086319 0.069997800 0.997164439
42.508850000 237.838438019 -67.887326468 2.005312506 0.028717490 0.006305855 0.083114012 0.996106221
42.612350000 238.375979391 -67.768291450 2.082543411 0.030093655 0.006497992 0.100064233 0.994504549
42.715820000 238.796580756 -67.650559564 2.154490296 0.030708729 0.004977415 0.117948115 0.992532338
42.819320000 239.260449769 -67.521860521 2.176628363 0.030753917 0.002731608 0.137425339 0.990030813
42.922650000 239.742406089 -67.285864114 2.166800279 0.029092478 -0.000100619 0.159336597 0.986795555
43.026190000 240.165370522 -67.132982115 2.153403653 0.026404207 -0.001404237 0.182990905 0.982758961
43.129650000 240.555226111 -66.938686437 2.154346410 0.021349678 -0.003785755 0.207993201 0.977889916
43.233030000 240.946188888 -66.662454667 2.147668134 0.016125115 -0.006437220 0.233143385 0.972287357
43.336520000 241.300531504 -66.365155662 2.119837441 0.009381354 -0.008157829 0.258849297 0.965837710
43.440050000 241.622366448 -66.078782333 2.159546439 0.005591676 -0.009443596 0.286387228 0.958051098
43.543500000 241.951025355 -65.798353283 2.135811716 0.001858737 -0.009390766 0.314210477 0.949305080
43.647150000 242.302374329 -65.449390376 2.123045166 -0.001868348 -0.007856721 0.342210159 0.939588733
43.750710000 242.600537527 -65.209806206 2.132081957 -0.005681452 -0.004546964 0.369816420 0.929076349
43.854350000 242.846336536 -64.834646341 2.131308465 -0.009830460 -0.001077476 0.395721604 0.918317272
43.957960000 243.040170964 -64.441835122 2.097298304 -0.013285959 0.000926217 0.421508163 0.906726802
44.061680000 243.229373869 -64.136668092 2.112905127 -0.015304766 0.001701471 0.446373956 0.894714010
44.165420000 243.452613118 -63.761782649 2.128351379 -0.016068725 0.002236019 0.471229928 0.881861186
44.268910000 243.632311570 -63.433791407 2.152528402 -0.015195530 0.003116789 0.496197742 0.868070955
44.372740000 243.830130476 -63.052631111 2.131251000 -0.012039773 0.003005532 0.521299157 0.853283774
44.476270000 243.974280900 -62.630837229 2.122360141 -0.008285174 0.001886485 0.546362079 0.837505986
44.580030000 244.075693223 -62.262996637 2.145222069 -0.005562728 0.000480211 0.569881115 0.821708184
44.683750000 244.154259728 -61.875174814 2.144348273 -0.005044265 -0.000604412 0.592314040 0.805691174
44.787490000 244.235776274 -61.436525778 2.129662307 -0.005901353 -0.001119152 0.612832688 0.790189862
44.891360000 244.333209235 -60.970366957 2.129861531 -0.006011671 -0.001048390 0.631002363 0.775756907
44.995090000 244.389570678 -60.508616129 2.144487485 -0.006344691 -0.001246480 0.648095503 0.761531621
45.098960000 244.416669604 -60.029402139 2.146669985 -0.006244850 -0.001341428 0.663611411 0.748050198
45.203360000 244.457523025 -59.585761352 2.133241357 -0.005521062 -0.001382572 0.676912667 0.736041336
45.306930000 244.460710990 -59.067220134 2.140324965 -0.004900193 -0.002756573 0.688234950 0.725466086
45.410680000 244.473857214 -58.566442417 2.137224582 -0.004071656 -0.003404755 0.697213392 0.716843996
45.514850000 244.470557316 -58.008644032 2.122793490 -0.005047938 -0.004624748 0.705318906 0.708857088
45.618560000 244.416107779 -57.492683722 2.131185041 -0.005999551 -0.006585559 0.712264387 0.701854742
45.722540000 244.391442920 -56.940976054 2.143418593 -0.005429610 -0.006383448 0.716940158 0.697084343
45.826510000 244.318653680 -56.387587673 2.137112483 -0.005766957 -0.007978755 0.720577446 0.693304570
45.930510000 244.313819383 -55.806875336 2.150453240 -0.005942776 -0.009465741 0.722800281 0.690966597
46.034570000 244.276282162 -55.169790853 2.114160027 -0.006351765 -0.011379530 0.725194604 0.688420619
46.138420000 244.232922603 -54.518140938 2.130216415 -0.005717381 -0.010540558 0.726212321 0.687365895
46.242420000 244.219421331 -53.879620141 2.120946424 -0.005563552 -0.009682901 0.725618641 0.688006450
46.346350000 244.167800413 -53.235829404 2.139011039 -0.006868494 -0.009975245 0.726024438 0.687562240
46.450210000 244.093060709 -52.531430980 2.156168975 -0.004239224 -0.007654710 0.726178021 0.687451028
46.554100000 244.149676495 -51.799107865 2.148628061 -0.003839174 -0.010858080 0.725340393 0.688294033
46.657810000 244.106185019 -51.080695491 2.178264579 -0.004466841 -0.011956520 0.725062918 0.688564343
46.761680000 244.016722565 -50.405683825 2.192713785 -0.005469804 -0.012475584 0.724155914 0.689501743
46.865420000 243.974305508 -49.668668382 2.167697588 -0.005300538 -0.013910617 0.723215017 0.690462481
46.969180000 243.900732153 -48.928579597 2.180217064 -0.003649113 -0.012158361 0.723403097 0.690309219
47.072900000 243.890752424 -48.100120743 2.199713165 -0.003545529 -0.012147338 0.722870150 0.690868018
47.176650000 243.879274520 -47.276751621 2.203692418 -0.003652574 -0.011426314 0.722518688 0.691247310
47.280390000 243.856435935 -46.414244178 2.259865943 -0.001952878 -0.010190687 0.721653662 0.692176515
47.384120000 243.807274403 -45.559782243 2.262021682 -0.000805120 -0.009276202 0.721434927 0.692419634
47.487740000 243.808810037 -44.605267802 2.262055377 -0.001252661 -0.008682847 0.721826449 0.692018508
47.591510000 243.763076865 -43.649485846 2.280770695 -0.002347180 -0.007175499 0.721086797 0.692803604
47.695090000 243.709440399 -42.839414225 2.261301605 -0.003233633 -0.004949894 0.720092747 0.693852634
47.798710000 243.667304564 -42.014993273 2.233877925 -0.003182638 -0.005058546 0.720249685 0.693689176
47.902330000 243.627082188 -41.149552752 2.273001823 -0.003760864 -0.005989930 0.720783312 0.693124371
48.006070000 243.603182529 -40.214232880 2.311607547 -0.003402166 -0.008115537 0.720508600 0.693390165
48.109680000 243.546501770 -39.293671474 2.313870931 -0.002247349 -0.008515409 0.721049001 0.692828099
48.213880000 243.514660815 -38.419740472 2.334922841 -0.001274137 -0.006276841 0.722556481 0.691282221
48.316910000 243.487559333 -37.556191864 2.295682073 -0.003590905 -0.005385817 0.723480234 0.690314746
48.420530000 243.440207088 -36.761823447 2.295313899 -0.005673262 -0.003679190 0.724486670 0.689255644
48.524140000 243.406028959 -35.883804070 2.267829843 -0.005618795 -0.002117727 0.725275138 0.688432944
48.627780000 243.344275655 -35.066964414 2.299112213 -0.004645447 -0.001613699 0.727003294 0.686616361
48.731400000 243.257822354 -34.140022605 2.281359515 -0.005638039 -0.004547203 0.726727370 0.686887811
48.835360000 243.208312831 -33.243153872 2.348930147 -0.004003064 -0.004479736 0.727753802 0.685812155
48.938730000 243.133908651 -32.405115801 2.357646365 -0.003501624 -0.004779366 0.728291991 0.685241324
49.042590000 243.119561696 -31.514146524 2.376211756 -0.004022534 -0.005678021 0.728662970 0.684837101
49.146090000 243.020206963 -30.675399641 2.389406273 -0.005559279 -0.008295579 0.729424476 0.683988459
49.249830000 242.860855072 -29.815498770 2.469883890 -0.003325010 -0.007948750 0.729681468 0.683732928
49.353850000 242.829500646 -29.005889395 2.471733896 -0.003893670 -0.009278994 0.729265397 0.684156941
49.457610000 242.863844105 -28.146816887 2.451615498 -0.005457562 -0.011859996 0.728101235 0.685345276
49.560950000 242.824297466 -27.258035751 2.493071748 -0.003971807 -0.009207428 0.727972905 0.685532565
49.664690000 242.737109986 -26.427465146 2.459632324 -0.004882031 -0.009270540 0.727294225 0.686245825
49.768340000 242.700184015 -25.509930931 2.447026612 -0.000196421 -0.003301132 0.726877503 0.686759172
49.872030000 242.676941269 -24.714108828 2.468696006 -0.001268970 -0.004273669 0.725760149 0.687933377
49.975760000 242.646941446 -23.861954054 2.519540515 -0.002241949 -0.006386904 0.725018467 0.688696162
50.079370000 242.564129069 -23.101724204 2.513673789 0.000088710 -0.004482915 0.724503842 0.689256177
50.183130000 242.535984351 -22.287749735 2.539033078 -0.001917120 -0.007746395 0.723381152 0.690402800
50.286730000 242.433923636 -21.470372703 2.550024229 -0.001532857 -0.005288056 0.723748440 0.690041942
50.390360000 242.434981024 -20.550430461 2.548523035 -0.002489388 -0.005248926 0.723374638 0.690431304
50.494100000 242.387324874 -19.673248269 2.508868993 -0.004101558 -0.004283464 0.724055445 0.689716276
50.597700000 242.335449608 -18.814240090 2.487010769 -0.004440105 -0.003143981 0.724681445 0.689062555
50.701310000 242.319012930 -18.066520752 2.506232607 -0.006904627 -0.006623063 0.725034349 0.688646248
50.805050000 242.296407924 -17.220891533 2.596139889 -0.007783032 -0.008883005 0.726240257 0.687339513
50.908670000 242.254293591 -16.496739080 2.593631605 -0.009021588 -0.011592269 0.727270054 0.686194213
51.012410000 242.166880510 -15.732427167 2.583646006 -0.009999426 -0.013519396 0.728711216 0.684614637
51.116030000 242.105799279 -14.889901316 2.580540507 -0.009858729 -0.014415975 0.730247866 0.682959032
51.219640000 242.035769684 -14.069734379 2.623760129 -0.011497753 -0.015362391 0.731938002 0.681100990
51.323380000 241.944737858 -13.249622334 2.637933461 -0.011399018 -0.015220178 0.733588583 0.679327756
51.427120000 241.899671103 -12.450007082 2.707841606 -0.011920101 -0.014693899 0.734942792 0.677865099
51.530760000 241.779894152 -11.707902930 2.671622484 -0.015565762 -0.016609547 0.736494266 0.676060668
51.634350000 241.740177640 -10.922489567 2.665614607 -0.016087393 -0.017876392 0.737402167 0.675025684
51.738100000 241.651066068 -10.095897851 2.687980404 -0.016808237 -0.018734874 0.738005018 0.674325649
51.841860000 241.574305921 -9.355942415 2.682147164 -0.015090316 -0.017944974 0.738432091 0.673920104
51.945450000 241.439246472 -8.615292098 2.678220230 -0.017325016 -0.018832102 0.739061265 0.673152020
52.049190000 241.373255666 -7.883442979 2.736049506 -0.013293017 -0.014604117 0.738992946 0.673423671
52.152940000 241.253179456 -7.179714360 2.705691525 -0.015497315 -0.017093630 0.738711460 0.673626766
52.256550000 241.182784308 -6.526908343 2.705502993 -0.019850127 -0.021809330 0.738700314 0.673388574
52.360310000 241.187640561 -5.772410243 2.695704993 -0.022066321 -0.023576576 0.738134670 0.673880132
52.463930000 241.093157809 -5.090963376 2.695243743 -0.022878207 -0.023659166 0.738035514 0.673958761
52.567650000 241.032234404 -4.394272590 2.716761244 -0.019524183 -0.019690933 0.737452879 0.674829107
52.671390000 240.944387322 -3.734651847 2.727036959 -0.020671629 -0.020949106 0.735979646 0.676363645
52.775000000 240.857763082 -3.077181705 2.717412104 -0.023577393 -0.024376738 0.734965152 0.677256308
52.878630000 240.831944616 -2.502581109 2.726712533 -0.025362356 -0.026955979 0.734371034 0.677738379
52.982360000 240.747251924 -1.886902905 2.775747256 -0.021750329 -0.023152123 0.733885131 0.678530410
53.085970000 240.711248767 -1.264852428 2.771263581 -0.021710272 -0.023421031 0.732764871 0.679732126
53.189580000 240.700686245 -0.632977078 2.742095446 -0.021410353 -0.023633491 0.731526360 0.681066986
53.293220000 240.662581070 -0.059725598 2.750335586 -0.021934880 -0.023371130 0.729825047 0.682882166
53.396940000 240.624184085 0.496457468 2.755614887 -0.021259289 -0.022946922 0.728449581 0.684384899
53.500560000 240.596943200 0.990167955 2.772974081 -0.022095292 -0.023051020 0.726761954 0.686146858
53.604330000 240.557967499 1.517803441 2.805582874 -0.020416710 -0.020108101 0.724699659 0.688468755
53.707910000 240.547034836 2.038922030 2.837345375 -0.016317558 -0.016888952 0.723101263 0.690342715
53.811530000 240.501683885 2.552046302 2.830401025 -0.015478119 -0.016318685 0.721668234 0.691873607
53.915140000 240.472016895 3.029774966 2.845393376 -0.014688873 -0.015396856 0.720209304 0.693430409
54.018910000 240.456898446 3.445343896 2.863324028 -0.013897656 -0.013252825 0.718961430 0.694784629
54.122510000 240.484941941 3.886916474 2.861831863 -0.014745578 -0.012996108 0.717349542 0.696436145
54.226140000 240.413889213 4.274873785 2.889191246 -0.015593777 -0.013770481 0.715295457 0.698512432
54.329880000 240.421168099 4.705648459 2.862672684 -0.016928119 -0.015099667 0.713139684 0.700654858
54.433600000 240.416868197 5.045488511 2.889121559 -0.015676406 -0.013313137 0.711064115 0.702826320
54.537210000 240.457023619 5.411882314 2.901293185 -0.014835857 -0.014030579 0.708703681 0.705210701
54.640830000 240.435223410 5.764102333 2.892713867 -0.013549686 -0.012452448 0.707112045 0.706862008
54.744460000 240.391793745 6.056849392 2.907865079 -0.013163881 -0.012730302 0.705691146 0.708282894
54.848060000 240.414351386 6.368372536 2.882721295 -0.013174537 -0.013138469 0.703614393 0.710338368
54.951700000 240.425877899 6.715227721 2.882631670 -0.012475380 -0.012673292 0.701797529 0.712154464
55.055430000 240.473307174 6.963740569 2.906502475 -0.012693934 -0.012623285 0.700207064 0.713715338
55.159030000 240.487511630 7.173463565 2.897916191 -0.010943122 -0.011502299 0.698856852 0.715085342
55.262650000 240.479684880 7.359330914 2.959413780 -0.009689984 -0.013176285 0.697386083 0.716508996
55.366390000 240.539109340 7.610778444 2.995132104 -0.007765353 -0.013881924 0.696046789 0.717820214
55.470020000 240.594071580 7.729145128 2.971532967 -0.007906157 -0.013735148 0.695475025 0.718375478
55.573750000 240.559236501 7.771192117 2.956192058 -0.008628411 -0.013684814 0.694935696 0.718889877
55.677360000 240.550202708 7.831071503 2.969576651 -0.008422817 -0.013891746 0.694607267 0.719205687
55.780970000 240.547913931 7.881482071 2.956514466 -0.007249912 -0.014026898 0.694417538 0.719399032
55.884590000 240.579516212 7.973405737 3.008594368 -0.006637966 -0.014363657 0.694349390 0.719464070
55.988350000 240.553193876 8.002560450 3.007367376 -0.007217480 -0.014803491 0.694187170 0.719606099
56.091960000 240.563408533 8.066910580 3.011044058 -0.007569702 -0.015025602 0.694316431 0.719473157
56.195600000 240.506190894 8.082799679 3.000334340 -0.007017921 -0.014733136 0.694112671 0.719681376
56.299200000 240.517905533 8.135738885 3.015606116 -0.007036052 -0.015001627 0.694009100 0.719775531
56.402790000 240.500986922 8.110932711 2.982418657 -0.006708634 -0.015247718 0.694076567 0.719708428
56.506450000 240.502240268 8.093458735 2.959555717 -0.006566313 -0.015334897 0.694114168 0.719671624
56.610040000 240.489549966 8.079682655 2.976791624 -0.006723718 -0.015644968 0.694382504 0.719404591
56.713640000 240.490352042 8.078318814 3.018336701 -0.006110598 -0.016005241 0.694341934 0.719441291
56.817260000 240.535669016 8.075582861 3.002432641 -0.005952048 -0.015901727 0.694176518 0.719604523
56.921000000 240.542033090 8.078852152 2.994881219 -0.006129659 -0.016002740 0.694204646 0.719573658
57.024630000 240.535591329 8.088613563 3.019589213 -0.005917334 -0.016306640 0.694138088 0.719632819
57.128230000 240.525625407 8.090887256 3.016605154 -0.005797531 -0.016233860 0.694220812 0.719555637
57.231970000 240.555210592 8.055048750 3.005218254 -0.005747443 -0.016600364 0.694463212 0.719313730
57.335740000 240.549217906 8.095598533 2.995649602 -0.005704360 -0.016044611 0.694117772 0.719660024
57.439330000 240.523321021 8.121788046 2.989354924 -0.005305514 -0.016563320 0.694105638 0.719663026
57.542960000 240.485672930 8.138320758 2.987989731 -0.005203822 -0.016691783 0.694266634 0.719505486
57.646570000 240.484442060 8.139496107 2.981001154 -0.005410235 -0.016447876 0.694118255 0.719652725
57.750390000 240.541371028 8.149943532 3.001317483 -0.005658113 -0.016406015 0.694191871 0.719580763
57.853970000 240.544907958 8.207559799 2.967359841 -0.004779679 -0.016915931 0.694133907 0.719631243
57.957680000 240.539675209 8.249713983 2.966489240 -0.003866061 -0.017735913 0.694029791 0.719717403
58.061270000 240.538247929 8.298811018 2.952895285 -0.003301198 -0.018171847 0.693648856 0.720076490
58.164910000 240.544922005 8.397865957 2.961083418 -0.002172579 -0.018950049 0.693252647 0.720442185
58.268620000 240.557889328 8.516928081 2.981337507 -0.002437960 -0.019609195 0.692618133 0.721033743
58.372240000 240.599750966 8.634107675 3.004589688 -0.002664050 -0.019510614 0.691415429 0.722188994
58.475980000 240.602528861 8.771850140 2.980304703 -0.001141859 -0.019978354 0.689296267 0.724203161
58.579590000 240.552112837 8.934758257 2.996946784 -0.000586326 -0.020520051 0.686221551 0.727102858
58.683350000 240.554385133 9.181799332 2.958894219 0.000300947 -0.020532272 0.682977886 0.730150356
58.786950000 240.575523022 9.350882099 2.948596006 0.000839952 -0.021491810 0.678682661 0.734116641
58.890710000 240.613763610 9.531502792 2.948033284 0.001369730 -0.022366249 0.673155946 0.739160975
58.994310000 240.600004306 9.729262973 2.985589646 0.000534818 -0.021990842 0.666959160 0.744769492
59.098080000 240.644915978 10.005596228 3.006144141 -0.000698341 -0.019640409 0.659903514 0.751093282
59.201790000 240.752145026 10.198725585 3.002945329 -0.002506810 -0.018249349 0.651429195 0.758485782
59.305420000 240.831867240 10.450234534 2.996375083 -0.003082370 -0.017878762 0.642388488 0.766164394
59.409140000 240.960457057 10.748378970 3.010735434 -0.001286529 -0.017170197 0.632143246 0.774660213
59.513100000 241.021919802 11.021972823 3.014864986 -0.000551122 -0.017120255 0.619878335 0.784510958
59.616750000 241.072188334 11.260060325 3.035328651 0.001531736 -0.015700206 0.606236212 0.795128174
59.720500000 241.168385692 11.567087953 3.027663501 0.001999029 -0.013776340 0.591588099 0.806120175
59.824230000 241.293064685 11.814074939 3.039477586 0.001737323 -0.011087157 0.574517311 0.818415491
59.928100000 241.451558960 12.128594454 3.063815560 0.000669114 -0.008692716 0.555959134 0.831163901
60.032120000 241.548476702 12.416495313 3.096825837 -0.001424233 -0.008142910 0.535259979 0.844646920
60.135780000 241.705968979 12.698218203 3.065929267 -0.002827813 -0.007515623 0.513732981 0.857912550
60.239770000 241.951612948 13.002028623 3.100097236 -0.003424804 -0.006595296 0.490282773 0.871531741
60.343300000 242.214624466 13.244736305 3.109326909 -0.001782548 -0.005320667 0.465539394 0.885009371
60.447190000 242.464389561 13.458783078 3.123591121 -0.000501924 -0.004348667 0.439306988 0.898326337
60.551000000 242.784668919 13.775697888 3.162318094 0.001050649 -0.004108621 0.411867932 0.911233681
60.654780000 243.006545063 14.023326170 3.164178703 0.002292281 -0.006185949 0.382911852 0.923761329
60.758610000 243.289043280 14.293864368 3.176209745 0.003002309 -0.007581075 0.352793960 0.935665504
60.862280000 243.657773949 14.533586343 3.178199039 0.003133066 -0.008287178 0.321243246 0.946955270
60.966000000 244.082458800 14.717893901 3.164983185 0.003277151 -0.007086222 0.289902625 0.957024302
61.069630000 244.486401236 14.975881543 3.155615489 0.005945232 -0.005536845 0.259286628 0.965766246
61.173270000 244.910550496 15.153896098 3.179871141 0.007588443 -0.003665397 0.230150497 0.973118559
61.276850000 245.324502884 15.305515543 3.165874320 0.009101798 -0.003305826 0.201225607 0.979497057
61.380460000 245.850714025 15.455552573 3.179313799 0.010472310 -0.003356131 0.173679638 0.984740804
61.483950000 246.339887801 15.566786746 3.143185201 0.010405790 -0.004837381 0.149211967 0.988738645
61.587570000 246.863298639 15.671401945 3.142184814 0.011048369 -0.005290180 0.125254771 0.992048986
61.691060000 247.389270101 15.784131309 3.162158375 0.011174774 -0.004563780 0.103994129 0.994504659
61.794550000 247.867084623 15.896449068 3.180146434 0.011619988 -0.003640452 0.084760210 0.996326969
61.897900000 248.486536554 15.948588095 3.180769359 0.012105612 -0.003268065 0.068278950 0.997587469
62.002740000 249.075743391 15.983782056 3.184962478 0.014008779 -0.002395651 0.055697143 0.998346555
62.104790000 249.696507838 16.046920536 3.172114505 0.014601081 -0.001749106 0.044385961 0.998906220
62.208130000 250.301238521 16.076853222 3.193334739 0.016198797 -0.001042016 0.035742930 0.999229181
62.311500000 250.932634860 16.097996746 3.200896912 0.016536942 -0.000898259 0.029635949 0.999423550
62.414860000 251.548477959 16.152542390 3.189181545 0.016901993 -0.000979147 0.024887176 0.999546894
62.518230000 252.212412837 16.199466372 3.212162751 0.016574563 -0.001166344 0.020651406 0.999648660
62.621740000 252.931785021 16.243367338 3.214887395 0.018012387 -0.001911984 0.017158486 0.999688694
62.725220000 253.660809880 16.265213068 3.228238034 0.019990090 -0.002618377 0.015331076 0.999679198
62.828700000 254.355429630 16.287463840 3.249443713 0.018479142 -0.002074265 0.014008489 0.999728954
62.932200000 255.126694494 16.277609398 3.221566096 0.018244254 -0.001444600 0.012737505 0.999751377
63.035810000 255.890247414 16.343297575 3.237513092 0.016656098 -0.000181015 0.012408891 0.999784257
63.139420000 256.639310390 16.361522136 3.198098046 0.017324920 0.001128218 0.011770846 0.999779987
63.242920000 257.403897098 16.316871246 3.184932403 0.016780705 0.000377008 0.012279350 0.999783718
63.346530000 258.217263619 16.402845776 3.226812627 0.016214003 0.000571456 0.013127939 0.999782195
63.450150000 259.051601169 16.416951994 3.232615615 0.018675288 -0.001248838 0.013726559 0.999730592
63.553890000 259.851232501 16.471616113 3.239395852 0.017407559 -0.003771625 0.014514670 0.999736003
63.657500000 260.720185712 16.467856075 3.297463872 0.015575249 -0.006157399 0.014606594 0.999753042
63.761250000 261.623700408 16.488224862 3.366539059 0.007759336 -0.005838457 0.014829723 0.999842880
63.864990000 262.443419940 16.497388785 3.399427446 0.007204853 -0.003233316 0.014598320 0.999862253
63.968620000 263.406452349 16.568366444 3.290473353 0.011651256 0.000993413 0.013899206 0.999835023
64.072220000 264.377767857 16.572140259 3.210461744 0.012800099 0.003104720 0.013486380 0.999822302
64.175970000 265.258706544 16.612792886 3.265347822 0.012637815 0.003112897 0.013877754 0.999818985
64.279620000 266.126574717 16.660959029 3.298647108 0.014369857 0.000031030 0.014492377 0.999791717
64.383180000 266.994405350 16.681070798 3.357237408 0.016509313 -0.003773990 0.015188775 0.999741217
64.486930000 267.920736773 16.681581733 3.331438862 0.016320646 -0.005528555 0.015884488 0.999725340
64.590710000 268.853557745 16.702303626 3.340727440 0.014866116 -0.005684199 0.016363224 0.999739433
64.694300000 269.883947583 16.796494065 3.387655630 0.011989565 -0.005230757 0.016576583 0.999777028
64.797940000 270.919846407 16.823587264 3.409462416 0.012674376 -0.002782998 0.016623387 0.999777614
64.901640000 271.888024351 16.856001536 3.369549858 0.013513627 -0.000074925 0.016537957 0.999771910
65.005340000 272.857192209 16.895233701 3.366444024 0.012829216 0.002105665 0.016598392 0.999777711
65.108990000 273.872664432 16.942778934 3.356216177 0.012017620 0.001504697 0.016577157 0.999789233
65.212830000 274.862039176 16.990032629 3.390876504 0.012622747 -0.000408921 0.016387189 0.999785957
65.316220000 275.886552265 16.979854454 3.403587337 0.012594129 -0.002444975 0.016165257 0.999787025
65.419850000 276.953311134 17.067574018 3.435762374 0.012969070 -0.002817996 0.016795914 0.999770853
65.523620000 278.032648124 17.103318802 3.443981912 0.012832474 -0.002732815 0.017569607 0.999759555
65.627110000 279.076805932 17.118183930 3.463531064 0.013339950 -0.001346291 0.017955285 0.999748889
65.730790000 280.091477012 17.185300063 3.461004220 0.013742167 -0.000297476 0.018700877 0.999730634
65.834430000 281.105466196 17.229591199 3.464412634 0.014930201 -0.000935215 0.019929313 0.999689470
65.938040000 282.115831664 17.285734724 3.526536019 0.015601648 -0.003053016 0.020753869 0.999658214
66.041660000 283.167954020 17.312909060 3.556452153 0.011545490 -0.005349166 0.021569232 0.999686379
66.145270000 284.219633061 17.339418227 3.620275191 0.005602217 -0.006597487 0.021978045 0.999720988
66.248940000 285.331491687 17.426120030 3.597742473 0.011827387 -0.005736274 0.023156088 0.999645439
66.352630000 286.435717890 17.472530781 3.604772838 0.013891934 -0.003292668 0.024023324 0.999609450
66.456240000 287.452932339 17.568263831 3.581670638 0.017649984 -0.000939667 0.025232636 0.999525342
66.559860000 288.509410733 17.595414609 3.586829158 0.016532248 0.000391906 0.025204155 0.999545538
66.663590000 289.550434734 17.675619594 3.572272929 0.014726102 0.001494604 0.026053202 0.999550969
66.767240000 290.603867986 17.728717264 3.595335924 0.012581208 0.001168405 0.026218306 0.999576385
66.870960000 291.621101893 17.758819227 3.666183926 0.011063545 0.000178500 0.026040035 0.999599661
66.974570000 292.672332207 17.836328656 3.640664140 0.011154257 -0.001650108 0.025786873 0.999603870
67.078310000 293.765234958 17.892828488 3.652408815 0.014339911 -0.002911039 0.025908389 0.999557226
67.181930000 294.815509955 17.973356593 3.681082848 0.017009581 -0.003993618 0.026228141 0.999503282
67.285670000 295.804465508 18.032399493 3.690454417 0.016308438 -0.003139480 0.026068415 0.999522194
67.389280000 296.838584490 18.089453551 3.694374083 0.013099004 -0.002218268 0.025475372 0.999587165
67.492970000 297.864754239 18.134958652 3.666068874 0.014674148 -0.001171969 0.025670739 0.999562059
67.596630000 298.899525916 18.162459151 3.673135394 0.013718918 -0.000847320 0.025602168 0.999577712
67.700270000 299.908616060 18.256951097 3.667830405 0.012189253 0.000095712 0.025242321 0.999607042
67.803900000 300.923476941 18.331808934 3.658683217 0.008557047 0.001927630 0.024711097 0.999656152
67.907590000 301.909285513 18.377216535 3.708449747 0.005878034 0.003271656 0.024823029 0.999669226
68.011290000 302.893269256 18.388619042 3.750708606 0.004782360 0.000588163 0.024485970 0.999688562
68.114970000 303.939145575 18.482448352 3.769450015 0.002753959 -0.001717251 0.024479519 0.999695063
68.218650000 304.961151675 18.544692509 3.786551287 0.004511964 -0.002351454 0.023776253 0.999704358
68.322220000 305.958513753 18.616783294 3.777420629 0.006963645 -0.002045197 0.024493038 0.999673655
68.425940000 306.991754006 18.635288937 3.771239666 0.004790020 -0.002821309 0.023989883 0.999696745
68.529590000 307.991549684 18.690995775 3.768371395 0.003204025 -0.003020298 0.023741939 0.999708424
68.633170000 308.995487834 18.751161177 3.788120520 0.003020411 -0.001867856 0.023602394 0.999715117
68.736910000 310.055960107 18.820992167 3.819032835 0.003550813 -0.000181120 0.023854795 0.999709112
68.840530000 311.071925642 18.866684134 3.821811685 0.006751904 -0.000202575 0.023522752 0.999700481
68.944270000 312.069936166 18.927208694 3.823799558 0.006940998 -0.000736958 0.023774430 0.999692981
69.047890000 313.141671271 18.993938136 3.826200025 0.005217264 -0.000697729 0.023303468 0.999714580
69.151620000 314.139069034 19.052393572 3.814892965 0.005683005 -0.001041248 0.022724819 0.999725063
69.255320000 315.155609817 19.084285095 3.817253699 0.006583537 -0.000976161 0.022512087 0.999724417
69.359000000 316.191310685 19.145599789 3.816535762 0.005739528 -0.001407037 0.021956860 0.999741454
69.462640000 317.190685774 19.223558214 3.807415223 0.003917017 0.000053395 0.021863796 0.999753284
69.566330000 318.246920161 19.243446311 3.849875523 0.004955705 -0.000517765 0.021302102 0.999760668
69.669950000 319.343030058 19.298902979 3.885295045 0.003780493 -0.002227183 0.021023380 0.999769356
69.773710000 320.406587113 19.363041171 3.920595982 0.001905612 -0.003768640 0.021766205 0.999754169
69.877300000 321.505110595 19.411361166 3.922885519 0.002002602 -0.002837887 0.021460601 0.999763661
69.980930000 322.574348338 19.459260299 3.902514997 0.005222930 -0.000918521 0.021486637 0.999755071
70.084660000 323.615684967 19.491547923 3.932809573 0.003956548 0.000764292 0.021293734 0.999765142
70.188400000 324.647983974 19.535288414 3.943661430 0.003509526 0.001242143 0.021021035 0.999772102
70.292030000 325.772072868 19.596291129 3.928617875 0.004668909 0.002263235 0.020649579 0.999773311
70.395630000 326.847243353 19.635115697 3.947651047 0.003756024 0.002756978 0.020722943 0.999774400
70.499370000 327.989142748 19.722172296 3.973532290 0.006112751 0.002391944 0.021090815 0.999756015
70.602990000 329.054654772 19.776424619 3.978337509 0.007493438 0.001265358 0.021079755 0.999748914
70.706610000 330.095475148 19.789760745 4.006608488 0.009871565 0.000214327 0.021298674 0.999724398
70.810370000 331.165758525 19.842635870 3.972233847 0.012714389 0.000615471 0.021427546 0.999689365
70.913960000 332.228094804 19.842173777 3.967820573 0.014177171 0.002119662 0.020783141 0.999681237
71.017600000 333.316764702 19.936399756 3.994374718 0.013497666 0.003108621 0.020463277 0.999694655
71.121200000 334.395827028 19.972919411 4.003101069 0.015456185 0.003728577 0.021449121 0.999643506
71.224820000 335.406781903 20.048257547 3.996929504 0.018979322 0.003776790 0.021971176 0.999571302
71.328430000 336.475413254 20.058861473 4.061415744 0.020248512 0.002134984 0.021794746 0.999555115
71.432160000 337.515555549 20.092457890 4.068846752 0.019258586 0.001287091 0.021903440 0.999573754
71.535850000 338.542127018 20.159877168 4.059213033 0.019020231 0.001803323 0.022451996 0.999565349
71.639400000 339.541146475 20.200693560 4.053767578 0.021698842 0.002911109 0.022602907 0.999504775
71.743010000 340.611944640 20.273991269 4.062014819 0.022456060 0.003123853 0.023709278 0.999461774
71.846650000 341.675654650 20.287028718 4.030514575 0.025895256 0.004293401 0.023848745 0.999370922
71.950250000 342.694733167 20.343453066 4.017832994 0.025003171 0.005271279 0.023923729 0.999387167
72.053920000 343.662289977 20.428019251 4.132189539 0.023031809 0.005498296 0.024971879 0.999407679
72.157490000 344.598485850 20.467412695 4.150390491 0.024996455 0.004731799 0.024921262 0.999365658
72.261240000 345.473877795 20.563460339 4.134649653 0.025121407 0.003850122 0.025390789 0.999354491
72.364830000 346.468864657 20.614733530 4.129223108 0.024999013 0.003520210 0.026260180 0.999336310
72.468450000 347.581998281 20.626710835 4.098952318 0.025251704 0.003593471 0.026413323 0.999325660
72.572060000 348.517392196 20.682788962 4.098979783 0.026576587 0.003822022 0.026534383 0.999287248
72.675720000 349.420201073 20.741906617 4.137662836 0.025013906 0.004787201 0.026560177 0.999322743
72.779440000 350.357937808 20.817808139 4.174208681 0.022522500 0.005014037 0.027037026 0.999368098
72.883040000 351.270992194 20.865666257 4.204422720 0.022015360 0.003484926 0.027296905 0.999378836
72.986770000 352.116789900 20.905872995 4.169082512 0.022603449 0.002474185 0.026363932 0.999393769
73.090510000 352.968182642 20.967297982 4.135126165 0.023105599 0.002493736 0.026227559 0.999385825
73.194190000 353.758246446 21.025144828 4.132525467 0.021946200 0.002868223 0.025541676 0.999428717
73.297870000 354.624447191 21.038255805 4.149466784 0.022155486 0.003320623 0.024133082 0.999457704
73.401490000 355.450062907 21.090540264 4.176936760 0.024691777 0.003927653 0.023505193 0.999411024
73.505110000 356.254346091 21.111202398 4.188882861 0.025820126 0.004904096 0.022332205 0.999405095
73.608900000 357.068486816 21.134615352 4.190375588 0.027165069 0.005524730 0.021350430 0.999387660
73.712560000 357.799021137 21.170121846 4.190709583 0.028540454 0.006109841 0.020775299 0.999358044
73.816140000 358.496741609 21.192453439 4.184379125 0.027634165 0.006882635 0.020308748 0.999388081
73.919840000 359.176929410 21.242492875 4.171848377 0.027078867 0.007464926 0.019271130 0.999419648
74.023430000 359.850984298 21.293635159 4.222930510 0.026180229 0.006098252 0.018865717 0.999460600
74.127170000 360.477016532 21.301752177 4.236001965 0.024098024 0.003933535 0.017633570 0.999546332
74.230880000 361.101428664 21.329235657 4.224398004 0.022871836 0.002055428 0.017504910 0.999583029
74.334400000 361.703151850 21.343367813 4.217336598 0.022118077 0.002088750 0.016974935 0.999609063
74.438030000 362.247733794 21.304585378 4.238409121 0.021860661 0.003439976 0.016202655 0.999623805
74.541650000 362.881231246 21.308894096 4.196241999 0.023298892 0.005619600 0.016568222 0.999575448
74.645260000 363.467444111 21.363160077 4.224077581 0.022867128 0.006226684 0.017779278 0.999561014
74.748860000 363.983560241 21.435687485 4.280888792 0.023037947 0.005265784 0.019788586 0.999524855
74.852540000 364.478491035 21.466374561 4.294673553 0.023053220 0.003536702 0.022350091 0.999478121
74.955960000 364.982932622 21.482324931 4.278553577 0.019829610 0.001775233 0.026077289 0.999461660
75.059610000 365.450609091 21.526108357 4.262967056 0.020987154 0.001189487 0.032106457 0.999263379
75.163080000 365.978638734 21.553349189 4.339471618 0.020158338 0.001024705 0.039781866 0.999004502
75.266650000 366.424344385 21.617347511 4.338016408 0.020412003 0.000559732 0.049587484 0.998561024
75.370050000 366.830922710 21.683330948 4.303228618 0.020065616 0.000361633 0.060617056 0.997959324
75.473540000 367.240784244 21.814541120 4.267013475 0.018584241 0.000271571 0.073207514 0.997143526
75.577070000 367.674287680 21.885501281 4.291552753 0.018281651 0.001844984 0.088560232 0.995901332
75.680410000 368.079609938 21.984779840 4.309284253 0.018826578 0.002561002 0.105152015 0.994274638
75.783770000 368.483137308 22.115623323 4.345312969 0.019229698 0.002605409 0.125632707 0.991887017
75.887280000 368.904785218 22.218844791 4.332543645 0.017250067 0.002527480 0.146901707 0.988997440
75.990620000 369.335813040 22.445315568 4.330458990 0.016376989 0.002710884 0.169013133 0.985474001
76.094110000 369.722676223 22.622677307 4.331123304 0.015773225 0.003717138 0.192450334 0.981172899
76.197600000 370.008038169 22.767175449 4.343015420 0.015421671 0.005619421 0.216865658 0.976063461
76.300970000 370.402127383 23.040727606 4.369664689 0.014466038 0.006982695 0.241739119 0.970208315
76.404460000 370.739176102 23.251178751 4.336623380 0.011577512 0.007554154 0.267922676 0.963341235
76.507950000 371.051425280 23.492519615 4.274291852 0.009424614 0.007114363 0.294906111 0.955453268
76.611340000 371.409331306 23.810637289 4.279319833 0.006352580 0.008396297 0.322692309 0.946445361
76.714820000 371.724760499 24.142095207 4.267503073 0.007277449 0.010188081 0.350461298 0.936493524
76.818440000 371.963270541 24.439662142 4.275347262 0.010185067 0.011105101 0.379321921 0.925142055
76.921990000 372.327066653 24.817633109 4.280535874 0.011135078 0.013505627 0.407796083 0.912905232
77.025530000 372.602807403 25.222777111 4.254627998 0.011990033 0.014823647 0.437181499 0.899171194
77.129020000 372.891415697 25.708565347 4.254699635 0.014446366 0.015576118 0.466716465 0.884151813
77.232630000 373.101326715 26.076579923 4.267053689 0.017129347 0.015315412 0.495842651 0.868108339
77.336250000 373.238141897 26.487600837 4.306378430 0.018706068 0.013363638 0.525556490 0.850448042
77.439860000 373.439176147 26.964419833 4.317931201 0.018364451 0.011711278 0.554067532 0.832186736
77.543570000 373.585457729 27.445994087 4.271347372 0.020416176 0.009389157 0.582469698 0.812541737
77.647090000 373.695454783 27.913659392 4.280725300 0.024103908 0.010740548 0.610056512 0.791918364
77.750840000 373.802473160 28.488070705 4.319362023 0.024807282 0.011747135 0.635831162 0.771339962
77.854700000 373.868137475 29.071947886 4.363561721 0.020945413 0.011543343 0.659684862 0.751161716
77.958590000 373.862314741 29.592364378 4.340511087 0.015402515 0.008790937 0.679720157 0.733257110
78.062560000 373.841082253 30.208895887 4.368381621 0.010742516 0.005214676 0.697409586 0.716573287
78.166570000 373.800656113 30.752995913 4.369327362 0.007236271 0.003936718 0.710880848 0.703264216
78.270660000 373.715345807 31.364590355 4.338468783 0.004426699 0.004338063 0.721354583 0.692538195
78.374790000 373.670633321 31.981869375 4.349664563 0.002414242 0.005586705 0.729068706 0.684413459
78.479010000 373.608699951 32.598901297 4.413312184 0.000930225 0.005872035 0.734759560 0.678301587
78.583150000 373.562457957 33.200017500 4.398080628 0.000492329 0.003867743 0.737921404 0.674875395
78.687370000 373.471454236 33.792132531 4.402524515 0.002453258 -0.001301498 0.739626056 0.673012321
78.791490000 373.444913975 34.411831184 4.423286491 0.005082399 -0.006465365 0.740481671 0.672026237
78.895610000 373.403667634 35.078544006 4.409905197 0.007374426 -0.008146708 0.739987612 0.672530730
78.999750000 373.303544668 35.758181328 4.380974853 0.007427054 -0.006442474 0.739793368 0.672762295
79.103610000 373.228517348 36.451783165 4.404829566 0.007410294 -0.002845054 0.739358346 0.673265349
79.207550000 373.162084763 37.065266062 4.433099882 0.006910807 -0.001775771 0.739330772 0.673304609
79.311380000 373.067798698 37.816245856 4.431562591 0.004124231 -0.004474123 0.738597082 0.674119666
79.415180000 372.998126496 38.515503225 4.440002705 0.003209454 -0.005593001 0.738093948 0.674667134
79.518970000 372.950881606 39.246195458 4.452005530 0.002712287 -0.007875557 0.737321377 0.675490789
79.622670000 372.866557226 39.995764808 4.480069110 0.003891472 -0.007240061 0.735501439 0.677473299
79.726400000 372.799760912 40.749612122 4.478149736 0.002502936 -0.008327818 0.734463309 0.678592684
79.830150000 372.754397858 41.579834245 4.465733038 0.000281656 -0.009388155 0.733018481 0.680143875
79.933870000 372.707434291 42.402980674 4.464902212 -0.001748392 -0.009397856 0.731412855 0.681867918
80.037500000 372.650152782 43.133069305 4.506198287 -0.000736701 -0.006067835 0.729861250 0.683567988
80.141270000 372.540304053 43.896384324 4.550183850 -0.000021451 -0.006082231 0.728568053 0.684946420
80.244850000 372.468419925 44.754594144 4.561437193 0.001006039 -0.006131690 0.727757648 0.685806238
80.348500000 372.406040592 45.638089942 4.585207723 0.001973245 -0.005252969 0.726440598 0.687206352
80.452210000 372.365416610 46.528188202 4.547329418 0.001443399 -0.003262965 0.725204701 0.688524082
80.555830000 372.358367899 47.379703240 4.547907921 -0.001822212 -0.002654647 0.724426249 0.689344792
80.659450000 372.353127271 48.297008874 4.536314336 -0.004307813 -0.002401240 0.723364565 0.690448683
80.763190000 372.316975547 49.217233240 4.530009943 -0.005795812 -0.002237210 0.722489965 0.691353494
80.866800000 372.255893069 50.183444057 4.561372102 -0.004544884 -0.001576258 0.721714330 0.692174317
80.970420000 372.181077015 51.064219627 4.585757989 -0.004947121 -0.003143776 0.721372167 0.692522807
81.074090000 372.088057325 51.987951988 4.601870100 -0.003224223 -0.003947740 0.721199376 0.692708799
81.177670000 372.075872202 52.939839160 4.564070924 -0.003184630 -0.004751784 0.720874398 0.693042121
81.281390000 372.086850487 53.837573275 4.578524994 -0.002304934 -0.003355372 0.720531210 0.693410560
81.385030000 372.018226526 54.752117893 4.653005643 -0.001937340 -0.002397842 0.720889638 0.693043020
81.488620000 371.939253274 55.596079377 4.688239623 -0.002232171 -0.002313680 0.721363963 0.692548697
81.592230000 371.921548792 56.508467802 4.692401817 -0.004135505 -0.004305137 0.722118649 0.691743464
81.695850000 371.922741874 57.441912446 4.698246135 -0.004488780 -0.004035359 0.721986514 0.691880799
81.799470000 371.845105831 58.407132778 4.701686633 -0.004961528 -0.003182657 0.722584642 0.691257324
81.903080000 371.830094488 59.289424440 4.733828893 -0.004968803 -0.003268662 0.722791794 0.691040266
82.006700000 371.753780748 60.171796538 4.723269770 -0.002422593 -0.002090336 0.723887646 0.689910456
82.110320000 371.645822676 60.981389030 4.765295719 -0.004217394 -0.005201182 0.724475293 0.689268244
82.214070000 371.603951508 61.856969468 4.742148335 -0.003635686 -0.003843011 0.725613426 0.688082240
82.317670000 371.562455291 62.789741108 4.762995291 -0.005982531 -0.005172710 0.726355111 0.687274113
82.421410000 371.447336880 63.819233141 4.735555720 -0.005826567 -0.002547156 0.728067867 0.685475561
82.525020000 371.407497028 64.727003434 4.755841541 -0.009110143 -0.003665603 0.729160866 0.684271876
82.628780000 371.335737951 65.621029832 4.753689655 -0.008597000 -0.004044099 0.730091674 0.683283166
82.732380000 371.331486803 66.508160672 4.742132863 -0.007482036 -0.004954047 0.731069611 0.682243871
82.836140000 371.245409645 67.315905071 4.763590770 -0.004934202 -0.004871823 0.732399455 0.680839891
82.939730000 371.162790370 68.211404461 4.824987686 -0.004734273 -0.005688459 0.732650286 0.680565049
83.043500000 371.052355329 69.052973415 4.781069379 -0.009657300 -0.010459429 0.732434448 0.680688707
83.147220000 371.024393092 69.966802762 4.782726092 -0.008929229 -0.008236228 0.732740308 0.680399937
83.250970000 370.999752320 70.948333539 4.784909979 -0.007548349 -0.004732482 0.731949123 0.681301040
83.354570000 370.904889369 71.853879644 4.846157085 -0.003777264 -0.003427603 0.731721422 0.681584730
83.458190000 370.821925614 72.663581020 4.904358620 -0.000217827 0.000126723 0.731014460 0.682361925
83.561980000 370.779941283 73.585421405 4.865857113 -0.000222431 -0.000499311 0.729505410 0.683974822
83.665550000 370.747595235 74.549316464 4.865812674 0.000531647 0.001871365 0.728131292 0.685434925
83.769380000 370.683946720 75.503523923 4.914849589 0.002650617 0.004892546 0.726177859 0.687484367
83.872920000 370.581342546 76.410089436 4.953993745 0.004049693 0.007207008 0.724155326 0.689587357
83.976710000 370.518139520 77.256335811 4.952221201 0.004708908 0.007665212 0.722993319 0.690796447
84.080130000 370.446155696 78.009206492 4.960072320 0.003408869 0.007655215 0.721086316 0.692794560
84.183750000 370.359591802 78.903242765 4.927415394 0.003712722 0.006799246 0.719586884 0.694359202
84.287600000 370.385748722 79.793404806 4.950151233 0.004347885 0.006334299 0.717486931 0.696529594
84.391160000 370.330672021 80.693853373 4.902230770 0.004879033 0.005981797 0.715575452 0.698492796
84.494760000 370.341011677 81.611379033 4.968260926 0.004612067 0.005647016 0.714375228 0.699724856
84.598480000 370.347010413 82.462211775 4.968807831 0.004967434 0.005656149 0.712695390 0.701433257
84.702120000 370.322046410 83.317381483 4.990020849 0.004258785 0.007125470 0.710543077 0.703604738
84.805710000 370.344414024 84.175523689 5.010534186 0.003070131 0.006751584 0.708530370 0.705641343
84.909310000 370.311706333 85.034744035 4.964486913 0.002068868 0.008043930 0.706942340 0.707222414
85.012960000 370.331228473 85.911783511 5.005267646 0.001875397 0.009146108 0.705556606 0.708592060
85.116700000 370.275247967 86.845833409 4.973526948 0.002711575 0.009805537 0.704660087 0.709472100
85.220270000 370.282285184 87.699483686 4.992532643 0.003423613 0.009574933 0.703653186 0.710470825
85.324080000 370.373424471 88.508522989 5.025535468 0.003847785 0.009922807 0.703548407 0.710567640
85.427750000 370.330692324 89.316161424 5.064926320 0.005289106 0.009853948 0.703133540 0.710969866
85.531340000 370.315979621 90.082408405 5.054799189 0.004854878 0.009391836 0.703053539 0.711058328
85.635010000 370.347351564 90.847233630 5.045527409 0.006265792 0.009222761 0.703269672 0.710835740
85.738670000 370.403793361 91.595707960 5.014093544 0.007468118 0.009184272 0.703869965 0.710230209
85.842510000 370.349787613 92.328818493 5.024245392 0.008622129 0.010215582 0.704170873 0.709904699
85.946050000 370.371790718 92.962566253 5.045869877 0.007362184 0.010979219 0.705263245 0.708822270
86.049580000 370.424879420 93.603779267 5.046108639 0.006597951 0.011566221 0.706819203 0.707268905
86.153190000 370.401626161 94.237924637 5.048127660 0.006917848 0.012779795 0.708973514 0.705085369
86.257680000 370.402884071 94.852207528 5.023207172 0.006319089 0.012378547 0.710935726 0.703119645
86.360510000 370.387971996 95.410321997 5.033976490 0.007925935 0.011284114 0.713182544 0.700842713
86.464180000 370.360013493 96.011449853 5.048947599 0.008439164 0.010029394 0.715540832 0.698447929
86.567780000 370.346366922 96.585962788 5.070213721 0.008063357 0.010315407 0.718352888 0.695555679
86.671550000 370.304898232 97.183210223 5.074290263 0.006031595 0.009673684 0.720694767 0.693158779
86.775140000 370.256253785 97.787734394 5.026804104 0.006593957 0.009402392 0.724139153 0.689558265
86.878890000 370.181791362 98.400639633 5.002501348 0.008437289 0.008924213 0.726495940 0.687061001
86.982510000 370.164750224 99.018602050 5.018226116 0.008740231 0.006647352 0.728849975 0.684585375
87.086250000 370.118871483 99.587347454 5.068560603 0.010179765 0.005593293 0.730529874 0.682781950
87.190180000 370.039841749 100.192585324 5.087387233 0.010196076 0.003451288 0.732630253 0.680541726
87.293640000 370.008661437 100.761281643 5.132070441 0.009134468 0.002187477 0.734895596 0.678115211
87.397220000 369.987523755 101.298611373 5.136174169 0.008730050 0.000853330 0.736505855 0.676374293
87.501040000 369.944777880 101.919549716 5.120634378 0.008350677 -0.000416707 0.737679300 0.675099506
87.604560000 369.865164918 102.578509473 5.174788862 0.009225664 -0.000178071 0.738873221 0.673781284
87.708320000 369.809486210 103.159479632 5.229603451 0.009668126 0.000438032 0.740677086 0.671791478
87.811980000 369.695156991 103.823295732 5.167541256 0.009550498 -0.000610580 0.741865694 0.670480207
87.915650000 369.601567871 104.412088124 5.174768429 0.010282842 -0.001448120 0.743138851 0.669056660
88.019280000 369.524126406 105.067170720 5.162791913 0.009202390 -0.003876645 0.744075552 0.668020853
88.123030000 369.436771255 105.684895098 5.149390555 0.008952723 -0.005062250 0.744199852 0.667877835
88.226620000 369.400717769 106.315953158 5.188662306 0.009585839 -0.004268930 0.744538297 0.667497275
88.330460000 369.368603096 106.972360674 5.215600559 0.009099985 -0.003962145 0.744925781 0.667073513
88.434330000 369.266600796 107.604813322 5.238338651 0.007545070 -0.002619711 0.744696639 0.667355322
88.537780000 369.246408495 108.278916739 5.264971310 0.004189902 -0.001422119 0.744463820 0.667648143
88.641400000 369.109175996 108.961408986 5.243587839 0.000188055 0.000879945 0.744131367 0.668032708
88.745080000 369.020494590 109.658894896 5.186274156 -0.003843817 0.003575898 0.743819451 0.668359980
88.848890000 368.886152288 110.391067185 5.210574344 -0.005995802 0.003762441 0.743080841 0.669164224
88.952550000 368.827805282 111.080060894 5.216968416 -0.005140238 0.000824231 0.741784912 0.670617657
89.056170000 368.788943243 111.790243283 5.274433099 -0.001384902 -0.005569224 0.740602540 0.671918852
89.159790000 368.722586033 112.529842735 5.274292938 0.000313696 -0.008169314 0.739161977 0.673478088
89.263540000 368.621315061 113.318036517 5.233339875 -0.001939786 -0.005186015 0.738070746 0.674700613
89.367140000 368.533439803 114.163381692 5.160122520 -0.007068640 0.000981014 0.736290973 0.676627427
89.470880000 368.471664252 114.956361935 5.205477562 -0.009396918 0.005509882 0.735040166 0.677936054
89.574490000 368.399662435 115.759176314 5.297965046 -0.007048610 0.004324765 0.733964806 0.679137156
89.678230000 368.336241419 116.589640260 5.325301913 -0.001355494 -0.001440808 0.732873210 0.680362362
89.781980000 368.250740675 117.429858615 5.291071098 0.001578021 -0.007406294 0.731750856 0.681530147
89.885590000 368.189162230 118.315083249 5.270258188 0.000423610 -0.008384497 0.730238739 0.683140472
89.989350000 368.101327591 119.214261841 5.208893921 -0.003363206 -0.005124434 0.728425958 0.685097112
90.092950000 368.044241583 120.120558365 5.210743515 -0.006504708 -0.004144663 0.726068427 0.687579195
90.196710000 367.994486962 120.974007476 5.246688063 -0.006007142 -0.008538185 0.723540744 0.690202727
90.300450000 367.946130972 121.862319620 5.299915380 -0.002037454 -0.013110822 0.721548876 0.692236358
90.404050000 367.892270559 122.824700752 5.322081499 0.003308754 -0.015119892 0.718398788 0.695459289
90.507790000 367.852183230 123.733132048 5.321913231 0.001700539 -0.015854672 0.715982125 0.697936483
90.611400000 367.918800895 124.711729909 5.352175703 0.000718136 -0.008701350 0.713571917 0.700527580
90.715140000 367.941901794 125.713447893 5.259089860 -0.001559985 -0.003480722 0.710800633 0.703383190
90.818760000 367.865801665 126.748361021 5.320058655 -0.002584558 -0.001861679 0.708744236 0.705458335
90.922380000 367.908405800 127.811181969 5.365078292 -0.000584151 -0.002785162 0.706549003 0.707658398
91.025980000 367.930631559 128.846580473 5.413900589 0.001948180 -0.003021038 0.705661403 0.708540092
91.129600000 367.926224018 129.906445036 5.384145863 0.001530461 -0.003820211 0.705615876 0.708582599
91.233220000 367.860089968 130.866702487 5.386480161 0.002221914 -0.002433523 0.706757210 0.707448505
91.336840000 367.834280793 131.787781619 5.415340668 0.001779077 -0.002100167 0.707029393 0.707178804
91.440450000 367.915160711 132.728256414 5.483604188 0.002354417 0.000973781 0.707746584 0.706461804
91.544070000 367.870036365 133.702926125 5.483955112 0.001276979 0.003296178 0.708843619 0.705356809
91.647680000 367.771493445 134.761235017 5.449529899 0.000921879 0.003075011 0.711064724 0.703119231
91.751300000 367.870130408 135.779905738 5.473504788 0.002934076 -0.000012828 0.711682162 0.702495475
91.855040000 367.836257767 136.735039794 5.495674712 0.005006128 -0.002260776 0.712418821 0.701733034
91.958670000 367.797698042 137.665954805 5.498215853 0.007412501 -0.002174646 0.713360246 0.700754939
92.062270000 367.825616227 138.621608496 5.570288867 0.007818840 0.001872125 0.714756559 0.699327121
92.165880000 367.815130161 139.646894873 5.575305804 0.003158142 0.000239906 0.715612585 0.698490226
92.269500000 367.779169726 140.645495123 5.622865470 0.007278105 0.006492110 0.716797651 0.697213030
92.373110000 367.732247594 141.696664659 5.613503407 0.007613453 0.005761350 0.716984463 0.697023760
92.476860000 367.699387690 142.656175299 5.664657315 0.006284833 0.001778637 0.717640219 0.696383410
92.580470000 367.649424532 143.610431127 5.704385322 0.006542127 0.000086647 0.718170634 0.695836284
92.684080000 367.584815877 144.636288022 5.700634739 0.005645428 -0.000841836 0.718831261 0.695161161
92.787830000 367.523804345 145.580180856 5.711218327 0.005472218 -0.000683534 0.720225240 0.693718381
92.891470000 367.517106747 146.530683130 5.745634149 0.006725534 0.003679498 0.720727871 0.693175710
92.994930000 367.538237068 147.548273392 5.665732280 0.003158551 0.003969798 0.721157799 0.692752259
93.098570000 367.503893954 148.564745985 5.661566268 0.002712370 0.006730634 0.722125860 0.691723633
93.202160000 367.429909297 149.557268704 5.709921935 0.002514894 0.005569061 0.723929507 0.689846889
93.305780000 367.368454803 150.402882760 5.753745134 0.005524712 0.004485760 0.725789261 0.687880297
93.409390000 367.281562136 151.350679889 5.803544060 0.007311611 0.002497031 0.726607468 0.687009383
93.513130000 367.219707328 152.181856278 5.814041130 0.004620788 0.000205327 0.726960019 0.686664209
93.616750000 367.181184675 153.153897823 5.795594068 0.005319289 0.003120021 0.727565094 0.686010936
93.720480000 367.092221800 154.169927577 5.755153650 0.003488199 0.004218702 0.727854795 0.685709438
93.824120000 367.028125672 155.185007798 5.757642878 0.002451816 0.004047102 0.727553939 0.686034165
93.927850000 366.978162046 156.139810620 5.777983874 0.003475419 0.005934944 0.728534055 0.684975057
94.031550000 366.942763766 157.036685261 5.824587849 0.001280262 0.004834214 0.728271206 0.685270780
94.135100000 366.922140913 157.942078672 5.814442528 0.001653245 0.005391724 0.727977404 0.685577928
94.238820000 366.809270118 158.896971301 5.793636202 -0.001295636 0.002598683 0.727885566 0.685692475
94.342550000 366.730896156 159.755059113 5.867916911 0.000477507 0.002357003 0.727688132 0.685903929
94.446200000 366.624919389 160.733915887 5.875203454 0.001416867 0.001179031 0.727139270 0.686487498
94.549940000 366.568524847 161.627074196 5.911991360 0.003706276 0.001166719 0.726353194 0.687310657
94.653650000 366.523175304 162.498175710 5.903052396 0.005168685 0.003029723 0.725808888 0.687870310
94.757290000 366.509092647 163.392009739 5.898335215 0.005312265 0.004385536 0.725385898 0.688307959
94.861030000 366.441723751 164.269066879 5.895973923 -0.001559537 0.001013946 0.725425240 0.688298454
94.964650000 366.317088019 165.323455928 5.918288000 -0.000451222 0.006042790 0.726245770 0.687408440
95.068250000 366.212394862 166.203270542 5.927700435 0.001801090 0.008464991 0.725805373 0.687845666
95.171850000 366.192956521 167.090168903 5.941163030 0.002150528 0.006561364 0.724486500 0.689254405
95.275590000 366.183102668 167.897611664 5.881975315 0.002815241 0.005764065 0.724083603 0.689682381
95.379210000 366.072765092 168.744999850 5.859548712 0.000298196 0.002125021 0.724460914 0.689312541
95.482850000 366.099652916 169.670674010 5.829107873 -0.001928793 0.003341264 0.723921641 0.689871418
95.586590000 366.064533379 170.526424512 5.859235526 -0.003105539 0.003696128 0.723566878 0.690237399
95.690200000 366.017878930 171.324127186 5.871266100 -0.001384684 0.004241759 0.723722559 0.690076625
95.793800000 365.982641428 172.021363854 5.891212707 -0.000434175 0.000408390 0.723582877 0.690237253
95.897420000 365.919775979 172.745520041 5.905877531 0.002101174 0.000488041 0.723281536 0.690549902
96.001040000 365.938385976 173.501672932 5.891721498 0.003741782 0.003843588 0.723743323 0.690048425
96.104780000 365.959136625 174.197415714 5.885216752 0.003730732 0.008041918 0.724255631 0.689474575
96.208400000 365.845216315 174.912135530 5.868064005 0.000717444 0.008510426 0.724504087 0.689217590
96.312000000 365.816176297 175.673722913 5.890158969 0.001269174 0.008149936 0.725441976 0.688233905
96.415650000 365.801970240 176.353784294 5.933228798 0.002475693 0.002420354 0.725884190 0.687808225
96.519440000 365.750132480 176.952711658 5.965550972 0.005043425 0.000190356 0.726424058 0.687228212
96.622990000 365.709933224 177.578294962 5.939739728 0.005972645 0.000442323 0.727360333 0.686229610
96.726610000 365.632407164 178.210587185 5.992749294 0.006130377 0.001873820 0.728239690 0.685292537
96.830260000 365.576443422 178.851092019 5.985939592 0.003067299 0.002315980 0.730073896 0.683357399
96.933830000 365.554138885 179.388546860 6.022909473 0.003775506 0.004412604 0.731884374 0.681404093
97.037530000 365.583539518 179.859695437 6.002295586 0.004091422 0.005489665 0.735305758 0.677700941
97.141140000 365.559914846 180.408093110 6.057854476 0.003382219 0.005053598 0.739579976 0.673041218
97.244690000 365.460592713 180.954574877 6.092102880 0.002068360 0.002886313 0.744495148 0.667618429
97.348160000 365.353169937 181.535449736 6.024105241 0.001307137 0.000642451 0.751510448 0.659719580
97.451710000 365.162643902 182.062626456 6.031112397 0.003045666 0.000573787 0.759283865 0.650752186
97.555020000 365.077524157 182.638032699 6.070470425 0.002200359 -0.000798887 0.768754092 0.639540199
97.658520000 364.958245180 183.163915767 6.083926322 0.003487638 0.000721947 0.780486239 0.625162815
97.761870000 364.801815341 183.718524380 6.070783556 0.004905938 0.001846082 0.793336570 0.608760717
97.865260000 364.718984793 184.179433685 6.074107317 0.003904446 0.001131439 0.806918484 0.590648826
97.968620000 364.479093684 184.692469968 6.093410334 0.006470843 0.001770936 0.820958086 0.570949047
98.072060000 364.255794467 185.150916798 6.123773165 0.005871018 0.002014731 0.835898582 0.548848825
98.175320000 364.043224950 185.592088669 6.137783093 0.004458078 0.002174578 0.851016275 0.525115888
98.278710000 363.739154368 185.992039800 6.134348935 0.003315203 0.002190327 0.866134898 0.499794507
98.382200000 363.375971943 186.422020777 6.148780267 0.003684069 0.001775480 0.880574091 0.473890859
98.485690000 363.021321572 186.757648230 6.145067596 0.002206829 0.000979436 0.895116068 0.445826643
98.589190000 362.658124187 187.089205343 6.141164118 0.000888062 -0.000042227 0.909229103 0.416295144
98.692720000 362.372997942 187.420703277 6.156059150 -0.000172225 -0.001312354 0.922708745 0.385495552
98.796150000 362.033132346 187.737017907 6.159298610 -0.000504041 -0.001218462 0.935544597 0.353206128
98.899760000 361.553211217 188.036834018 6.124040893 -0.001292769 -0.001116996 0.947031857 0.321135085
99.003280000 361.004367089 188.304625049 6.073380933 -0.002270077 -0.003633610 0.957524250 0.288320922
99.107000000 360.522691161 188.571885379 6.059389686 -0.003247993 -0.004952327 0.966948128 0.254904379
99.210630000 360.041913462 188.771090206 6.081536019 -0.004395834 -0.005232819 0.975251338 0.220993488
99.314240000 359.543131410 188.932982846 6.084064480 -0.004995659 -0.003310584 0.982090192 0.188316061
99.418370000 358.987162994 189.048308041 6.036961432 -0.005738842 -0.002531240 0.987770708 0.155787315
99.521710000 358.440385577 189.220290733 6.031821828 -0.005889882 -0.001733913 0.991999280 0.126094140
99.625590000 357.894990781 189.346581730 6.022683150 -0.005455503 -0.002456038 0.995012137 0.099574354
99.729530000 357.239807347 189.438310524 6.050160664 -0.006079592 -0.005976298 0.997117326 0.075394702
99.833450000 356.694883682 189.461292379 6.048400580 -0.006109621 -0.007548893 0.998308576 0.057320799
99.937560000 356.054719209 189.456986309 6.008968076 -0.007458194 -0.008268242 0.999018918 0.042862719
100.042000000 355.427851646 189.525212866 5.941859953 -0.007355288 -0.009619766 0.999413431 0.032033622
100.145800000 354.758334722 189.554317388 5.954131258 -0.007602816 -0.009176093 0.999651720 0.023546452
100.249900000 354.108656181 189.583286442 6.010163642 -0.005512083 -0.008307850 0.999825468 0.015799713
100.353900000 353.502881403 189.621549010 6.028873890 -0.001436080 -0.008087703 0.999926746 0.008889889
100.458000000 352.793910272 189.619628060 6.078767436 0.001283967 -0.006649266 0.999976660 0.000904602
100.561800000 352.099887600 189.573976024 6.072180198 0.002660367 -0.006942752 0.999953543 -0.006134495
100.665600000 351.388104870 189.508822029 6.075317493 0.002568360 -0.005087770 0.999896764 -0.013190152
100.769500000 350.664013450 189.532220748 6.047139357 0.001724841 -0.003969369 0.999814086 -0.018789947
100.873400000 349.936567560 189.475360883 6.126100910 0.001114394 -0.005198982 0.999712911 -0.023362891
100.977200000 349.164273692 189.397656736 6.097737464 0.002303465 -0.003719582 0.999642628 -0.026371851
101.081000000 348.504508904 189.345341831 6.113439550 0.001955711 -0.004056264 0.999572186 -0.028899246
101.184700000 347.769132290 189.312728945 6.164143839 0.002382743 -0.004858366 0.999524921 -0.030342238
101.288400000 346.965825171 189.266643461 6.168002405 0.002613677 -0.006801138 0.999417017 -0.033354751
101.392200000 346.112349832 189.163049840 6.140900085 0.002165647 -0.006820317 0.999336009 -0.035725832
101.495800000 345.292243589 189.162054371 6.105792115 0.000320536 -0.007508660 0.999249071 -0.038010684
101.599500000 344.566951156 189.101729157 6.090405909 -0.000994896 -0.008992763 0.999117908 -0.041006661
101.703300000 343.741039628 189.002918832 6.112195248 -0.000619127 -0.010133208 0.998958648 -0.044480938
101.806900000 342.872853304 188.883023144 6.086220573 -0.000542106 -0.009626212 0.998886143 -0.046189992
101.910600000 341.976116206 188.806212052 6.102226849 0.001148683 -0.013226888 0.998774612 -0.047676031
102.014400000 341.098351017 188.691640959 6.167130826 0.002040326 -0.010620029 0.998789302 -0.047989401
102.118100000 340.231487038 188.580113490 6.168539243 0.002832595 -0.010186766 0.998786033 -0.048110974
102.221800000 339.309537569 188.535156853 6.179332459 0.002935200 -0.010821835 0.998802887 -0.047613702
102.325600000 338.362287117 188.399665767 6.230902600 0.002231998 -0.010596992 0.998832923 -0.047069248
102.429300000 337.458039764 188.293116982 6.209450373 0.001155114 -0.011339734 0.998889113 -0.045723246
102.532900000 336.538720216 188.260200775 6.198437416 0.000964328 -0.011773966 0.998958195 -0.044079105
102.636700000 335.633971053 188.140184153 6.200961273 0.001127349 -0.012488967 0.999009452 -0.042695072
102.740300000 334.693590838 187.990050936 6.148943038 0.000858171 -0.015703736 0.999050018 -0.040641321
102.844100000 333.759086550 187.935705730 6.163866279 -0.000451076 -0.014786473 0.999119569 -0.039258670
102.947600000 332.780352659 187.926323666 6.158510134 -0.001965849 -0.015113375 0.999168385 -0.037818773
103.051300000 331.804363264 187.800747502 6.069987323 -0.004206379 -0.017221789 0.999154666 -0.037090009
103.155000000 330.838253448 187.728204183 6.092029246 -0.006550411 -0.015482147 0.999221739 -0.035683505
103.258700000 329.948332751 187.629062573 6.135963561 -0.006733521 -0.015965274 0.999270663 -0.034028097
103.362200000 329.021382675 187.531612051 6.185578850 -0.005306199 -0.020315668 0.999218271 -0.033495756
103.466500000 328.166504387 187.473401742 6.203782370 -0.005021462 -0.018972284 0.999278356 -0.032520838
103.569600000 327.258849071 187.424056745 6.203020611 -0.005839919 -0.020978228 0.999278803 -0.031107602
103.673300000 326.298076442 187.409862102 6.238204080 -0.006372814 -0.020821709 0.999293865 -0.030620504
103.776800000 325.433217680 187.356957149 6.207952764 -0.005955875 -0.018148343 0.999390429 -0.029222177
103.880500000 324.520417088 187.298582606 6.211956920 -0.005784390 -0.019280621 0.999379522 -0.028902769
103.984100000 323.526573763 187.228890967 6.197065514 -0.005262946 -0.017856310 0.999436882 -0.027917258
104.087700000 322.573545537 187.118496895 6.225081679 -0.005215067 -0.018210802 0.999464066 -0.026697386
104.191300000 321.684366851 187.068914011 6.194723969 -0.004560019 -0.020379934 0.999461641 -0.025304012
104.295000000 320.764114709 187.079809050 6.200354672 -0.004917979 -0.018412713 0.999529660 -0.024025909
104.398600000 319.782174538 187.006010095 6.206299723 -0.004326725 -0.019613962 0.999528440 -0.023226465
104.502300000 318.773983363 186.905045194 6.198736183 -0.005600309 -0.017657168 0.999581678 -0.022211045
104.606000000 317.903267760 186.855616758 6.127159144 -0.006879133 -0.018962941 0.999593135 -0.020165546
104.709600000 316.982919412 186.824134181 6.149620020 -0.005493978 -0.018409325 0.999637619 -0.018855866
104.813200000 316.036873208 186.746626273 6.195088520 -0.003302520 -0.017639611 0.999682804 -0.017669997
104.916800000 315.013802460 186.679300403 6.189353760 -0.004620093 -0.014720157 0.999724658 -0.017679906
105.020600000 314.005938243 186.705295781 6.101877056 -0.007767172 -0.016321704 0.999655931 -0.019007717
105.124200000 313.035009893 186.716874933 6.051519799 -0.009551290 -0.017242139 0.999642174 -0.018083316
105.227800000 312.131727868 186.598460896 6.111982761 -0.008250247 -0.019045859 0.999608890 -0.018741813
105.331400000 311.133908277 186.564082410 6.172618127 -0.005514717 -0.020970639 0.999569741 -0.019752299
105.435200000 310.173718539 186.560344116 6.169874837 -0.002611543 -0.019308717 0.999597785 -0.020606323
105.538900000 309.263848954 186.514612955 6.175490269 -0.001881594 -0.017185126 0.999634433 -0.020787765
105.642600000 308.332850846 186.471667534 6.121065009 -0.002746308 -0.017242459 0.999616439 -0.021497197
105.746100000 307.385360284 186.384331286 6.164872757 -0.003026650 -0.016910225 0.999611807 -0.021934427
105.849900000 306.382818245 186.392808567 6.171812640 -0.003208886 -0.016953523 0.999644303 -0.020335900
105.953500000 305.445194710 186.300658207 6.141773386 -0.002744030 -0.018008642 0.999650413 -0.019162741
106.057600000 304.549754200 186.244291342 6.158690951 -0.002540538 -0.016832422 0.999697351 -0.017760103
106.160900000 303.611587129 186.184481407 6.109726179 -0.003379402 -0.015208413 0.999741504 -0.016559258
106.264500000 302.737535874 186.205401772 6.113980323 -0.002756430 -0.016656247 0.999744762 -0.015012735
106.368200000 301.741871583 186.122506290 6.155266644 -0.001174862 -0.016382632 0.999758225 -0.014619211
106.472000000 300.857080953 186.094540590 6.198249751 -0.000616692 -0.016378010 0.999780198 -0.013074247
106.575600000 299.968945853 186.092339246 6.140089460 -0.001143317 -0.017336697 0.999766781 -0.012826378
106.679300000 299.060726259 186.074343863 6.101194961 -0.003613777 -0.018359555 0.999738434 -0.013150341
106.782900000 298.115156003 186.084090425 6.084883328 -0.003915207 -0.019191612 0.999733270 -0.012236922
106.886500000 297.148506021 186.011847547 6.146643816 -0.002135019 -0.019452583 0.999725589 -0.012875754
106.990300000 296.213806175 185.983384107 6.089667465 -0.000811956 -0.018560308 0.999729012 -0.014027052
107.093900000 295.290316846 185.965889841 6.143569532 -0.000561252 -0.015445123 0.999765782 -0.015149741
107.197500000 294.354520098 185.969757441 6.163370452 -0.001128062 -0.013521752 0.999755944 -0.017433927
107.301100000 293.471731891 185.916890647 6.159961617 -0.000648445 -0.014296474 0.999705317 -0.019607911
107.404900000 292.440997874 185.889558150 6.207604616 -0.000462129 -0.012709761 0.999698702 -0.020994149
107.508500000 291.458994217 185.746871249 6.241952714 0.000762016 -0.012329819 0.999659029 -0.023004817
107.612200000 290.523098051 185.703089081 6.223839349 -0.000221013 -0.013902026 0.999594566 -0.024847317
107.716000000 289.590727883 185.693288532 6.161198455 -0.002901496 -0.015733762 0.999552702 -0.025267087
107.819600000 288.678638171 185.675939643 6.173073647 -0.004675711 -0.015306834 0.999551186 -0.025323210
107.923300000 287.770761076 185.574179191 6.204726905 -0.002948913 -0.015470857 0.999566485 -0.024875664
108.027100000 286.889969258 185.507798921 6.227599139 0.000189636 -0.014012103 0.999601291 -0.024512928
108.130800000 285.897680267 185.446198096 6.226188630 0.002503763 -0.013310829 0.999594718 -0.025039018
108.234600000 284.959571799 185.421869776 6.175995375 0.000173686 -0.013575482 0.999578524 -0.025660285
108.338200000 284.034303556 185.333633620 6.137133043 -0.003456051 -0.014088817 0.999572191 -0.025396771
108.441900000 283.095324226 185.291462647 6.174176056 -0.005397039 -0.013098002 0.999583718 -0.025133756
108.545800000 282.099222527 185.339874299 6.166537064 -0.005094388 -0.014247299 0.999601320 -0.023838247
108.649300000 281.072087944 185.216060717 6.194771014 -0.003831832 -0.013366737 0.999636626 -0.023092488
108.753000000 280.030862447 185.133815035 6.202573863 -0.003030966 -0.009357694 0.999754607 -0.019848723
108.857100000 279.069536401 185.051866627 6.223052010 -0.003539575 -0.012241722 0.999742087 -0.018798165
108.960400000 278.109329132 185.045036757 6.215737559 -0.004450262 -0.014189435 0.999726470 -0.018051032
109.064600000 277.145558031 185.070333449 6.186291513 -0.006359219 -0.014342596 0.999739398 -0.016582707
109.167800000 276.198675464 185.061120023 6.198304606 -0.006830153 -0.011308607 0.999798061 -0.015142689
109.271400000 275.200274506 185.049277099 6.212581078 -0.005949775 -0.012675393 0.999800131 -0.014269982
109.375000000 274.211201948 184.934290446 6.216866664 -0.005413663 -0.013334609 0.999783257 -0.015043935
109.478900000 273.219261140 184.916817484 6.211661794 -0.005120268 -0.012880913 0.999760062 -0.016961213
109.582100000 272.250214109 184.878726337 6.208488373 -0.006113931 -0.012643983 0.999737811 -0.018084743
109.685700000 271.266353559 184.839725011 6.175772843 -0.007817217 -0.012106200 0.999705058 -0.019548096
109.789400000 270.269056540 184.791082369 6.174170463 -0.009666472 -0.012334570 0.999652235 -0.021209097
109.893000000 269.293166678 184.721356148 6.186349137 -0.008311514 -0.013525873 0.999638332 -0.021706572
109.996800000 268.258484852 184.692385963 6.183430337 -0.005519316 -0.013604625 0.999652504 -0.021893438
110.100400000 267.331174102 184.676242629 6.155903672 -0.002344669 -0.013191633 0.999648480 -0.022877938
110.204300000 266.356317879 184.617739823 6.124148741 -0.002304590 -0.013753363 0.999620778 -0.023745195
110.307900000 265.263567453 184.591961209 6.141065147 -0.003523313 -0.015333497 0.999584010 -0.024171828
110.411800000 264.266679706 184.504259162 6.100737497 -0.006761914 -0.015391898 0.999553544 -0.024699770
110.515400000 263.259270013 184.418048067 6.113376815 -0.006835537 -0.017450211 0.999510666 -0.025043848
110.619600000 262.270518513 184.365833029 6.115689523 -0.004333497 -0.017246672 0.999510393 -0.025743899
110.723200000 261.272013415 184.301648180 6.167498098 0.001238919 -0.015699531 0.999522212 -0.026595836
110.827000000 260.267308690 184.223983516 6.155589752 0.006396963 -0.014345067 0.999508920 -0.027114876
110.930400000 259.239828757 184.136078279 6.215719257 0.006921028 -0.013855495 0.999471985 -0.028563555
111.034300000 258.270146595 184.083742021 6.265615382 0.002313242 -0.013648139 0.999472412 -0.029381527
111.138000000 257.254443105 184.059866015 6.236624527 -0.003831973 -0.013807778 0.999440536 -0.030220445
111.241600000 256.267251691 183.926357612 6.230303000 -0.007965848 -0.014213426 0.999402086 -0.030495804
111.345300000 255.231138490 183.840129183 6.237370226 -0.008019915 -0.014743387 0.999377440 -0.031032971
111.449000000 254.246935508 183.768166867 6.236414127 -0.006018508 -0.014309469 0.999422107 -0.030240194
111.552700000 253.289123502 183.761961425 6.246979805 -0.003216258 -0.012038864 0.999500309 -0.029049157
111.656300000 252.329617368 183.679875699 6.188650344 -0.001521705 -0.011000391 0.999572157 -0.027058815
111.760100000 251.291798278 183.575555243 6.209124872 -0.000657766 -0.009980078 0.999589626 -0.026842970
111.863700000 250.323030987 183.576965315 6.200961673 -0.000649948 -0.008447042 0.999629184 -0.025878951
111.967300000 249.328709016 183.546690968 6.232026510 -0.001307144 -0.008413022 0.999660611 -0.024620641
112.070900000 248.363714605 183.513164126 6.265026054 -0.003170160 -0.008745522 0.999678451 -0.023589426
112.174700000 247.390235784 183.420785216 6.236302938 -0.003814575 -0.008228459 0.999701226 -0.022698023
112.278300000 246.472458194 183.361796054 6.277540277 -0.003267726 -0.009974395 0.999698542 -0.022195899
112.382000000 245.486154101 183.340539618 6.254294094 -0.002557298 -0.010050656 0.999718521 -0.021338317
112.485500000 244.522166275 183.298284153 6.274417412 -0.003211082 -0.009422417 0.999740172 -0.020505995
112.589100000 243.557937394 183.270358244 6.277018991 -0.003799618 -0.009267679 0.999747168 -0.020131389
112.692800000 242.624740298 183.210813479 6.294066731 -0.005223989 -0.009316789 0.999760169 -0.019118376
112.796500000 241.689714709 183.147007356 6.302075271 -0.006622715 -0.006576457 0.999778971 -0.018838741
112.900000000 240.735881761 183.162232046 6.299533874 -0.007071051 -0.003965327 0.999772455 -0.019731080
113.003600000 239.690270435 183.085261609 6.258980732 -0.006497270 -0.004863006 0.999740042 -0.021306921
113.107300000 238.872155160 183.027503213 6.281028835 -0.005336292 -0.001103541 0.999775743 -0.020463872
113.211000000 238.010554897 182.991860623 6.348318997 -0.004560549 0.000654782 0.999792843 -0.019825319
113.314700000 237.194016624 182.974223009 6.257008323 -0.003592544 -0.002545612 0.999807078 -0.019142123
113.418300000 236.339687490 182.926819221 6.254007021 -0.000908721 -0.008072239 0.999799659 -0.018293555
113.522000000 235.519162777 182.906483047 6.300348913 0.000828408 -0.008726144 0.999822562 -0.016673739
113.625700000 234.677213902 182.888071868 6.323091127 0.000461179 -0.008193325 0.999859126 -0.014641888
113.729300000 233.817605488 182.863252910 6.283085580 -0.001808543 -0.010499494 0.999873121 -0.011841916
113.832800000 233.021687709 182.761582554 6.298622156 -0.004439170 -0.012084270 0.999866949 -0.010017391
113.936500000 232.187457666 182.678165929 6.310707795 -0.005418759 -0.012539896 0.999874716 -0.007996291
114.040000000 231.442317048 182.695322206 6.313881465 -0.005501401 -0.011454436 0.999894885 -0.006982083
114.143600000 230.696435574 182.746563201 6.305826177 -0.004876026 -0.009730688 0.999926793 -0.005286487
114.247300000 229.949373403 182.748509272 6.302677362 -0.005084320 -0.010450060 0.999927187 -0.003250784
114.350900000 229.226586098 182.751463885 6.315004330 -0.005526426 -0.011400153 0.999919226 -0.001017806
114.454300000 228.505929428 182.766482758 6.302923055 -0.005751793 -0.011147044 0.999921178 0.000546192
114.558000000 227.871225076 182.704274878 6.314513966 -0.005795850 -0.010246298 0.999930231 0.000977040
114.661600000 227.208457457 182.680015793 6.358256693 -0.006103082 -0.008797694 0.999941449 0.001565731
114.765200000 226.561889405 182.723015828 6.360708532 -0.005238536 -0.009356125 0.999940293 0.002105226
114.868800000 225.951734249 182.693789057 6.336385313 -0.005068981 -0.007354529 0.999959273 0.001291413
114.972400000 225.388713927 182.734596589 6.356240391 -0.005102934 -0.005997765 0.999968975 -0.000187660
115.076000000 224.797562420 182.698140282 6.374113885 -0.004473239 -0.004682962 0.999976988 -0.002020672
115.179700000 224.233605690 182.726271510 6.367172453 -0.004781592 -0.004579189 0.999964702 -0.005173190
115.283300000 223.726315737 182.681164546 6.374052581 -0.005258089 -0.004728122 0.999921379 -0.010355358
115.386800000 223.228480707 182.660807170 6.390092658 -0.004738496 -0.005183776 0.999858330 -0.015296865
115.490400000 222.731597625 182.657973868 6.379621940 -0.004725780 -0.004074096 0.999750101 -0.021466371
115.593900000 222.266542032 182.618422422 6.405615220 -0.004221732 -0.002799196 0.999509594 -0.030901682
115.697400000 221.798980282 182.502351424 6.484348363 -0.002891998 -0.003434011 0.999112793 -0.041874467
115.800800000 221.356793735 182.434368083 6.461337818 -0.002118694 -0.004142942 0.998461088 -0.055261220
115.904300000 220.899794039 182.368929709 6.482922944 -0.002710932 -0.005046961 0.997449373 -0.071147217
116.008100000 220.436561357 182.216603860 6.436115459 -0.002508832 -0.004749743 0.995890929 -0.090401344
116.111200000 220.012390030 182.123354418 6.402198691 -0.002911763 -0.003441839 0.993725162 -0.111758569
116.214600000 219.586306431 181.934300837 6.407613180 -0.003333412 -0.004199670 0.990825881 -0.135038235
116.317900000 219.207359520 181.830953434 6.441569271 -0.003895235 -0.006736033 0.987408404 -0.158000304
116.421300000 218.884382569 181.725140019 6.438044760 -0.002809019 -0.009354321 0.983450142 -0.180915520
116.524700000 218.513651623 181.531665497 6.422343901 -0.001720660 -0.011318478 0.978824075 -0.204382878
116.628100000 218.112194335 181.276083143 6.426289559 -0.000807009 -0.011023937 0.973384705 -0.228910544
116.731800000 217.797793555 181.043904175 6.421088696 -0.000683466 -0.011003379 0.967142683 -0.253995057
116.835200000 217.403555890 180.834262038 6.389542361 -0.002289275 -0.010918906 0.960251448 -0.278913414
116.938700000 217.021798572 180.516361720 6.366964320 -0.002976410 -0.010977070 0.952633596 -0.303907679
117.042600000 216.694424871 180.200410260 6.366582694 -0.005191564 -0.011348273 0.943901814 -0.329990349
117.145800000 216.315832599 179.829576084 6.416866549 -0.007851038 -0.010939136 0.934179787 -0.356548486
117.249500000 215.986567732 179.476806633 6.368861347 -0.008491311 -0.009094337 0.923073813 -0.384421548
117.352900000 215.642345181 179.147617079 6.353929004 -0.007685587 -0.008662549 0.911309913 -0.411558178
117.456600000 215.340408797 178.671883035 6.378601235 -0.005745327 -0.009788522 0.898549666 -0.438725055
117.560200000 215.038985170 178.155088973 6.295226955 -0.005135761 -0.009218966 0.884744944 -0.465956027
117.663700000 214.828412195 177.708869483 6.335118171 -0.003363252 -0.007808926 0.870877775 -0.491426099
117.767400000 214.570520041 177.190807213 6.324334590 0.003106227 0.006366682 -0.856251587 0.516510442
117.871000000 214.286584928 176.685249971 6.317587604 0.002802448 0.005735612 -0.841494925 0.540227304
117.974800000 214.100279237 176.105610513 6.306932734 0.004034518 0.007191232 -0.825936411 0.563702984
118.078400000 213.953191561 175.501392441 6.272545656 0.003822284 0.009253377 -0.810055001 0.586268421
118.182100000 213.853021185 174.923072968 6.291632342 0.002545919 0.012018693 -0.794086605 0.607680453
118.285900000 213.798693738 174.315346309 6.240853198 0.001867185 0.014738747 -0.778462138 0.627515722
118.389600000 213.633469259 173.672648668 6.210295543 0.003092054 0.016428522 -0.764607198 0.644279735
118.493500000 213.569216020 173.060085891 6.208342233 0.004062294 0.016161565 -0.753310105 0.657454324
118.597500000 213.542811406 172.364106633 6.229520972 0.001799214 0.015740566 -0.743287823 0.668784127
118.701300000 213.470879541 171.636376674 6.251938966 -0.002772104 0.015565016 -0.735127654 0.677744331
118.805300000 213.433250160 170.966159010 6.275417115 -0.006172812 0.015506518 -0.728561812 0.684776701
118.909400000 213.391600942 170.330154180 6.241760683 -0.005618558 0.014662567 -0.722768204 0.690912124
119.013300000 213.353509604 169.639712315 6.205419930 -0.002293373 0.015571440 -0.718957213 0.694876102
119.117300000 213.364837634 168.840326237 6.158824382 0.000249552 0.016209799 -0.717033956 0.696849687
119.221300000 213.366360142 168.053851010 6.151646323 0.001377688 0.016644818 -0.715644154 0.698265348
119.325100000 213.340724115 167.311733391 6.159549752 0.001225550 0.015009455 -0.714355294 0.699621132
119.429000000 213.283462660 166.564253385 6.194265608 -0.000811699 0.011896259 -0.713085622 0.700975546
119.532900000 213.250335218 165.860638678 6.207466290 -0.004120065 0.009306202 -0.711783547 0.702325139
119.636600000 213.307077355 165.125335805 6.231077659 -0.004757910 0.008518265 -0.710755734 0.703371231
119.740400000 213.333396582 164.323078909 6.178319043 -0.001493644 0.008892123 -0.709640877 0.704505872
119.844100000 213.331142389 163.505762613 6.104524271 0.002187444 0.010220528 -0.709034070 0.705096761
119.947800000 213.351798904 162.645643073 6.095179969 0.004275161 0.010995224 -0.708106181 0.706007411
120.051500000 213.295021260 161.831272772 6.117068377 0.004968948 0.010336393 -0.707480940 0.706639362
120.155200000 213.294778837 161.031204015 6.162399656 0.004221288 0.009302627 -0.706668543 0.707470997
120.258800000 213.293751375 160.215802308 6.169415149 0.002996416 0.009242565 -0.705693422 0.708450698
120.362400000 213.303052484 159.439120569 6.125882437 0.003248323 0.008230705 -0.705413113 0.708741168
120.466000000 213.310584145 158.584875176 6.112957689 0.002629289 0.008315580 -0.705167016 0.708987600
120.569700000 213.323688490 157.750915003 6.097670453 0.002319479 0.008510045 -0.704926099 0.709225912
120.673400000 213.332398779 156.895539750 6.092360606 0.002747159 0.008353107 -0.704750909 0.709400335
120.777000000 213.382800253 155.975756312 6.018728856 0.005585027 0.007751105 -0.703627353 0.710504944
120.880700000 213.357015892 155.106688490 6.006108398 0.007359592 0.008782663 -0.702984337 0.711113017
120.984400000 213.385491521 154.200352033 6.025359552 0.007097071 0.009454347 -0.702602199 0.711484642
121.088000000 213.345184301 153.313367234 6.032339280 0.007962714 0.007479143 -0.701548681 0.712537792
121.191600000 213.422262430 152.395281563 5.999624635 0.008782855 0.005268193 -0.700047139 0.714023187
121.295300000 213.454010740 151.537886982 5.941231060 0.010278673 0.005117817 -0.698617797 0.715402915
121.398800000 213.445868028 150.613152935 5.961690873 0.011057927 0.006755034 -0.696666032 0.717278559
121.502400000 213.478131981 149.672556073 5.953717962 0.010680684 0.007375420 -0.694521285 0.719355065
121.606200000 213.515136562 148.800423094 5.972704141 0.011206895 0.007370884 -0.693106269 0.720710605
121.709800000 213.540688246 147.927283157 5.920304672 0.012413287 0.008695782 -0.691354010 0.722357202
121.813500000 213.622617009 147.032805182 5.862430084 0.014122757 0.009682403 -0.689343429 0.724232308
121.917200000 213.707801543 146.130044750 5.859688220 0.014330084 0.009692333 -0.687744885 0.725746292
122.020900000 213.774406693 145.202979798 5.911205336 0.009801918 0.009716034 -0.686167465 0.727312678
122.124500000 213.831546238 144.298244557 5.850912411 0.006644468 0.007665304 -0.683916597 0.729489672
122.228200000 213.883521308 143.420917747 5.820582604 0.007326061 0.007573926 -0.682240705 0.731051697
122.332000000 213.926384294 142.549101008 5.809190718 0.009150127 0.010194148 -0.680895848 0.732252142
122.435600000 214.000353661 141.630317744 5.805676782 0.009051888 0.014350014 -0.680122615 0.732902019
122.539300000 214.098337883 140.759486318 5.810875255 0.007875344 0.014989037 -0.679794365 0.733207289
122.643100000 214.175756694 139.881550391 5.781502527 0.007151148 0.014509815 -0.679750710 0.733264821
122.746800000 214.304076829 138.943716461 5.742514812 0.006197359 0.014769128 -0.679698061 0.733317129
122.850400000 214.375100269 138.061678330 5.727794269 0.004571082 0.016261141 -0.680134197 0.732893003
122.954200000 214.425685528 137.177603429 5.741627709 0.001291951 0.018695838 -0.680125133 0.732856466
123.057800000 214.502457636 136.340850014 5.728773746 -0.000736902 0.019805002 -0.681140550 0.731884397
123.161600000 214.551778902 135.480085502 5.720505153 -0.002809079 0.018682291 -0.682256797 0.730868486
123.265200000 214.629082094 134.612676816 5.674996244 -0.003604950 0.018598431 -0.682747379 0.730408872
123.368800000 214.695307987 133.731829382 5.684906712 -0.004767968 0.019637869 -0.682803381 0.730322644
123.472400000 214.785503142 132.914971681 5.665684175 -0.003302662 0.019542876 -0.683445459 0.729732466
123.576200000 214.865118857 132.088650459 5.628045714 -0.001832780 0.020241912 -0.684436527 0.728789096
123.679700000 214.898350752 131.296561832 5.624103523 -0.003108867 0.020888601 -0.685023012 0.728215266
123.783400000 214.968908688 130.524873490 5.570615671 -0.004035990 0.022224152 -0.686198308 0.727063739
123.887000000 215.045353142 129.759699356 5.600721862 -0.005727337 0.024020421 -0.687342970 0.725913120
123.990700000 215.097690266 129.029362561 5.611546859 -0.005293071 0.023511588 -0.689423854 0.723957138
124.094500000 215.138671426 128.302681934 5.588317814 -0.005657267 0.022889510 -0.691432994 0.722055733
124.198100000 215.146335305 127.564215523 5.631215474 -0.007714646 0.022296559 -0.693414094 0.720152930
124.301800000 215.168945101 126.805567801 5.610039936 -0.007429653 0.021505415 -0.695718040 0.717954543
124.405600000 215.171659441 126.173807978 5.644078977 -0.006958136 0.021298097 -0.698306565 0.715448053
124.509200000 215.143385299 125.597314869 5.613518562 -0.004822236 0.019899242 -0.700482977 0.713375332
124.613000000 215.145182263 124.977839701 5.580255889 -0.003189896 0.017710450 -0.702616734 0.711340909
124.716500000 215.177809174 124.376360782 5.560546996 -0.004666980 0.017590679 -0.704339427 0.709630015
124.820300000 215.183258862 123.788936986 5.603972460 -0.004958628 0.016163718 -0.706857300 0.707154088
124.923900000 215.196637735 123.142562057 5.618724606 -0.006352551 0.015238437 -0.708671715 0.705345189
125.027500000 215.184049536 122.579251703 5.592464991 -0.006591328 0.015471034 -0.710369333 0.703628177
125.131200000 215.206242200 121.964367409 5.575309529 -0.006745861 0.015650947 -0.711672690 0.702304438
125.234900000 215.164081887 121.324566149 5.589697415 -0.005487574 0.016555861 -0.712810138 0.701140141
125.338500000 215.155786089 120.706635188 5.571802223 -0.002840651 0.018456101 -0.713765402 0.700135882
125.442100000 215.127893271 120.055320146 5.552593619 0.001010828 0.019235218 -0.714166310 0.699710987
125.545700000 215.145890437 119.412539477 5.562796156 0.002805120 0.021211037 -0.713996260 0.699822523
125.649300000 215.146398220 118.859834106 5.519464990 0.003270187 0.023996060 -0.713234086 0.700507411
125.753000000 215.118390176 118.263030913 5.511010697 0.005027282 0.025931190 -0.712325280 0.701352262
125.856700000 215.108149738 117.680681444 5.548882749 0.005441459 0.024901045 -0.710433737 0.703302378
125.960300000 215.110713282 117.071429496 5.554421100 0.007061108 0.020616456 -0.707692182 0.706184734
126.063800000 215.119579658 116.502431895 5.495503147 0.007975477 0.016587667 -0.703734291 0.710224815
126.167400000 215.113252628 115.908724663 5.483924943 0.006703322 0.012234110 -0.697980621 0.715980758
126.270900000 215.155370562 115.351571683 5.452654736 0.006886237 0.009102883 -0.690775477 0.722979224
126.374400000 215.190211196 114.789587222 5.462305860 0.008945880 0.008878774 -0.682662126 0.730625459
126.478000000 215.254138540 114.215524657 5.462395151 0.009563816 0.008693542 -0.673667376 0.738921662
126.581500000 215.330721269 113.673558823 5.480758774 0.007886056 0.007268260 -0.664078671 0.747585782
126.685100000 215.415433554 113.133641398 5.422156694 0.007845675 0.005327931 -0.652662236 0.757589641
126.788600000 215.540586019 112.559999677 5.462322662 0.009053930 0.005886800 -0.639693323 0.768554373
126.892100000 215.691735199 112.006651279 5.427748070 0.009594436 0.007826755 -0.625172189 0.780388636
126.995700000 215.867671686 111.442850437 5.415644421 0.010356321 0.010786087 -0.609507951 0.792638924
127.099200000 216.063492786 110.905471493 5.425818386 0.010706544 0.013375034 -0.592247805 0.805573718
127.202700000 216.263624289 110.432054696 5.431486503 0.010328614 0.013625675 -0.573251655 0.819200953
127.306200000 216.461570148 109.976664105 5.431671303 0.010229707 0.013886465 -0.552979160 0.833016547
127.409600000 216.682645784 109.506421308 5.397478927 0.011037694 0.012945630 -0.531145187 0.847110011
127.513100000 217.000598773 109.055992911 5.370240703 0.011517952 0.011650215 -0.508271175 0.861041243
127.616800000 217.300798789 108.608743204 5.372734105 0.011044744 0.009558932 -0.484682489 0.874568194
127.720200000 217.584005579 108.182077480 5.351904563 0.009542368 0.005510592 -0.460391062 0.887647817
127.823900000 217.948752310 107.775871481 5.370712488 0.008101051 0.003796288 -0.436377208 0.899719341
127.927500000 218.336192924 107.420901390 5.384090452 0.008268621 0.002138037 -0.411202024 0.911504226
128.031100000 218.707195231 107.095032367 5.410546267 0.011725420 0.000518864 -0.385654072 0.922568795
128.134900000 219.100972720 106.700045120 5.364218615 0.016312969 0.001183193 -0.360219213 0.932724292
128.238600000 219.508228513 106.345648267 5.314962491 0.018848079 0.001962961 -0.335884695 0.941712466
128.342200000 219.941762175 106.062168524 5.316591730 0.018465891 0.002607989 -0.311405208 0.950094209
128.445900000 220.391427178 105.800030452 5.327677073 0.019311864 0.000806331 -0.287380745 0.957621381
128.549600000 220.836797735 105.512742975 5.332733970 0.019668986 0.000092343 -0.263922504 0.964343318
128.653300000 221.321226539 105.250773206 5.362440035 0.018714734 -0.000232947 -0.240143328 0.970556998
128.757000000 221.848701384 105.072308289 5.350015029 0.017176197 -0.000491003 -0.217195546 0.975976860
128.860800000 222.335499523 104.883926780 5.322981633 0.014163961 0.000441303 -0.195271349 0.980646872
128.964400000 222.800136849 104.771692295 5.315437480 0.012252652 0.001913832 -0.175106344 0.984471421
129.068200000 223.302539883 104.661292158 5.352561272 0.008981517 0.003035791 -0.157046290 0.987545735
129.172100000 223.819997927 104.486311858 5.374286143 0.004580377 0.005014598 -0.141906374 0.989856785
129.276000000 224.301120782 104.393407358 5.392998363 -0.001641673 0.006758906 -0.131267041 0.991322645
129.380000000 224.808351729 104.289627172 5.366017613 -0.005804677 0.007768647 -0.123215995 0.992332491
129.484000000 225.284162491 104.197058184 5.384160707 -0.006748587 0.008133219 -0.118131808 0.992941682
129.588000000 225.793482521 104.115997865 5.364737429 -0.006498322 0.007033006 -0.114160276 0.993416197
129.691900000 226.304322336 104.033245543 5.390737640 -0.006315908 0.006357285 -0.112165782 0.993649099
129.796000000 226.853087147 103.897090134 5.397072382 -0.008136488 0.007114412 -0.111699866 0.993683210
129.899900000 227.361656916 103.765072941 5.343302743 -0.009446690 0.006582092 -0.112939905 0.993535110
130.004000000 227.884076185 103.664864361 5.372866586 -0.007499393 0.004688416 -0.114491466 0.993384861
130.108000000 228.336824567 103.566424252 5.383564031 -0.005848738 0.003638298 -0.119708844 0.992785147
130.212100000 228.810283366 103.443413797 5.379001644 -0.002856614 0.003490959 -0.127502186 0.991828032
130.316000000 229.223327377 103.276366301 5.325709722 -0.002205638 0.004963516 -0.137821609 0.990442175
130.420800000 229.674772485 103.144645975 5.312219649 -0.003498538 0.006944728 -0.151963515 0.988355514
130.524300000 230.109545427 102.976953801 5.335871289 -0.003688705 0.009703340 -0.169118746 0.985541013
130.628400000 230.539110577 102.796636600 5.303414145 -0.001594472 0.013817626 -0.187737614 0.982120725
130.732300000 230.939057758 102.541970586 5.371566817 0.007760665 0.014309325 -0.208517765 0.977883100
130.836500000 231.247096939 102.339215077 5.350186766 0.014736655 0.012129801 -0.231535439 0.972639213
130.940700000 231.590769634 102.127755215 5.331665290 0.016071393 0.008130921 -0.256354781 0.966414934
131.044700000 231.900088344 101.949693144 5.337496713 0.010571569 0.005315624 -0.282806643 0.959103951
131.148800000 232.237933585 101.717353739 5.301918263 0.003202142 0.004939734 -0.310177835 0.950660326
131.252900000 232.531699573 101.397487506 5.288126784 -0.000791696 0.008060980 -0.338668200 0.940871003
131.356800000 232.808270368 101.081016093 5.278689063 0.002247513 0.010420598 -0.367203797 0.930079422
131.460800000 233.065981133 100.746388123 5.324582640 0.009240223 0.011333388 -0.394949612 0.918586401
131.564700000 233.256734203 100.490203624 5.302573622 0.012192338 0.011796755 -0.422594473 0.906160083
131.668400000 233.435986830 100.228932352 5.306035532 0.012076393 0.011606519 -0.449995683 0.892873639
131.772200000 233.621352238 99.938026144 5.269510909 0.012511905 0.009919546 -0.476026373 0.879286044
131.875700000 233.754464376 99.537045538 5.276545860 0.011597887 0.008894628 -0.500385646 0.865679259
131.979400000 233.916604352 99.130036363 5.284759496 0.010220836 0.009122334 -0.521837927 0.852934637
132.082800000 234.074055645 98.832456178 5.240187222 0.009233923 0.010219782 -0.541255474 0.840745385
132.186300000 234.169007745 98.484377559 5.202724344 0.007743796 0.012606746 -0.559612495 0.828622326
132.290000000 234.282304827 98.091125638 5.228107781 0.006465524 0.014350269 -0.577552268 0.816201963
132.393600000 234.394017514 97.751501151 5.184173578 0.009226459 0.015370039 -0.594352345 0.804004928
132.497100000 234.467781704 97.382143293 5.202209574 0.011689591 0.015206743 -0.610276453 0.791956286
132.600700000 234.541215737 96.971949333 5.195887248 0.012307292 0.014706823 -0.624116976 0.781095538
132.704200000 234.645312138 96.539222934 5.173436829 0.012098429 0.013352639 -0.635699076 0.771726648
132.807500000 234.711734515 96.087451041 5.196461067 0.011381149 0.011544714 -0.644882623 0.764109672
132.911000000 234.770189900 95.699006963 5.150526567 0.009801966 0.010879451 -0.652578367 0.757579721
133.014400000 234.816240940 95.260748345 5.156008718 0.007429152 0.010033786 -0.658497351 0.752479481
133.117900000 234.898317958 94.806086608 5.131895498 0.005169521 0.009564364 -0.663655293 0.747959525
133.221400000 234.917315203 94.274899079 5.131180268 0.003810320 0.009010180 -0.669253226 0.742969998
133.325000000 234.927024345 93.669057945 5.125867820 0.004186505 0.007725761 -0.674772337 0.737973631
133.428500000 234.978069879 93.133638392 5.116935195 0.005772768 0.006853421 -0.679566672 0.733559026
133.532000000 235.044539290 92.577672599 5.100604338 0.007840295 0.005732343 -0.682619186 0.730709735
133.635500000 235.085165470 91.954542916 5.120630946 0.009103395 0.005415806 -0.684668762 0.728777390
133.738900000 235.130868029 91.362278209 5.093366781 0.010281398 0.006774117 -0.684660728 0.728757911
133.842500000 235.169138739 90.772561712 5.066619048 0.011719287 0.007133708 -0.684138174 0.729223373
133.946100000 235.174737392 90.172520487 5.062900757 0.011574524 0.008502040 -0.684591934 0.728785037
134.049700000 235.166874992 89.582660192 5.051799359 0.011032022 0.009831684 -0.686231789 0.727232813
134.153300000 235.200001311 88.916322303 5.021857905 0.011183606 0.009046713 -0.686891853 0.726617276
134.257000000 235.340743830 88.278587546 4.993254604 0.008664711 0.009999151 -0.686413880 0.727090727
134.360800000 235.361492180 87.559408294 4.982350933 0.007704741 0.009877128 -0.687394799 0.726175922
134.464400000 235.427159892 86.838674563 4.979558830 0.005782116 0.009516825 -0.688533320 0.725119207
134.568000000 235.466447237 86.101679745 4.991177399 0.006126646 0.008552399 -0.689087358 0.724601914
134.671600000 235.573238453 85.385879130 4.980465644 0.006815646 0.007649541 -0.689393140 0.724314939
134.775400000 235.581208061 84.685238690 4.948850584 0.006552744 0.008337190 -0.690342181 0.723405298
134.879000000 235.568726916 83.919107209 4.924455291 0.006884858 0.009529227 -0.691260341 0.722510162
134.982600000 235.626918420 83.101524492 4.946194677 0.008200734 0.008733312 -0.692613995 0.721208937
135.086200000 235.671724393 82.317029339 4.933063407 0.007554896 0.009189143 -0.693785267 0.720083666
135.189900000 235.670507920 81.551036664 4.927319422 0.007432171 0.010079586 -0.694712583 0.719178414
135.293600000 235.709386682 80.744342090 4.878133540 0.009916978 0.007909457 -0.694926968 0.718968430
135.397200000 235.740110815 79.897456295 4.886708028 0.009462198 0.008770763 -0.695504974 0.718405437
135.500800000 235.790425966 79.049762887 4.861560963 0.008899729 0.009095987 -0.695469157 0.718443254
135.604400000 235.808950877 78.298136759 4.814495495 0.010267220 0.007195088 -0.696269756 0.717670706
135.708100000 235.844105018 77.448576848 4.859186099 0.009113201 0.006194859 -0.697207156 0.716785013
135.811800000 235.854676525 76.636404285 4.850446712 0.010274727 0.003789321 -0.696952859 0.717033321
135.915400000 235.812986771 75.752068022 4.859449767 0.007531508 0.004913339 -0.698036838 0.716005383
136.019200000 235.812873308 74.872776465 4.834741483 0.006644966 0.004926928 -0.699523755 0.714561464
136.122700000 235.910698108 74.092543272 4.810035630 0.007046953 0.004995763 -0.699402126 0.714676184
136.226500000 235.968728138 73.265018680 4.760361513 0.007372039 0.006220091 -0.699897080 0.714178578
136.330200000 235.983975143 72.368768896 4.735654957 0.007395055 0.007546296 -0.699663902 0.714394002
136.433700000 235.924620740 71.490439253 4.709251784 0.009589073 0.007503858 -0.698921589 0.715094647
136.537400000 235.973020008 70.582651946 4.694568182 0.011201815 0.007190644 -0.697886021 0.716085132
136.641100000 236.146347222 69.648192132 4.652387119 0.014549245 0.003337175 -0.697135908 0.716783585
136.744900000 236.143209141 68.801376153 4.614782786 0.014594946 0.002834866 -0.695133459 0.718726948
136.848400000 236.197857100 67.901991405 4.601288690 0.012946350 0.003586836 -0.693595394 0.720239513
136.952000000 236.198992549 67.018161103 4.631152878 0.012098226 0.001931345 -0.692909109 0.720920848
137.055800000 236.187903968 66.110999481 4.637351568 0.012701081 0.001035081 -0.692010615 0.721774840
137.159500000 236.182007270 65.223232086 4.631528152 0.012011247 0.001309004 -0.692236381 0.721569684
137.263200000 236.242230519 64.424763481 4.641933659 0.012597354 0.001122666 -0.691366549 0.722393481
137.366900000 236.308898964 63.557017614 4.596183063 0.012444233 0.003693515 -0.690871492 0.722861038
137.470600000 236.355937175 62.719357193 4.513471614 0.015330993 0.005470596 -0.690591667 0.723061673
137.574300000 236.374403111 61.799405436 4.473421478 0.016494192 0.007096071 -0.689554105 0.724011549
137.678000000 236.387466424 60.894974202 4.475900325 0.016161882 0.006205323 -0.688610671 0.724924569
137.781700000 236.464743197 59.961004664 4.515387165 0.012558067 0.003652025 -0.688191732 0.725410985
137.885300000 236.671286607 59.176866766 4.510211949 0.007008076 0.003929183 -0.687593766 0.726051142
137.988900000 236.686409543 58.377054396 4.533434281 0.008297258 0.002301552 -0.687982865 0.725675847
138.092700000 236.612414454 57.520495500 4.501555847 0.011265809 0.002123742 -0.687170864 0.726405379
138.196300000 236.661423918 56.590138647 4.420321397 0.013957084 0.005572116 -0.687156063 0.726354388
138.299900000 236.725131812 55.708430781 4.438565080 0.015322006 0.005515750 -0.687478852 0.726021790
138.403500000 236.778425973 54.883326793 4.442044692 0.014823156 0.004253487 -0.687952824 0.725591548
138.507100000 236.848572293 53.987437053 4.440447360 0.013707286 0.002615584 -0.687538485 0.726013844
138.610700000 236.857209129 53.218303379 4.453815021 0.012637514 0.003594026 -0.687418607 0.726142572
138.714400000 236.950747343 52.478004904 4.431132969 0.014416935 0.004690782 -0.686438189 0.727030096
138.818000000 236.984037493 51.633915643 4.414760195 0.013587415 0.005838768 -0.686053697 0.727400588
138.921600000 237.023705599 50.775045987 4.468001044 0.013621693 0.006375440 -0.685686088 0.727741982
139.025200000 237.141305674 49.937586809 4.405961426 0.011950668 0.005641263 -0.685349931 0.728093970
139.128800000 237.199838187 49.156866666 4.355759312 0.011647248 0.004405863 -0.684971412 0.728463516
139.232600000 237.221756703 48.446186781 4.327863119 0.011607552 0.004604200 -0.683831517 0.729533086
139.336200000 237.229709894 47.559932795 4.311405453 0.012534713 0.004498750 -0.683334326 0.729984138
139.439900000 237.290922872 46.749162688 4.322290067 0.014170208 0.004126247 -0.683319315 0.729970474
139.543400000 237.382518125 45.981908805 4.389358887 0.014418073 0.004571608 -0.682838094 0.730413141
139.647200000 237.419193193 45.238087898 4.370077309 0.016046894 0.003961323 -0.682426374 0.730767438
139.750900000 237.463456449 44.478036360 4.310540740 0.017553317 0.003844806 -0.681980153 0.731149896
139.854600000 237.482701739 43.751161180 4.294001279 0.015968349 0.005074132 -0.682706592 0.730500496
139.958400000 237.567766438 43.027911278 4.280233772 0.014878658 0.005338133 -0.682697596 0.730530028
140.061900000 237.649332788 42.246672131 4.257489177 0.013768809 0.006052991 -0.681299134 0.731850580
140.165400000 237.739612450 41.450367434 4.266698627 0.010100495 0.008856905 -0.681216376 0.731958868
140.269100000 237.761724469 40.751381000 4.255527252 0.010178390 0.008113989 -0.680828683 0.732327022
140.372700000 237.842838918 40.011822277 4.236590201 0.009444758 0.008068574 -0.680442230 0.732696435
140.476300000 237.872446708 39.343264580 4.292761629 0.008832079 0.008160970 -0.680739088 0.732427257
140.579900000 237.912571361 38.700558243 4.230497196 0.007612553 0.008461632 -0.681799615 0.731450432
140.683700000 238.002959982 38.030310888 4.252975402 0.007304767 0.009640375 -0.682836966 0.730470657
140.787500000 238.063621372 37.404811848 4.192161359 0.009215161 0.009253852 -0.683258138 0.730060109
140.890900000 238.089035219 36.744360736 4.228084465 0.010554381 0.009297558 -0.683755688 0.729575437
140.994700000 238.109973921 36.019743105 4.202502944 0.010607470 0.009879321 -0.684224362 0.729127495
141.098300000 238.136454994 35.339595424 4.211703075 0.010640390 0.009387858 -0.684352943 0.729012825
141.202000000 238.231026303 34.746849433 4.183148736 0.009837963 0.007727244 -0.685197616 0.728249772
141.305500000 238.297260423 34.137802455 4.196447177 0.006752137 0.009073703 -0.686491418 0.727049936
141.409400000 238.386663276 33.553801181 4.217987932 0.007801834 0.007974253 -0.687499690 0.726098973
141.513000000 238.435622178 32.958096656 4.173021806 0.009482164 0.005935422 -0.688814444 0.724851379
141.616500000 238.451903099 32.366665930 4.184540317 0.005890708 0.008503859 -0.689939377 0.723793230
141.720100000 238.497209974 31.819159967 4.170769135 0.006688559 0.008579074 -0.691721221 0.722082693
141.823700000 238.508318080 31.345226499 4.204120453 0.006820496 0.011832322 -0.694746822 0.719124697
141.927400000 238.609732453 30.791268493 4.210729634 0.005998186 0.012843448 -0.698285122 0.715679366
142.031100000 238.670933283 30.304219729 4.231750357 0.003961297 0.014942948 -0.701366225 0.712633451
142.134700000 238.661346980 29.825167298 4.247440126 0.002237087 0.016097854 -0.703980683 0.710033135
142.238400000 238.662741398 29.409374021 4.237254942 0.002422450 0.016702282 -0.706982751 0.707029388
142.342200000 238.672755192 29.013020533 4.180280135 0.002114509 0.015575921 -0.710749929 0.703269122
142.445800000 238.683629379 28.515224509 4.182781594 0.002110861 0.016158044 -0.714258617 0.699692140
142.549500000 238.605856591 28.082526804 4.200373834 0.002334328 0.016054713 -0.717394720 0.696478006
142.653300000 238.589080840 27.664322833 4.169832704 0.004173284 0.014954826 -0.720700124 0.693073061
142.756900000 238.610298495 27.327143879 4.169205264 0.004162453 0.015390492 -0.724704569 0.688875239
142.860600000 238.615515070 27.014700539 4.136072469 0.004887322 0.015336446 -0.728735228 0.684606365
142.964300000 238.526589863 26.626528881 4.185785939 0.006905191 0.013798641 -0.732850405 0.680214819
143.068000000 238.455050455 26.299153966 4.186003582 0.008728556 0.012755227 -0.737326410 0.675359817
143.171700000 238.374423837 26.068612583 4.190511023 0.010540390 0.010460227 -0.740902474 0.671448441
143.275300000 238.323719349 25.758792389 4.169661103 0.011770279 0.010008969 -0.745528702 0.666294406
143.379100000 238.300515052 25.483890271 4.131567881 0.011546867 0.010888651 -0.749942869 0.661312181
143.482700000 238.327545794 25.227393034 4.157893848 0.011909437 0.012782363 -0.753953113 0.656695881
143.586400000 238.306008188 25.008017583 4.121658623 0.011323787 0.012891220 -0.758259177 0.651727403
143.690000000 238.248818888 24.822864570 4.121471236 0.011226273 0.012949379 -0.762884689 0.646307385
143.793700000 238.155444961 24.655879774 4.125447946 0.011217096 0.013254541 -0.767254299 0.641107896
143.897300000 238.119655994 24.511036130 4.144894452 0.010210907 0.012025467 -0.771856053 0.635601572
144.000900000 238.143566139 24.339647730 4.140097956 0.008958293 0.011080096 -0.776165609 0.630368089
144.104500000 238.138298448 24.158352886 4.130526335 0.010424124 0.010197586 -0.780161901 0.625407671
144.208200000 238.066986357 24.012037687 4.156171748 0.011952110 0.009603311 -0.784413798 0.620048318
144.312000000 237.938581956 23.856198894 4.135143448 0.012564285 0.008720645 -0.789180214 0.613971236
144.415600000 237.944225594 23.703185785 4.112583592 0.012203869 0.008395489 -0.793755390 0.608056710
144.519300000 237.950243668 23.555944142 4.110737805 0.010843005 0.008227348 -0.798337060 0.602057040
144.622900000 237.896327609 23.358869243 4.135769905 0.009672844 0.008514329 -0.802726465 0.596208155
144.726700000 237.778883100 23.236694192 4.082108425 0.008837543 0.008239897 -0.807534011 0.589697229
144.830300000 237.671824608 23.118688796 4.053904333 0.006151829 0.009120276 -0.812457003 0.582917312
144.934000000 237.535806583 22.956590533 4.037196582 0.003756137 0.007062083 -0.818313452 0.574716550
145.037800000 237.508192154 22.743158079 4.037015764 0.001916656 0.006147879 -0.825259758 0.564716620
145.141500000 237.484949810 22.535818827 4.047845384 0.001689958 0.006015326 -0.832631120 0.553792721
145.245300000 237.395038499 22.345381101 4.042326589 0.001842622 0.005553687 -0.841205692 0.540683591
145.349100000 237.267103906 22.109105724 4.060879586 0.001812555 0.004654519 -0.850762311 0.525526918
145.452900000 237.095469936 21.899374663 4.064450646 0.001725799 0.004681327 -0.860663091 0.509150420
145.556700000 236.925454063 21.651178452 4.037722927 -0.001469396 -0.005511456 0.870749888 -0.491693092
145.660600000 236.682686415 21.385844884 4.057948181 -0.001030718 -0.005874848 0.881125556 -0.472844772
145.764300000 236.462776596 21.143724575 4.040805100 0.000859700 -0.006557288 0.891862089 -0.452259081
145.868200000 236.217820448 20.807178393 4.036400370 0.002549078 -0.007572653 0.902660599 -0.430278979
145.972000000 236.019395442 20.548137597 4.033011473 0.003627978 -0.008709419 0.913439874 -0.406864326
146.075700000 235.744918782 20.316298827 4.013272522 0.004914190 -0.009741654 0.923607652 -0.383183842
146.179600000 235.419597481 20.054106205 3.991981954 0.005173091 -0.008897826 0.933931159 -0.357304714
146.283300000 235.058136842 19.802509212 3.958606139 0.005813895 -0.008152687 0.943605698 -0.330919958
146.387000000 234.671329072 19.550835110 4.007042973 0.006905861 -0.007426297 0.952959122 -0.302929152
146.490800000 234.333507562 19.360203010 4.054720096 0.007716321 -0.006942674 0.961715700 -0.273852461
146.594500000 233.970636670 19.143509220 4.014094826 0.009437639 -0.006461291 0.969568759 -0.244551844
146.698100000 233.507592298 18.883807981 3.998160060 0.009393602 -0.006216010 0.976479360 -0.215316466
146.801700000 233.000720792 18.731025269 4.026275329 0.009316667 -0.005180929 0.982295134 -0.187036433
146.905400000 232.462374445 18.608527473 4.036074819 0.009613050 -0.002812816 0.986946082 -0.160739255
147.009000000 231.978614625 18.503180083 4.109845746 0.008437652 -0.001538377 0.990719003 -0.135655064
147.112500000 231.499928015 18.334578744 4.077452160 0.007142973 -0.001276906 0.993670382 -0.112100490
147.216000000 230.945432568 18.225315939 4.039502031 0.006415004 -0.002474481 0.995888724 -0.090323721
147.319400000 230.299910968 18.150315577 4.083276383 0.004465252 -0.004697473 0.997327021 -0.072779178
147.422800000 229.682773160 18.101059139 4.076913738 0.003453686 -0.003813426 0.998279975 -0.058400521
147.526300000 229.042741335 18.033069415 4.096607344 0.003111467 -0.001969985 0.998927378 -0.046157670
147.629700000 228.381363528 17.951468480 4.117050210 0.003820284 -0.000906142 0.999306362 -0.037032129
147.733000000 227.624946433 17.961617767 4.086269396 0.004360275 0.000212497 0.999589749 -0.028306833
147.836500000 226.883567633 17.913404810 4.083836235 0.004241498 -0.000979381 0.999787650 -0.020142139
147.939900000 226.183857653 17.897639873 4.080751939 0.003416198 -0.001427858 0.999908695 -0.012995861
148.043400000 225.443023686 17.899311514 4.117360973 0.002139171 -0.000908341 0.999972232 -0.007080537
148.146900000 224.654324215 17.900584437 4.153271814 0.001579047 -0.000112483 0.999995210 -0.002659751
148.250200000 223.902809195 17.919788478 4.154310089 0.001505136 -0.001250625 0.999998028 0.000337116
148.353700000 223.114408924 17.885204783 4.116354906 0.001801908 -0.000430737 0.999996844 0.001697210
148.457200000 222.282033911 17.853053547 4.093020032 0.001620560 -0.000577196 0.999994873 0.002700745
148.560700000 221.406489332 17.886781783 4.116538642 0.001058729 0.000860520 0.999992186 0.003710225
148.664200000 220.539616828 17.915672071 4.148985739 0.000542272 0.002563684 0.999989718 0.003700917
148.767800000 219.677304375 17.927341807 4.122995991 -0.000154188 0.002709848 0.999992705 0.002687625
148.871300000 218.719061073 17.898093551 4.159941489 0.000216273 0.002881183 0.999993349 0.002225922
148.974900000 217.869479264 17.907536136 4.160611588 0.000881319 0.003457656 0.999992856 0.001247237
149.078400000 216.866059478 17.938970628 4.164547585 0.001607833 0.006189597 0.999979163 0.000881569
149.182200000 215.829720304 17.930955190 4.140028297 0.001989292 0.004510208 0.999987843 -0.000123442
149.285600000 214.878948387 17.866713421 4.186573516 0.002848466 0.004631952 0.999984294 -0.001357464
149.389300000 213.928695693 17.921296989 4.208045147 0.003910521 0.009330128 0.999945293 -0.002658435
149.492900000 212.837141647 17.890150415 4.205420244 0.003435178 0.009375539 0.999943002 -0.003780356
149.596500000 211.861206520 17.832801030 4.213475646 0.003783910 0.009495371 0.999923913 -0.006905591
149.700100000 210.801328660 17.831463238 4.217986379 0.004558849 0.008931466 0.999914078 -0.008442844
149.803700000 209.684542436 17.805066914 4.193565527 0.004212313 0.008414519 0.999906405 -0.009931483
149.907300000 208.642009045 17.736497955 4.255074805 0.003195187 0.008829215 0.999890058 -0.011476376
150.011100000 207.628925728 17.674907248 4.257475794 0.003012251 0.009296080 0.999875635 -0.012378352
150.114700000 206.627731997 17.666182611 4.252006487 0.003419180 0.008550414 0.999864263 -0.013662187
150.218300000 205.540789239 17.697227985 4.242308606 0.003426120 0.009250636 0.999839013 -0.014987844
150.322000000 204.403970738 17.646613258 4.274635109 0.002885507 0.010154288 0.999807441 -0.016542252
150.425700000 203.262862259 17.602489220 4.264207913 0.002398501 0.009570507 0.999778663 -0.018581646
150.529300000 202.167730555 17.598497430 4.304176735 0.002934766 0.008518823 0.999772116 -0.019352830
150.632900000 201.045064715 17.507021585 4.307449219 0.003035163 0.004499302 0.999774599 -0.020525467
150.736500000 199.934013893 17.448173988 4.352414066 0.003315859 0.002143592 0.999770077 -0.021076148
150.840100000 198.860745325 17.412374402 4.336132965 0.002824320 0.001067723 0.999760137 -0.021692184
150.943700000 197.772562768 17.359229366 4.330413942 0.002812799 0.002478451 0.999750097 -0.022038374
151.047500000 196.515741568 17.287411929 4.359052699 0.002272136 0.001661297 0.999748187 -0.022262983
151.151100000 195.359918466 17.178849782 4.403710791 0.002735766 0.005670693 0.999735368 -0.022125858
151.254700000 194.245044354 17.161708315 4.436617353 0.002269136 0.006882286 0.999712927 -0.022837444
151.358300000 193.108873252 17.146982287 4.451906665 0.001505947 0.007258580 0.999697637 -0.023445232
151.462000000 191.965968600 17.085806439 4.440541731 0.001271677 0.004946732 0.999721377 -0.023045180
151.565600000 190.783472433 17.033237827 4.431207000 0.000812006 0.003761710 0.999742084 -0.022382031
151.669300000 189.649023926 16.928428364 4.487931849 0.001507644 0.004436042 0.999745730 -0.022057278
151.772900000 188.478693788 16.883449475 4.523719278 0.001581192 0.005489665 0.999747804 -0.021718446
151.876700000 187.336965559 16.845410146 4.536940662 0.001639234 0.003100975 0.999779404 -0.020708452
151.980300000 186.157138408 16.812389308 4.531782240 0.001373288 0.003302761 0.999798404 -0.019757447
152.083900000 184.989119709 16.707142590 4.518992278 0.000758687 0.002775725 0.999819538 -0.018777948
152.187500000 183.740507446 16.637969759 4.493705648 -0.000460032 0.005783162 0.999814973 -0.018340203
152.291100000 182.475718752 16.578199412 4.465882753 -0.002501822 0.006540590 0.999836610 -0.016664762
152.394700000 181.346391870 16.515779664 4.480026541 -0.002348814 0.008125560 0.999839001 -0.015825015
152.498500000 180.151909544 16.471871265 4.511180281 -0.002210811 0.010044368 0.999829091 -0.015362683
152.602100000 178.990554204 16.435456321 4.532625283 -0.001788716 0.008806974 0.999855487 -0.014430632
152.705800000 177.742449284 16.444029066 4.487223077 -0.001030281 0.009186312 0.999858435 -0.014059192
152.809400000 176.452516834 16.441996231 4.527705879 -0.000986236 0.008609330 0.999877579 -0.013028157
152.913100000 175.215181466 16.372919036 4.526728400 -0.000869212 0.012854160 0.999833352 -0.012933810
153.016700000 173.982181036 16.358941530 4.521904207 -0.000187063 0.011242221 0.999862743 -0.012168487
153.120400000 172.740895471 16.317183021 4.531618715 0.001054183 0.011134871 0.999870643 -0.011558554
153.224000000 171.487753021 16.265760180 4.528460634 0.001245087 0.013422032 0.999848555 -0.011007550
153.327600000 170.168902817 16.248176478 4.561970884 -0.000044978 0.011714744 0.999873876 -0.010723567
153.431300000 168.829367118 16.196015357 4.552614837 -0.001230237 0.013674198 0.999853390 -0.010232403
153.534900000 167.606937985 16.139226616 4.578703988 -0.000930444 0.013456680 0.999860120 -0.009889047
153.638600000 166.396733502 16.175131824 4.588444389 0.000787029 0.010703187 0.999894666 -0.009771379
153.742200000 165.154007651 16.142553290 4.619334984 0.002002782 0.008947833 0.999904516 -0.010338466
153.845800000 163.878109038 16.078389381 4.625980503 0.002099682 0.006736829 0.999918200 -0.010667738
153.949500000 162.554107428 16.059544672 4.611686482 0.000924370 0.006599520 0.999919465 -0.010800756
154.053100000 161.214725526 16.020239701 4.601764181 -0.000796516 0.011632537 0.999872160 -0.010941351
154.156700000 159.973583484 15.992032963 4.599678440 -0.000481390 0.013574136 0.999846684 -0.011050804
154.260300000 158.720908590 15.934636412 4.618577029 0.000190099 0.014174253 0.999832681 -0.011561342
154.363800000 157.399676679 15.889814644 4.593989618 -0.000806751 0.017073097 0.999785125 -0.011728691
154.467400000 155.982561113 15.903993449 4.694254005 0.000175907 0.018102880 0.999776930 -0.010878671
154.571000000 154.640258376 15.887266446 4.664860839 0.000215038 0.015100347 0.999815205 -0.011894920
154.674600000 153.420911600 15.785246049 4.614671760 0.000480262 0.012353540 0.999847626 -0.012324110
154.778100000 152.224008845 15.724900121 4.610978115 -0.000692691 0.014378748 0.999812097 -0.012982416
154.881800000 151.009377954 15.709033318 4.679888072 -0.000622383 0.012760859 0.999830387 -0.013265369
154.985400000 149.642593412 15.682597513 4.689525932 -0.001544590 0.016333754 0.999778417 -0.013188617
155.088900000 148.313620831 15.602538606 4.703375500 -0.001740916 0.012862777 0.999818162 -0.013970025
155.192500000 146.993685461 15.579491889 4.710298891 -0.002007162 0.017646938 0.999728430 -0.015087178
155.296100000 145.708861304 15.537478424 4.726207298 -0.001997552 0.017798938 0.999713992 -0.015847462
155.399700000 144.403512497 15.518421943 4.780574814 -0.001815938 0.014991749 0.999765463 -0.015523192
155.503300000 143.056102893 15.435530622 4.775591464 -0.000911374 0.011746991 0.999809825 -0.015540016
155.606800000 141.733259484 15.418777257 4.740245586 -0.001335458 0.013522556 0.999779487 -0.016010424
155.710400000 140.421856701 15.343124383 4.801147695 -0.000649037 0.012767477 0.999781744 -0.016523730
155.814200000 139.140774587 15.324414341 4.831174785 -0.000340082 0.015011359 0.999745885 -0.016813934
155.917800000 137.911105305 15.268171711 4.797103946 -0.001630118 0.019254075 0.999666288 -0.017144571
156.021400000 136.637057183 15.212622813 4.784416716 -0.002688312 0.021637281 0.999612127 -0.017326211
156.125000000 135.322262591 15.166482380 4.772981141 -0.005084398 0.019491737 0.999641133 -0.017658631
156.228600000 133.983086577 15.152289990 4.799428031 -0.005811621 0.018408244 0.999659284 -0.017569204
156.332200000 132.651495894 15.126516831 4.802670969 -0.004746115 0.017749735 0.999666949 -0.018122154
156.436000000 131.407921412 14.992047703 4.823034397 -0.003580157 0.015279928 0.999700033 -0.018802929
156.539600000 130.218822111 14.975630677 4.800145293 -0.003879569 0.015630293 0.999690867 -0.018942383
156.643200000 129.018377683 14.915334569 4.824281148 -0.004681736 0.017774837 0.999644897 -0.019292910
156.746800000 127.764354281 14.915118651 4.835027082 -0.005697698 0.018123568 0.999626755 -0.019632208
156.850500000 126.500402128 14.815260416 4.857994789 -0.005828538 0.015643362 0.999653989 -0.020327710
156.954100000 125.297999822 14.771945864 4.830822212 -0.006002116 0.016516210 0.999642051 -0.020173247
157.057800000 124.024361003 14.728601338 4.861697134 -0.004383678 0.016264803 0.999661312 -0.019836833
157.161400000 122.707378016 14.708418175 4.887900044 -0.002896033 0.014905317 0.999695380 -0.019457425
157.265000000 121.421621269 14.632273550 4.849378977 -0.002743854 0.015941927 0.999705228 -0.018104807
157.368700000 120.200547782 14.606673735 4.884513260 -0.003525420 0.015714332 0.999700016 -0.018452879
157.472400000 119.038287053 14.538438837 4.914213587 -0.003378852 0.015372919 0.999717584 -0.017804721
157.576000000 117.969342862 14.483261039 4.914347904 -0.004111950 0.016343165 0.999707111 -0.017369054
157.679600000 116.916103164 14.435887449 4.944629558 -0.003558576 0.015753882 0.999722582 -0.017143838
157.783300000 115.805005015 14.405211382 4.925824788 -0.003242842 0.016263691 0.999723049 -0.016697372
157.886800000 114.709662981 14.360114127 4.938034334 -0.003379262 0.015340913 0.999746983 -0.016099891
157.990600000 113.653766830 14.305149480 4.988104281 -0.002305953 0.016196165 0.999747167 -0.015426254
158.094200000 112.547900377 14.215805757 5.020465793 -0.002230432 0.014858602 0.999771474 -0.015206830
158.197900000 111.486177157 14.205101731 4.996926860 -0.002760411 0.014840975 0.999783794 -0.014300065
158.301700000 110.508019954 14.188031094 5.021632776 -0.001887371 0.016746674 0.999764360 -0.013682551
158.405300000 109.500329251 14.157127183 5.002937855 -0.001958584 0.017534002 0.999753438 -0.013482768
158.509100000 108.526862601 14.115601647 5.023355904 -0.002140438 0.018177964 0.999745267 -0.013205346
158.612700000 107.625258738 14.142113459 5.056189499 -0.002689587 0.018132482 0.999755332 -0.012379647
158.716400000 106.639597390 14.107422806 5.098807291 -0.002863094 0.017172588 0.999779019 -0.011782122
158.820000000 105.785049142 14.083733183 5.105928370 -0.003246540 0.017195785 0.999783876 -0.011223467
158.923700000 104.909435990 14.037489334 5.109037802 -0.003691183 0.016710160 0.999797731 -0.010566148
159.027200000 104.085314985 14.043228856 5.130649164 -0.004439417 0.014842197 0.999833596 -0.009632248
159.131000000 103.172979837 14.020139377 5.131994785 -0.005891200 0.012249877 0.999866610 -0.009055243
159.234600000 102.374900299 14.021343658 5.115212883 -0.006977164 0.011036037 0.999872202 -0.009225203
159.338300000 101.630358462 14.000043056 5.126832939 -0.007202939 0.012130234 0.999855514 -0.009482980
159.441800000 100.881896689 13.987253474 5.138915446 -0.007027018 0.015445306 0.999793909 -0.011144663
159.545400000 100.184328229 13.983597131 5.113492984 -0.006421356 0.018144024 0.999706879 -0.014687295
159.649000000 99.486734993 13.928064724 5.116412558 -0.006517532 0.019335375 0.999571761 -0.020975212
159.752400000 98.777197094 13.876135298 5.126731691 -0.007001198 0.022759583 0.999283021 -0.029435150
159.855900000 98.037099681 13.817720467 5.143892654 -0.007876109 0.022358888 0.998941572 -0.039418054
159.959400000 97.417169273 13.783874000 5.143140167 -0.007713867 0.023391794 0.998338635 -0.052089251
160.062900000 96.770934502 13.687450480 5.122752320 -0.006441073 0.026518356 0.997357718 -0.067326610
160.166300000 96.121807713 13.522714741 5.129431807 -0.005841674 0.028340882 0.996000176 -0.084535896
160.269800000 95.545184156 13.375555399 5.163757712 -0.005208403 0.029275388 0.994300341 -0.102384844
160.373200000 95.034051093 13.203268480 5.191193083 -0.004529298 0.027785826 0.992114442 -0.122132583
160.476600000 94.504145495 13.076358971 5.164613105 -0.004518467 0.023428959 0.989396505 -0.143266266
160.580100000 93.924602641 12.902023673 5.133221534 -0.004386345 0.021294553 0.986040442 -0.165080429
160.683600000 93.406206985 12.588706644 5.178004760 -0.004283320 0.018092980 0.981876713 -0.188606518
160.787100000 92.888916130 12.382730326 5.190060737 -0.003746504 0.014763833 0.977047282 -0.212477295
160.890700000 92.445324956 12.051784768 5.176626329 -0.003432976 0.010745224 0.971319568 -0.237510110
160.994200000 92.050026173 11.720557505 5.190687338 -0.003581046 0.007219547 0.964663637 -0.263361199
161.097800000 91.622879495 11.477345114 5.191191944 -0.004580404 0.004148934 0.956992812 -0.290045796
161.201400000 91.225649801 11.056653274 5.188893188 -0.004808034 0.000902168 0.948841125 -0.315715994
161.304900000 90.858046883 10.742948355 5.182673172 -0.006007170 -0.002042416 0.939609232 -0.342190346
161.409300000 90.505978002 10.381744018 5.180609354 -0.005716412 -0.002517790 0.928829383 -0.370455071
161.512100000 90.111970336 10.018216045 5.160024847 -0.006024810 -0.002168046 0.917393050 -0.397930889
161.615700000 89.786833643 9.604087531 5.179800509 -0.006278511 -0.002942388 0.905230434 -0.424864429
161.719800000 89.586218370 9.220438702 5.196446066 -0.005250100 -0.001901992 0.892019171 -0.451963070
161.822900000 89.321907566 8.722837746 5.178095926 -0.005069161 -0.003264552 0.878353010 -0.477974514
161.926600000 89.053819309 8.227441864 5.164398960 0.004938854 0.004147078 -0.863597128 0.504141260
162.030300000 88.853336989 7.727940513 5.169461633 0.004301302 0.005317324 -0.848145053 0.529719920
162.134100000 88.693058254 7.288004412 5.175354375 0.003416348 0.006388367 -0.832589277 0.553843491
162.237600000 88.531572437 6.803845834 5.205651220 0.002995825 0.005224031 -0.817355213 0.576102587
162.341300000 88.442960064 6.314050780 5.253817944 0.002239665 0.004195775 -0.802335205 0.596854755
162.445200000 88.380167989 5.831741829 5.181897072 0.000442490 0.005830996 -0.788344384 0.615206417
162.548900000 88.301661996 5.328441818 5.149413486 -0.000423193 0.006500583 -0.775648229 0.631131831
162.652700000 88.219217994 4.823208382 5.160641454 -0.000742807 0.007467011 -0.764005841 0.645165689
162.756500000 88.128476543 4.362711594 5.184467073 -0.001446878 0.006030975 -0.754326268 0.656470422
162.860500000 88.077461098 3.785010192 5.210142210 -0.001602204 0.004828857 -0.746393813 0.665485079
162.964400000 88.053204696 3.237760461 5.227758073 -0.002892712 0.003473000 -0.739817412 0.672792515
163.068400000 88.047832864 2.712569785 5.212179159 -0.005334405 0.002434415 -0.734736204 0.678327596
163.172200000 88.037544249 2.159720956 5.189507148 -0.006895159 0.001673351 -0.730524350 0.682849786
163.276200000 87.942229127 1.563734510 5.170461354 -0.006128053 0.001362331 -0.727382052 0.686204008
163.380100000 87.867361879 0.971236257 5.145803737 -0.003164387 0.001828531 -0.725313287 0.688409238
163.484100000 87.870415933 0.379422042 5.193485137 -0.000815107 0.001547011 -0.723432096 0.690393327
163.588000000 87.835757461 -0.226532010 5.238641930 -0.000400987 0.001890184 -0.722711332 0.691147304
163.691800000 87.789005191 -0.791932748 5.228990634 -0.002181180 0.003758341 -0.722782948 0.691061449
163.795700000 87.746290434 -1.403909765 5.270673521 -0.001633373 0.002169122 -0.722619664 0.691240514
163.899400000 87.747668841 -2.040335892 5.248703593 -0.001872562 0.001918583 -0.722554205 0.691309072
164.003200000 87.757797849 -2.681473400 5.210520260 0.000359656 -0.000363734 -0.722640511 0.691223864
164.107400000 87.730726491 -3.313699457 5.220216271 0.004220221 -0.004330406 -0.722647991 0.691189785
164.210700000 87.712358494 -4.025127881 5.246533802 0.001827359 -0.001696210 -0.723180259 0.690654832
164.314400000 87.588834879 -4.731526011 5.268810119 0.001401351 -0.001482038 -0.722767527 0.691088230
164.418000000 87.587842126 -5.455077905 5.280396063 0.004658622 -0.004305311 -0.722644130 0.691191163
164.521700000 87.604220438 -6.152624494 5.283042663 0.006225928 -0.005264557 -0.721936785 0.691910977
164.625400000 87.520732796 -6.867179106 5.267212343 0.010128296 -0.009187718 -0.720357999 0.693467632
164.729000000 87.468949805 -7.598752318 5.271587305 0.010317382 -0.010205193 -0.717576983 0.696327996
164.832600000 87.435104608 -8.441057687 5.284050494 0.008603406 -0.008415831 -0.714766078 0.699260044
164.936200000 87.447829312 -9.274738472 5.263704806 0.008741533 -0.008097314 -0.711825593 0.702255185
165.039800000 87.447452898 -10.062910300 5.257929930 0.007298562 -0.006163889 -0.707873641 0.706274483
165.143600000 87.478497345 -10.854175474 5.242409015 0.008077745 -0.006557465 -0.703790086 0.710331799
165.247000000 87.454643275 -11.666111903 5.218893159 0.008682347 -0.006752389 -0.699738379 0.714314512
165.350800000 87.497656212 -12.473839440 5.211241661 0.007162003 -0.006335156 -0.696068088 0.717912104
165.454400000 87.590521500 -13.370201707 5.246535729 0.002389455 -0.003626571 -0.692471811 0.721431860
165.558000000 87.648236021 -14.237111959 5.281449688 0.000955506 -0.005218887 -0.689357830 0.724401569
165.661600000 87.673297758 -15.192971356 5.299923783 -0.000834833 -0.004467584 -0.686568942 0.727050501
165.765400000 87.743708977 -16.029401888 5.334777940 -0.000360277 -0.004125734 -0.684156260 0.729323700
165.869100000 87.853951280 -16.876418122 5.365412719 0.001011879 -0.003501392 -0.684283156 0.729207295
165.972900000 87.949030105 -17.745800916 5.411091194 0.000849801 -0.002870927 -0.685496214 0.728070035
166.076600000 88.045722447 -18.677621346 5.394826007 -0.000809032 -0.001354230 -0.687435211 0.726243997
166.180300000 88.056231918 -19.515996187 5.385163774 -0.001543539 -0.000186801 -0.689579798 0.724208040
166.284100000 88.122791197 -20.490026489 5.426081516 -0.003750049 0.000884473 -0.691990037 0.721896768
166.387900000 88.120742886 -21.355234672 5.445044746 -0.005398452 0.003207793 -0.695936229 0.718076133
166.491400000 88.125252045 -22.236964023 5.550934771 -0.001903953 -0.001093396 -0.700343392 0.713802712
166.595200000 88.187526533 -23.116475673 5.555177875 0.000582653 -0.002676427 -0.704922115 0.709279430
166.698800000 88.167616268 -24.138361734 5.552706413 0.002150897 -0.002563794 -0.708351362 0.705852073
166.802500000 88.156214195 -24.941681810 5.549357083 0.001916372 -0.003183867 -0.712976755 0.701177822
166.906100000 88.085167859 -25.789773657 5.599276094 0.001614706 -0.002702516 -0.717285883 0.696771878
167.009900000 88.075982845 -26.560563581 5.576877581 0.001314029 -0.002249551 -0.721418670 0.692494271
167.113500000 88.077825672 -27.373140310 5.576933619 0.002049563 -0.001975955 -0.726017599 0.687670227
167.217100000 87.993194647 -28.248599814 5.523320212 0.002742542 -0.003065148 -0.730364053 0.683045703
167.320700000 87.930412203 -29.034138162 5.599775669 0.003753533 -0.003102610 -0.734030643 0.679098888
167.424400000 87.859502603 -29.924025785 5.648887419 0.003802695 -0.003747266 -0.736518053 0.676396818
167.528000000 87.780573189 -30.812558556 5.640667518 0.003073336 -0.003941603 -0.738498402 0.674236701
167.631600000 87.693380093 -31.647302137 5.679302624 0.001898791 -0.003298659 -0.739088078 0.673598045
167.735200000 87.624183792 -32.446882247 5.648650623 0.001404717 -0.005207292 -0.740284288 0.672272328
167.838800000 87.566397526 -33.177631738 5.668357917 0.001301547 -0.006102016 -0.740547576 0.671974969
167.942300000 87.468449063 -34.007017778 5.661538333 0.001090842 -0.006849561 -0.740171493 0.672382372
168.045900000 87.373572685 -34.928201941 5.670804904 -0.000474903 -0.005525295 -0.739905480 0.672687985
168.149600000 87.327843719 -35.870493201 5.719417204 0.002155326 -0.007266965 -0.739132993 0.673516862
168.253200000 87.269326849 -36.744231842 5.713626486 0.003811241 -0.006582256 -0.738177491 0.674563667
168.356800000 87.215403030 -37.697153632 5.692031359 0.005186565 -0.007590885 -0.736834600 0.676010540
168.460400000 87.171992750 -38.590636357 5.694108648 0.002571260 -0.003859936 -0.736584594 0.676329524
168.564100000 87.051587210 -39.449834892 5.702232680 0.003053102 -0.003387615 -0.736073024 0.676886775
168.667700000 86.956067810 -40.409804234 5.717789460 0.002464107 -0.004806379 -0.736139044 0.676808788
168.771500000 86.861801994 -41.366956601 5.775764395 0.000580081 -0.002851122 -0.737804602 0.675008077
168.875200000 86.833315511 -42.242873543 5.805259827 0.000195469 -0.003569271 -0.740254529 0.672317227
168.979000000 86.790930561 -43.099131413 5.807833221 -0.000249084 -0.004159817 -0.744435689 0.667681166
169.082700000 86.700184930 -44.087525652 5.774731096 -0.002577080 -0.002645661 -0.749387997 0.662120826
169.186400000 86.526594294 -45.112462065 5.845320939 -0.005429601 -0.001297262 -0.753416222 0.657520215
169.290200000 86.410351444 -46.038825531 5.919878645 -0.005944569 -0.001651018 -0.758278142 0.651901983
169.393800000 86.217863211 -46.944970354 5.876815242 -0.005703178 -0.001019926 -0.765273472 0.643679227
169.497600000 85.968120764 -47.779070832 5.808473350 -0.002799709 -0.000788727 -0.771966066 0.635657087
169.601300000 85.761237114 -48.544397120 5.810484641 0.000025517 -0.001027182 -0.779870718 0.625939779
169.704900000 85.612918866 -49.291320763 5.790173752 -0.000155456 -0.002383017 -0.787316321 0.616544652
169.808700000 85.466129406 -50.047597927 5.869546212 0.000899591 -0.003328639 -0.793196323 0.608956241
169.912200000 85.245774806 -50.939619418 5.848116743 0.001674987 -0.004283615 -0.799323586 0.600883224
170.016000000 84.969098225 -51.756253512 5.854266922 0.003334985 -0.005230075 -0.805485758 0.592582667
170.119600000 84.707598725 -52.485591828 5.870413904 0.005173712 -0.007022555 -0.810819117 0.585231814
170.223200000 84.408783375 -53.325037698 5.905432322 0.004776826 -0.007895569 -0.815089458 0.579261614
170.326700000 84.146212847 -54.237174252 5.880668520 0.006911526 -0.008850641 -0.819001002 0.573682190
170.430300000 83.855274218 -55.089238382 5.783478544 0.009254866 -0.008345130 -0.822268134 0.568963814
170.533900000 83.596150276 -55.904140026 5.754280655 0.012980081 -0.005844494 -0.824329731 0.565930962
170.637500000 83.230299524 -56.753388027 5.685512961 0.016389229 -0.005428589 -0.825750085 0.563771870
170.740900000 82.916561697 -57.570246392 5.791406289 0.014860311 -0.006285040 -0.825676141 0.563913628
170.844500000 82.605831561 -58.425121590 5.864149471 0.011429355 -0.009430054 -0.824653732 0.565443778
170.948100000 82.282254376 -59.267276465 5.895198302 0.009902106 -0.013894364 -0.824388941 0.565766532
171.051500000 81.932880583 -60.128484538 5.891614390 0.008458662 -0.014720199 -0.824744677 0.565250374
171.155100000 81.602866963 -60.965707230 5.863045715 0.007155424 -0.012284301 -0.825365397 0.564419931
171.258900000 81.322125595 -61.797534423 5.827936028 0.008951390 -0.009962595 -0.825463183 0.564297043
171.362500000 80.990894008 -62.559793204 5.843401347 0.010710911 -0.008856022 -0.826168943 0.563251032
171.466100000 80.591743915 -63.472223159 5.826783001 0.011441292 -0.007627697 -0.827483720 0.561321306
171.569900000 80.278938053 -64.337002258 5.822488528 0.011047865 -0.007702996 -0.830422071 0.556971985
171.673500000 79.939184911 -65.198580999 5.827830209 0.010456190 -0.007715563 -0.833983123 0.551636918
171.777300000 79.517952522 -66.024080398 5.919221363 0.009902797 -0.009257572 -0.837532138 0.546219872
171.880900000 79.058259096 -66.881747363 5.873366102 0.007056786 -0.006463479 -0.841698878 0.539862412
171.984400000 78.702791650 -67.804648289 5.886642622 0.006843828 -0.010321527 -0.846128672 0.532834776
172.088100000 78.350610286 -68.637516357 5.938475007 0.003157195 -0.010569990 -0.850397282 0.526025446
172.191700000 77.906823681 -69.488833791 5.929369074 0.002075464 -0.014255435 -0.853720087 0.520532889
172.295300000 77.462962337 -70.290897570 5.898556200 0.001615120 -0.013670934 -0.855993988 0.516802466
172.398800000 76.975568965 -71.232916364 5.905839555 0.004911789 -0.013166826 -0.857055442 0.515032502
172.502400000 76.489501033 -72.078143107 5.984599590 0.008112517 -0.015235364 -0.857534374 0.514137013
172.605900000 75.930466756 -72.957518421 5.992733621 0.009637742 -0.016225363 -0.858447455 0.512554210
172.709500000 75.524876868 -73.847207042 5.956461741 0.010687848 -0.018620326 -0.858276781 0.512737770
172.813100000 75.080814114 -74.699614257 5.970541059 0.013410770 -0.021049865 -0.858584068 0.512064892
172.916700000 74.628551582 -75.576674140 6.012752826 0.012223070 -0.019499277 -0.858999982 0.511458117
173.020200000 74.162831358 -76.467000529 6.015558016 0.011308964 -0.017739291 -0.859241831 0.511136871
173.123800000 73.651339496 -77.337364329 6.044540365 0.011019381 -0.019510613 -0.860285027 0.509320706
173.227600000 73.158159992 -78.272062208 6.030868785 0.009313621 -0.015532475 -0.861503321 0.507428839
173.331300000 72.674516569 -79.161904405 6.051446468 0.007732596 -0.011564217 -0.863204119 0.504663377
173.434900000 72.214716885 -79.935388690 6.047630514 0.007877415 -0.009606951 -0.865647519 0.500499776
173.538700000 71.803687297 -80.759919699 6.046833041 -0.007803574 0.006931372 0.868727725 -0.495179968
173.642400000 71.297603017 -81.597873407 6.028851438 -0.009308339 0.006361119 0.871370812 -0.490495464
173.746000000 70.784680373 -82.401768793 6.015686351 -0.008039620 0.005017776 0.874525087 -0.484887676
173.849800000 70.193847054 -83.189938988 6.017324019 -0.008759634 0.005911011 0.878449895 -0.477717605
173.953400000 69.697538479 -84.016994364 6.011154721 -0.010794539 0.008003895 0.881911653 -0.471223144
174.057100000 69.238742942 -84.850830780 6.005374826 -0.011196750 0.010424788 0.885390458 -0.464596269
174.160700000 68.659907906 -85.565174357 5.981943650 -0.007845645 0.008455686 0.888711497 -0.458321745
174.264500000 68.065379913 -86.364048691 5.935044831 -0.006496768 0.007772005 0.892279848 -0.451369096
174.368100000 67.574403421 -87.072326434 5.957844616 -0.006128748 0.005314012 0.895956126 -0.444068486
174.471700000 66.976741685 -87.817303626 6.018256973 -0.007689368 0.006365796 0.899342188 -0.437131534
174.575300000 66.384034470 -88.534528122 6.044849212 -0.009356702 0.006833254 0.902423208 -0.430694919
174.678900000 65.858672338 -89.236880846 6.017882565 -0.010137155 0.007574365 0.905307967 -0.424567253
174.782600000 65.198600071 -89.978215573 6.036408267 -0.010798084 0.008636801 0.907800217 -0.419174871
174.886200000 64.603940688 -90.607912551 6.060972142 -0.011130958 0.009172167 0.909637110 -0.415153348
174.989800000 63.951466257 -91.323210352 6.005393694 -0.011345858 0.010726415 0.910561493 -0.413078664
175.093400000 63.375083978 -92.002169808 5.976456534 -0.012563798 0.012776915 0.911086326 -0.411825945
175.196900000 62.780840495 -92.649532651 5.940099551 -0.012210504 0.012622957 0.911438243 -0.411061910
175.300400000 62.220751421 -93.261175353 5.934486899 -0.013209358 0.015256869 0.911124553 -0.411636720
175.404000000 61.625860008 -93.981766780 5.953965418 -0.013601999 0.015261684 0.910433066 -0.413150939
175.507600000 61.091824016 -94.598764446 5.975699900 -0.014874379 0.016568171 0.909685731 -0.414700035
175.611100000 60.590442583 -95.238707663 5.965427987 -0.015120439 0.016602579 0.908378207 -0.417546117
175.714700000 60.082152073 -95.811737985 5.972771128 -0.014286510 0.015949438 0.906675688 -0.421284591
175.818300000 59.531744915 -96.406146147 5.993842149 -0.015063414 0.016927105 0.905261551 -0.424250034
175.921900000 59.042875905 -97.043398757 6.023438643 -0.014472329 0.014561407 0.903825730 -0.427407963
176.025700000 58.579176483 -97.650121983 6.038163295 -0.015224988 0.015971035 0.902487134 -0.430151251
176.129300000 58.170835161 -98.203593746 6.056041428 -0.016155270 0.017233417 0.901523572 -0.432084789
176.233100000 57.802715246 -98.765229457 6.075718282 -0.016240923 0.016683149 0.900665965 -0.433887916
176.336700000 57.382735592 -99.301774855 6.054471303 -0.014107460 0.016532526 0.900256939 -0.434816166
176.440400000 56.920813636 -99.883493836 6.084338879 -0.013127837 0.017960306 0.900655650 -0.433963693
176.544100000 56.476708785 -100.370176285 6.133291187 -0.010973004 0.019825433 0.901636129 -0.431901421
176.647800000 56.011174662 -100.866089293 6.127256624 -0.010408037 0.019583337 0.902871503 -0.429338112
176.751400000 55.519131958 -101.413568432 6.105436500 -0.011326488 0.018970307 0.903948992 -0.427069150
176.855100000 55.112755195 -101.980761178 6.053739610 -0.014517170 0.017882595 0.905111174 -0.424550618
176.958700000 54.759863033 -102.499485196 6.021747797 -0.018565869 0.016922657 0.906110736 -0.422294053
177.062500000 54.373160550 -103.031085252 6.034707390 -0.018697571 0.015033846 0.907272438 -0.419858437
177.166100000 53.969893956 -103.473808680 6.059957255 -0.016896255 0.015065480 0.908496919 -0.417277960
177.269700000 53.564767619 -104.006702998 6.063434266 -0.014776352 0.015883714 0.909425612 -0.415300401
177.373400000 53.092843583 -104.558470130 6.111693017 -0.012660115 0.015657409 0.910107246 -0.413883279
177.477100000 52.627228610 -105.078706102 6.063003426 -0.011648700 0.014318487 0.910631046 -0.412807929
177.580700000 52.144468119 -105.516292407 6.081758079 -0.010845333 0.013949948 0.910861616 -0.412333475
177.684300000 51.682726498 -106.059235074 6.043178670 -0.010449473 0.014005852 0.911156064 -0.411690748
177.787900000 51.218739389 -106.600648945 6.045745614 -0.009841933 0.014089380 0.911077311 -0.411877116
177.891500000 50.761332195 -107.162734553 6.044716285 -0.012701489 0.012597403 0.910713783 -0.412650438
177.995100000 50.259027245 -107.702710712 6.044077227 -0.015913321 0.012240845 0.909714741 -0.414748139
178.098700000 49.767646474 -108.267593034 6.001137413 -0.017989810 0.011454479 0.908367765 -0.417628023
178.202400000 49.301164088 -108.814296861 6.004827314 -0.018698529 0.012028586 0.906503425 -0.421612640
178.305900000 48.799116165 -109.377497907 6.013784580 -0.017508677 0.010827286 0.904640947 -0.425677076
178.409600000 48.395887375 -109.994942318 5.980902368 -0.015871267 0.009625303 0.902661384 -0.429951023
178.513200000 47.921424751 -110.645859641 5.978225314 -0.014578983 0.007041870 0.901013100 -0.433489630
178.616800000 47.458796651 -111.263638565 5.957137325 -0.013425277 0.004167858 0.899587472 -0.436514343
178.720600000 47.039101679 -111.875034911 5.972216773 -0.009503093 0.001825946 0.898479641 -0.438908523
178.824300000 46.611698309 -112.550884102 5.929917824 -0.004639343 -0.000276576 0.897825560 -0.440326769
178.927900000 46.132503455 -113.222983910 5.861752790 -0.000446352 -0.002284731 0.897366843 -0.441279197
179.031700000 45.575662490 -113.890227204 5.861226048 -0.000550733 -0.002499632 0.896661337 -0.442709720
179.135300000 45.018075583 -114.531768248 5.916315990 -0.001697971 -0.002753094 0.896287876 -0.443460913
179.239000000 44.516422833 -115.219334810 5.912334715 -0.003194757 -0.003745289 0.895908595 -0.444211160
179.342600000 44.013780637 -115.909608180 5.874102878 -0.004286595 -0.004053107 0.895768283 -0.444482150
179.446400000 43.519141743 -116.576979708 5.894849944 -0.004416906 -0.002492422 0.895819317 -0.444389504
179.550100000 42.971929720 -117.270159950 5.942569206 -0.003872605 -0.000452016 0.896266317 -0.443499141
179.653700000 42.392450414 -117.992212552 5.890046039 -0.003311689 -0.000673458 0.896796732 -0.442429883
179.757400000 41.826650557 -118.747616398 5.901912922 -0.004444267 -0.000913445 0.897329128 -0.441338703
179.861100000 41.289600372 -119.431525210 5.883079880 -0.007029568 0.000313305 0.897641514 -0.440670172
179.964700000 40.739173083 -120.204812130 5.860694464 -0.008546700 0.002056888 0.897911981 -0.440087261
180.068300000 40.225930544 -120.936351804 5.890430074 -0.007254381 -0.000323194 0.898360147 -0.439199631
180.171900000 39.668850885 -121.704287501 5.872170609 -0.005831811 -0.001037963 0.898892438 -0.438129316
180.275500000 39.024510313 -122.461576158 5.850484872 -0.006610769 -0.001191015 0.899242355 -0.437399208
180.379200000 38.421616286 -123.176801803 5.793990350 -0.010353753 0.002064486 0.899359531 -0.437082339
180.482800000 37.779722047 -123.983302505 5.808362767 -0.011908360 -0.003151908 0.899396784 -0.436959587
180.586400000 37.221961746 -124.779365221 5.781794642 -0.013505923 -0.005459687 0.899201644 -0.437291877
180.690000000 36.677737914 -125.664624920 5.782731112 -0.011321267 -0.007909522 0.899140066 -0.437443037
180.793500000 36.036978984 -126.424918978 5.831785308 -0.007356162 -0.012650374 0.899257651 -0.437174487
180.897100000 35.404613839 -127.181916896 5.839788631 -0.004854263 -0.014257185 0.898843226 -0.438011442
181.000700000 34.813249073 -127.901146154 5.813604368 -0.003968854 -0.014363918 0.898245636 -0.439241054
181.104300000 34.203671744 -128.597399356 5.808491158 -0.005252326 -0.012137234 0.897580544 -0.440652094
181.207800000 33.648864094 -129.388718466 5.821672207 -0.007028998 -0.010178934 0.897040828 -0.441774530
181.311500000 33.011544234 -130.185864545 5.825562204 -0.007819067 -0.008691259 0.896317083 -0.443259530
181.415100000 32.442441048 -130.928073920 5.793628399 -0.008019837 -0.005163270 0.895428444 -0.445103273
181.518700000 31.885888024 -131.696632240 5.790960654 -0.008157782 -0.002493553 0.894625182 -0.446735958
181.622400000 31.323057582 -132.443766560 5.778004580 -0.007678078 -0.003079838 0.894964195 -0.446061264
181.726000000 30.803208606 -133.191007072 5.795914177 -0.007873812 -0.004631192 0.895072363 -0.445827344
181.829800000 30.267988257 -133.972458938 5.753797469 -0.009410406 -0.007382400 0.895159237 -0.445586002
181.933500000 29.656670381 -134.718936906 5.768073459 -0.011439141 -0.007668637 0.895438349 -0.444972473
182.037100000 29.100120369 -135.458079488 5.746227252 -0.011673237 -0.009371592 0.895846603 -0.444111217
182.140900000 28.544389821 -136.253105586 5.779807312 -0.010905066 -0.008854238 0.896150075 -0.443528720
182.244500000 28.003778942 -136.997937421 5.657440687 -0.008751075 -0.012359112 0.896817837 -0.442140746
182.348100000 27.444345010 -137.679919008 5.677577599 -0.007397627 -0.011208246 0.897775154 -0.440249274
182.451800000 26.889914279 -138.465150755 5.699841101 -0.005034646 -0.011094343 0.898324440 -0.439163715
182.555500000 26.306000093 -139.169242222 5.712336420 -0.001814171 -0.010115444 0.898423977 -0.439008820
182.659200000 25.708246131 -139.850492755 5.696817190 -0.001723151 -0.008313628 0.899038977 -0.437786287
182.762800000 25.089896121 -140.603851245 5.712414256 -0.005411648 -0.005701345 0.899369397 -0.437118858
182.866500000 24.494897870 -141.380895689 5.632227855 -0.009176270 -0.006504946 0.899589814 -0.436590939
182.970200000 23.984489978 -142.148223179 5.682752037 -0.010513768 -0.004000473 0.899038808 -0.437724433
183.073800000 23.420708020 -142.868240133 5.677126891 -0.009179814 -0.003027355 0.898961486 -0.437921013
183.177400000 22.809309264 -143.541191104 5.682758023 -0.007751502 0.000957262 0.899229051 -0.437408403
183.281000000 22.319303964 -144.264805116 5.674981496 -0.004958827 -0.000624475 0.899178627 -0.437553216
183.384600000 21.706149252 -145.030510841 5.681490658 -0.004851793 -0.005259396 0.899308386 -0.437256476
183.488400000 21.192405100 -145.737440027 5.682007150 -0.007653236 -0.006670362 0.899394177 -0.437020650
183.592000000 20.723039022 -146.367291951 5.686392625 -0.011112891 -0.002063761 0.899476157 -0.436823634
183.695600000 20.169747913 -147.029872848 5.714186058 -0.006839834 -0.003903346 0.900652327 -0.434469063
183.799300000 19.630948901 -147.651681563 5.716366684 -0.001520090 -0.004590093 0.901360250 -0.433043092
183.903000000 19.167810794 -148.304640618 5.730613328 -0.000493031 0.001064990 0.902330927 -0.431042366
184.006700000 18.572041718 -148.897297305 5.698710461 -0.006287943 0.002396445 0.903605720 -0.428312295
184.110400000 18.001495928 -149.505471571 5.716481388 -0.009788089 -0.003034225 0.904160900 -0.427069144
184.214100000 17.512741947 -150.061745415 5.667406329 -0.012588019 -0.004364119 0.905493618 -0.424150685
184.317800000 17.029287783 -150.644819388 5.701516376 -0.012279532 -0.001824396 0.906833042 -0.421307155
184.421500000 16.641505742 -151.213623889 5.702191100 -0.010106822 0.002783085 0.907654306 -0.419587616
184.525200000 16.171745358 -151.688675031 5.698012929 -0.006685073 0.004296598 0.908845382 -0.417057455
184.628800000 15.692752216 -152.200521367 5.708724284 -0.005692942 0.005498551 0.909521506 -0.415581503
184.732400000 15.286717406 -152.595659866 5.763458123 -0.004523710 0.003421213 0.909161036 -0.416406103
184.836000000 14.901020333 -153.041517401 5.821243132 -0.006415495 0.005824663 0.907701712 -0.419526539
184.939500000 14.528308392 -153.432992197 5.902676347 -0.007732065 0.005879983 0.904474265 -0.426417571
185.042900000 14.159299923 -153.935335699 5.857022188 -0.009127660 0.009441710 0.900127262 -0.435429044
185.146200000 13.848879153 -154.401551927 5.854916922 -0.010581370 0.013698940 0.893412349 -0.448903941
185.249500000 13.536997968 -154.869393082 5.818065914 -0.008720984 0.014414884 0.885035555 -0.465218466
185.352800000 13.202943143 -155.437877420 5.852289858 -0.010812280 0.015052257 0.876345791 -0.481325856
185.456200000 12.878136862 -155.966562548 5.837177664 0.011695475 -0.015692072 -0.865531223 0.500472454
185.559600000 12.719335714 -156.500238927 5.808057876 0.010425167 -0.014273882 -0.854582596 0.519014604
185.663100000 12.482153385 -156.974280345 5.876815323 0.007628978 -0.013700944 -0.842773523 0.538039842
185.766500000 12.206913641 -157.430810392 5.908054676 0.004751155 -0.014247556 -0.830643912 0.556601406
185.870000000 12.052763673 -157.986223666 5.938455782 0.002033133 -0.014983168 -0.818301268 0.574590642
185.973600000 11.960743794 -158.564016405 5.916670895 0.000894069 -0.016136239 -0.806085843 0.591577921
186.077300000 11.930355398 -159.138384995 5.986423161 0.000470050 -0.013483343 -0.793278934 0.608708889
186.180900000 11.698112836 -159.730326953 6.012470983 0.000108989 -0.010316078 -0.779382870 0.626463015
186.284600000 11.593975888 -160.295324300 6.000071324 0.002371219 -0.010525255 -0.767657771 0.640769181
186.388400000 11.526826142 -160.936866970 6.002157368 0.002426542 -0.007902300 -0.756299903 0.654172853
186.492100000 11.495390559 -161.533415505 5.959658551 0.002941637 -0.005776603 -0.746449474 0.665410521
186.595900000 11.485577946 -162.095417071 5.967434147 0.001540940 -0.003977304 -0.738179142 0.674591255
186.699700000 11.452736523 -162.740476213 5.936412720 0.000268441 0.000163412 -0.731650081 0.681680321
186.803600000 11.537659452 -163.362841123 5.897042911 -0.000564302 -0.000281343 -0.726600917 0.687059466
186.907600000 11.527631891 -164.013192507 5.937200562 -0.003816098 0.002956078 -0.723942513 0.689843414
187.011400000 11.523542201 -164.686910198 5.936041054 -0.005491811 0.002748933 -0.722453659 0.691392070
187.115300000 11.563537112 -165.341227640 5.902456328 -0.006490133 0.001149355 -0.721641757 0.692235315
187.219300000 11.511029140 -166.016400260 5.944213102 -0.007712470 0.001863987 -0.721360346 0.692514472
187.323200000 11.411443823 -166.673865039 5.965980241 -0.005400331 0.002329100 -0.722933991 0.690892073
187.427000000 11.387308123 -167.335218834 5.943179401 -0.005114018 0.005278314 -0.724699066 0.689026305
187.530800000 11.366354192 -167.996264724 5.987483100 -0.005635299 0.005974357 -0.727580653 0.685972991
187.634600000 11.344832832 -168.627100629 5.951579657 -0.009447431 0.004226939 -0.729762033 0.683622889
187.738400000 11.371693741 -169.316925820 5.979432919 -0.012059255 0.001670423 -0.731581695 0.681645074
187.842100000 11.302995026 -169.944052008 6.018548515 -0.013193149 -0.000737114 -0.733020658 0.680078020
187.945800000 11.175814607 -170.633630953 6.067079504 -0.011831364 -0.000479730 -0.736033538 0.676841502
188.049500000 11.168475956 -171.353154160 6.029954195 -0.007381859 -0.001145943 -0.739079358 0.673576942
188.153200000 11.106983579 -172.085042276 6.019055665 -0.003215928 -0.004070283 -0.741111643 0.671361768
188.256800000 10.961034186 -172.946422212 6.045204029 0.001482774 -0.007869402 -0.744122577 0.667995108
188.360400000 10.948813829 -173.664864454 6.055002584 -0.000125091 -0.007923148 -0.745561239 0.666390012
188.464100000 10.870391080 -174.328329423 6.094561239 -0.005263329 -0.006252494 -0.746649491 0.665167453
188.567800000 10.762857825 -175.015950462 6.125917640 -0.003223368 -0.007438788 -0.747874416 0.663790730
188.671400000 10.683963360 -175.655552235 6.131177205 -0.001165717 -0.007911660 -0.748423102 0.663173361
188.775000000 10.612137916 -176.378964858 6.108121799 -0.003067778 -0.006933713 -0.748541160 0.663044979
188.878600000 10.611092003 -177.130044783 6.126266780 -0.001553118 -0.006082838 -0.747704849 0.664001541
188.982200000 10.529263358 -177.982019571 6.138170899 0.001725274 -0.009182259 -0.747546697 0.664143543
189.086000000 10.514907119 -178.703330492 6.140156566 0.000972795 -0.008645282 -0.747115035 0.664637824
189.189600000 10.473396286 -179.442044408 6.118096583 -0.002466791 -0.004382170 -0.746741768 0.665095063
189.293400000 10.362744086 -180.207531594 6.119168379 -0.001248463 -0.005949349 -0.746276433 0.665608393
189.397100000 10.186020586 -180.948424826 6.111210698 0.001571963 -0.006025767 -0.745644997 0.666314309
189.500600000 10.091418531 -181.702173800 6.117421688 0.002920042 -0.004465880 -0.745611302 0.666359749
189.604300000 10.066244879 -182.445372033 6.077644154 0.000626167 -0.003406114 -0.745667003 0.666309782
189.708000000 9.963694172 -183.110519518 6.236341692 -0.001716829 -0.003992091 -0.745693889 0.666274523
189.811700000 9.858084802 -184.069508408 6.220246843 -0.003325171 -0.004462166 -0.745769735 0.666180557
189.915400000 9.763238132 -184.952551937 6.174861395 -0.005626976 -0.004865778 -0.745900458 0.666015892
190.019100000 9.693225348 -185.726021443 6.163902368 -0.005354431 -0.003217846 -0.745744363 0.666202913
190.122800000 9.565513179 -186.494795936 6.208305024 -0.003909659 -0.002753136 -0.745783246 0.666171514
190.226600000 9.510607453 -187.250131549 6.260512483 -0.004376180 -0.002409211 -0.745598974 0.666376181
190.330300000 9.492221680 -188.057038074 6.254734782 -0.006359121 -0.004170479 -0.745641497 0.666303930
190.434000000 9.353235992 -188.814351001 6.301770730 -0.007513500 -0.004652734 -0.746647204 0.665161524
190.537700000 9.214725168 -189.612037225 6.342514553 -0.007972850 -0.005281939 -0.747431229 0.664270347
190.641300000 9.100856710 -190.414609085 6.351071616 -0.008731582 -0.005600209 -0.748888247 0.662615115
190.745100000 9.057092374 -191.190100825 6.300365068 -0.007611793 -0.006809881 -0.749513582 0.661910172
190.848700000 9.003061975 -191.992016143 6.338121606 -0.004071896 -0.008980031 -0.750934294 0.660303313
190.952400000 8.893110528 -192.830960899 6.380739448 -0.000399050 -0.010023028 -0.751411398 0.659757752
191.056100000 8.748346382 -193.720147947 6.279955456 -0.002279424 -0.008304608 -0.751262596 0.659947232
191.159800000 8.630488857 -194.572316941 6.300906641 -0.000977529 -0.009113554 -0.751474190 0.659698817
191.263600000 8.523502871 -195.402729750 6.343324452 0.000292117 -0.010729643 -0.751936830 0.659147778
191.367200000 8.378789645 -196.270865630 6.350282889 -0.000794336 -0.009866687 -0.751549407 0.659602536
191.470800000 8.358202445 -197.037457292 6.379930475 0.000223409 -0.011012734 -0.751275010 0.659897362
191.574300000 8.280785216 -197.844322331 6.399937717 0.001759938 -0.013140064 -0.751233807 0.659903030
191.678000000 8.143695288 -198.677234063 6.388332989 0.001379703 -0.011846205 -0.749517742 0.661876815
191.781600000 8.024574459 -199.515596218 6.367701103 0.002671458 -0.013262344 -0.747319633 0.664326982
191.885200000 7.939018231 -200.311161986 6.381891278 0.005213025 -0.015358380 -0.746727360 0.664932474
191.989000000 7.843687559 -201.153844525 6.466734265 0.001454183 -0.014536199 -0.746547047 0.665172227
192.092600000 7.730866045 -201.991498487 6.556335684 -0.006858817 -0.011480007 -0.745972503 0.665842467
192.196500000 7.739891256 -202.803786086 6.564539342 -0.007223684 -0.012195518 -0.746130217 0.665649147
192.299800000 7.671119833 -203.712884807 6.552254540 -0.001129367 -0.013319641 -0.745726235 0.666118379
192.403400000 7.589983213 -204.534459776 6.405816592 0.002620171 -0.012209862 -0.746279007 0.665516114
192.507200000 7.450580732 -205.394752306 6.455476411 0.003985754 -0.010346760 -0.746943328 0.664795249
192.610800000 7.375350234 -206.189764074 6.581447754 -0.000339480 -0.010003936 -0.747490180 0.664197438
192.714400000 7.298373100 -207.020103218 6.655068641 -0.005057091 -0.007032152 -0.747303074 0.664426889
192.818000000 7.173459229 -207.843944248 6.670479110 -0.008184514 -0.004840640 -0.747225186 0.664502899
192.921800000 7.120862566 -208.791435258 6.642314493 -0.006698173 -0.003247852 -0.747569898 0.664141426
193.025400000 7.065866883 -209.654594566 6.663230161 -0.005134236 -0.000724126 -0.748291783 0.663349473
193.129000000 6.924777779 -210.496516338 6.637596439 -0.003887936 0.000044167 -0.747847173 0.663859539
193.232700000 6.772699616 -211.328699743 6.723859054 -0.003169540 -0.001614141 -0.747916688 0.663783080
193.336300000 6.658459550 -212.250048680 6.719294067 -0.004816340 -0.003742026 -0.747718072 0.663988317
193.440100000 6.572758608 -213.134304063 6.711775962 -0.005171935 -0.006730877 -0.747468957 0.664242504
193.543800000 6.504271029 -213.993416861 6.744009482 -0.004492720 -0.006925327 -0.747308096 0.664426418
193.647400000 6.367698158 -214.812317384 6.741703270 -0.000097555 -0.009559001 -0.747209452 0.664519864
193.751100000 6.283981035 -215.633656345 6.774998184 0.001491573 -0.007166453 -0.746905775 0.664889600
193.854700000 6.239000172 -216.539292712 6.812305844 -0.000477238 -0.004947726 -0.746658071 0.665189459
193.958400000 6.155989097 -217.416217299 6.876332656 -0.003979696 -0.001433828 -0.746222208 0.665683500
194.062000000 6.066672387 -218.379543293 6.847684896 -0.003982515 -0.000712533 -0.746509318 0.665362660
194.165600000 5.928838820 -219.271997521 6.857423090 -0.004093140 -0.001012487 -0.747702271 0.664020734
194.269300000 5.866520983 -220.137484676 6.861401133 -0.003480931 -0.001050633 -0.748358912 0.663284040
194.372900000 5.739835583 -221.025042873 6.877585545 -0.003846103 -0.000826610 -0.748565804 0.663048838
194.476500000 5.611680434 -221.913487515 6.849767147 -0.003178187 -0.000524421 -0.749634965 0.661843670
194.580200000 5.497503865 -222.872002893 6.869222262 -0.004227242 -0.000158189 -0.750109572 0.661300035
194.683800000 5.379694098 -223.841328693 6.961128382 -0.002849117 -0.005147318 -0.750270589 0.661104705
194.787700000 5.267443120 -224.828100405 6.963064880 -0.005344295 -0.004298101 -0.750749024 0.660551941
194.891300000 5.096887858 -225.737849054 6.963599804 -0.004558487 -0.002229034 -0.752009845 0.659132342
194.995100000 4.992124024 -226.688076690 6.951963776 -0.005508356 0.004047852 -0.752424496 0.658643037
195.098800000 4.931511487 -227.534290478 6.946483431 -0.005712889 0.006705699 -0.753457712 0.657437353
195.202600000 4.886182045 -228.450449220 7.018403031 -0.006963953 0.007745829 -0.753756926 0.657070774
195.306300000 4.743175208 -229.259711105 7.068682929 -0.010367259 0.009452935 -0.753436797 0.657370638
195.409900000 4.596626983 -230.061402622 7.071649553 -0.011024999 0.005789403 -0.753471461 0.657362677
195.513600000 4.517043556 -230.876782634 7.089017468 -0.011034056 0.002077564 -0.753741002 0.657075670
195.617300000 4.331040362 -231.822118503 7.095601512 -0.010431549 0.000658835 -0.753725301 0.657106475
195.721000000 4.210150653 -232.719476941 7.075423128 -0.007626065 0.000935801 -0.753137127 0.657818694
195.824700000 4.134120264 -233.641431026 7.083369173 -0.007034399 0.000831972 -0.752057387 0.659059566
195.928500000 4.057880040 -234.418232894 7.118376425 -0.009724865 0.001213581 -0.751523248 0.659633809
196.032100000 3.967385129 -235.268811794 7.147471399 -0.014512475 0.002566514 -0.751069318 0.660058846
196.135900000 3.838352217 -236.180846872 7.180480205 -0.012923392 0.004602728 -0.749864601 0.661449076
196.239700000 3.744995796 -237.086795711 7.151174276 -0.007395558 0.004720609 -0.748532171 0.663040429
196.343400000 3.652210866 -237.971762906 7.180995960 -0.011975574 0.008440140 -0.748039177 0.663492833
196.447200000 3.589253375 -238.796783374 7.236770478 -0.013005931 0.003975237 -0.747438253 0.664192066
196.551000000 3.474781662 -239.579262501 7.263431264 -0.014878379 0.002380724 -0.747246121 0.664376550
196.654800000 3.348192133 -240.364306109 7.292220038 -0.015922998 0.004833951 -0.746611764 0.665051852
196.758400000 3.285375947 -241.270078000 7.315580064 -0.011391649 0.005583009 -0.745983447 0.665843643
196.862100000 3.215235257 -242.203305591 7.307739804 -0.010071530 0.006848816 -0.744990980 0.666963340
196.965800000 3.129222153 -242.991039148 7.327740225 -0.008500651 0.005656497 -0.744477203 0.667569799
197.069400000 3.038357130 -243.822766653 7.373935985 -0.009712088 0.006012523 -0.743210397 0.668960261
197.173100000 2.972173064 -244.639138416 7.379017173 -0.009938553 0.005382615 -0.743163829 0.669014033
197.276900000 2.902793080 -245.414776908 7.396731296 -0.009826159 0.004776875 -0.742846560 0.669372554
197.380500000 2.818154395 -246.199248441 7.413886470 -0.009514939 0.004687701 -0.742295830 0.669988352
197.484100000 2.681193930 -247.013355302 7.426442873 -0.008566669 0.007733455 -0.742410038 0.669846357
197.587800000 2.681828039 -247.788013781 7.390760257 -0.005946793 0.007803648 -0.742280348 0.670017629
197.691400000 2.614735369 -248.471194336 7.452903186 -0.005368978 0.006018015 -0.742233794 0.670092496
197.795200000 2.556671209 -249.229855754 7.515333528 -0.007306986 0.007035681 -0.742456101 0.669817919
197.898800000 2.513851577 -249.971939075 7.503908163 -0.009336760 0.005303213 -0.742437688 0.669829068
198.002200000 2.355433032 -250.689395768 7.518186272 -0.009984019 0.003914519 -0.742801190 0.669426163
198.106200000 2.241800768 -251.336816664 7.533806071 -0.008765690 0.002567722 -0.743452602 0.668726251
198.209500000 2.212606487 -252.046860214 7.538466214 -0.007294277 0.001364155 -0.745123558 0.666885159
198.313100000 2.182236536 -252.769806690 7.566593332 -0.008192618 0.002670254 -0.747276280 0.664457608
198.416900000 2.113907838 -253.409566317 7.606424178 -0.008727130 0.002620960 -0.750041901 0.661327540
198.520500000 2.020081760 -254.051367558 7.662052790 -0.006347542 -0.001031545 -0.753859855 0.657003777
198.624100000 1.882945432 -254.673846240 7.693589631 -0.006775133 -0.001217062 -0.757238984 0.653101629
198.727700000 1.809834168 -255.342729761 7.696344312 -0.004898887 -0.001724143 -0.761659059 0.647957179
198.831300000 1.686654395 -255.917341101 7.729839649 -0.002461746 -0.001720956 -0.766189858 0.642607252
198.935000000 1.539165961 -256.512030958 7.691239802 -0.000749295 -0.001561989 -0.770008129 0.638031723
199.038600000 1.428133034 -257.017324399 7.665655129 -0.001220911 0.001093916 -0.773578142 0.633698802
199.142200000 1.252725466 -257.681640360 7.645899442 0.000255905 0.000952446 -0.777440525 0.628955687
199.245700000 1.101182465 -258.264715443 7.616463373 0.002441743 -0.001243703 -0.781284255 0.624169371
199.349400000 0.951302754 -258.706049956 7.680985804 0.001563977 -0.002157353 -0.784539561 0.620073041
199.452900000 0.827830059 -259.203249920 7.713835733 0.003152950 -0.005410413 -0.787770920 0.615936493
199.556600000 0.700563776 -259.604548125 7.749254984 0.002309730 -0.005773539 -0.790087092 0.612963064
199.660100000 0.551601148 -260.030346286 7.779284563 0.002799243 -0.007378842 -0.792732815 0.609518171
199.763800000 0.427065031 -260.467000942 7.778226968 0.001431266 -0.006179520 -0.794987356 0.606592837
199.867400000 0.288112575 -260.867745512 7.749725988 0.004178739 -0.007845892 -0.796232867 0.604924955
199.971000000 0.219664761 -261.297866910 7.733927931 0.003765404 -0.005372305 -0.797650393 0.603084414
200.074500000 0.096783551 -261.704756556 7.718178599 0.004479488 -0.005161592 -0.797610215 0.603134510
200.178100000 0.029865101 -262.039015674 7.722780457 0.006057446 -0.007490133 -0.797039096 0.603850880
200.281600000 -0.046507814 -262.347423284 7.748431631 0.006316466 -0.008853283 -0.795516246 0.605834651
200.385200000 -0.112814651 -262.681061591 7.744362678 0.004929956 -0.008899825 -0.793663333 0.608272146
200.488700000 -0.231450552 -262.935692803 7.772714416 0.004755378 -0.010512802 -0.789957094 0.613053552
200.592200000 -0.275264638 -263.245046960 7.840496933 0.003499810 -0.010202000 -0.785280681 0.619045977
200.695800000 -0.323956954 -263.572017737 7.890469700 0.002322451 -0.010694665 -0.780221914 0.625407064
200.799300000 -0.369201511 -263.821664000 7.862625515 0.001839654 -0.012105495 -0.773949287 0.633129192
200.902800000 -0.393881811 -264.036163277 7.854437530 0.003938074 -0.013384060 -0.767055535 0.641429002
201.006300000 -0.435944233 -264.289480586 7.843893590 0.005842753 -0.015278112 -0.758944032 0.650950381
201.109800000 -0.464853682 -264.548330279 7.853628949 0.005597833 -0.015033238 -0.748915517 0.662471293
201.213200000 -0.413825459 -264.842133297 7.843502809 0.005170389 -0.013035594 -0.737547109 0.675150059
201.316900000 -0.405754960 -265.087900189 7.836068394 0.005656073 -0.012789840 -0.726390043 0.687140404
201.420400000 -0.363663952 -265.339181852 7.831879248 0.006627215 -0.011055555 -0.713541709 0.700494171
201.523900000 -0.338430652 -265.639082200 7.837750853 0.006439540 -0.010527659 -0.699057619 0.714958842
201.627300000 -0.240577734 -265.865761501 7.801825211 0.003916355 -0.006578784 -0.684319585 0.729142021
201.731000000 -0.128786741 -266.142162561 7.825337093 0.002692881 -0.006212537 -0.667408012 0.744661465
201.834400000 -0.036112545 -266.390597279 7.847737008 0.001032983 -0.006075666 -0.648942140 0.760812801
201.937900000 0.085220973 -266.679706751 7.857427478 -0.000791110 -0.006198384 -0.628739503 0.777590889
202.041400000 0.164031790 -266.906935412 7.852280690 -0.001931170 -0.006909890 -0.607827707 0.794036525
202.145500000 0.184349183 -267.258985468 7.862369958 -0.000958908 -0.008434725 -0.585089877 0.810924023
202.248400000 0.296509984 -267.468308767 7.894758309 0.000975929 -0.011993889 -0.560127193 0.828319215
202.351900000 0.419613962 -267.707040872 7.919924737 0.002625537 -0.014728119 -0.534720265 0.844896696
202.455500000 0.592662491 -267.970609273 7.929136823 0.001976706 -0.013716117 -0.508008382 0.861240643
202.559000000 0.828795659 -268.188001869 7.927326497 -0.000337818 -0.012465564 -0.480826304 0.876727187
202.662500000 1.091050631 -268.498115547 7.945386294 -0.004626894 -0.011451966 -0.452356007 0.891751920
202.766000000 1.389595873 -268.826580294 7.879441323 -0.008516247 -0.010997872 -0.422599916 0.906209596
202.869600000 1.671185028 -269.099899734 7.942448337 -0.008735706 -0.012666481 -0.391785291 0.919928004
202.973100000 2.003483527 -269.287390957 7.959915044 -0.007714780 -0.011582723 -0.360733919 0.932564938
203.076800000 2.318656342 -269.459818188 7.964841960 -0.008782003 -0.008594275 -0.331407736 0.943407615
203.180600000 2.665414110 -269.633997348 7.970794323 -0.011130609 -0.006306481 -0.303527599 0.952736760
203.284200000 3.028589845 -269.799386136 7.914987101 -0.013782612 -0.005325672 -0.277036013 0.960745921
203.387900000 3.414108283 -269.978744866 7.924558823 -0.014796423 -0.005172210 -0.252085426 0.967578034
203.491800000 3.880789483 -270.145198706 7.942988723 -0.016444917 -0.004559749 -0.229234702 0.973221570
203.595700000 4.320432679 -270.281721632 7.953408082 -0.019136845 -0.005249677 -0.209663159 0.977572290
203.699500000 4.788180367 -270.388298511 7.942873347 -0.025093511 -0.006252472 -0.193539459 0.980751600
203.803400000 5.280060945 -270.488854462 7.952338837 -0.022590780 -0.005642335 -0.178764477 0.983616329
203.907300000 5.831357640 -270.705735227 7.972681410 -0.019943666 -0.005422402 -0.165929674 0.985920986
204.011200000 6.386324234 -270.877313105 8.011954929 -0.020189380 -0.006223514 -0.154348304 0.987790594
204.115000000 6.956930436 -271.054712897 8.060508260 -0.021248763 -0.006539707 -0.141850122 0.989638452
204.218700000 7.518047118 -271.201967557 8.050193042 -0.022413445 -0.005959837 -0.129102475 0.991360010
204.322500000 8.189006453 -271.427928729 8.027263646 -0.021987983 -0.005030903 -0.114361936 0.993183048
204.426200000 8.833862152 -271.620787790 8.072486605 -0.019905478 -0.005161848 -0.100673383 0.994706991
204.530100000 9.464266271 -271.647566172 8.139187994 -0.018452141 -0.008766467 -0.090826562 0.995657172
204.633800000 10.048712921 -271.779285222 8.146327766 -0.020980326 -0.011122086 -0.081633883 0.996379463
204.737600000 10.757011208 -271.877695451 8.180244887 -0.024102283 -0.013083742 -0.075250131 0.996787497
204.841400000 11.530271663 -271.912682110 8.180679223 -0.025011695 -0.011752003 -0.067911075 0.997308574
204.945200000 12.319595753 -272.045576399 8.192915450 -0.024793790 -0.007181282 -0.060563767 0.997830510
205.048900000 13.118944158 -272.124767136 8.155890771 -0.025238863 -0.003994571 -0.055405416 0.998136906
205.152700000 13.860097930 -272.176401043 8.167385472 -0.024227985 -0.003344420 -0.051477428 0.998374626
205.256500000 14.599606176 -272.196027928 8.213181490 -0.022371556 -0.005463755 -0.047801157 0.998591363
205.360200000 15.436973450 -272.330082055 8.215252628 -0.026794973 -0.007246541 -0.046004636 0.998555502
205.464000000 16.269482601 -272.398019343 8.251927332 -0.026658533 -0.007351307 -0.044757785 0.998615052
205.567700000 17.132915685 -272.479946337 8.231714403 -0.026989813 -0.007109896 -0.043511673 0.998662973
205.671500000 17.990779517 -272.603649742 8.322226556 -0.026274298 -0.007579023 -0.043210366 0.998691686
205.775200000 18.900594240 -272.598692609 8.309655166 -0.026192164 -0.008666753 -0.045000268 0.998605945
205.878800000 19.829590975 -272.662684751 8.349542010 -0.024203958 -0.009616704 -0.047097698 0.998550697
205.982600000 20.682903664 -272.764576517 8.363922816 -0.025720715 -0.007752371 -0.049172284 0.998428982
206.086200000 21.583305690 -272.902946025 8.390238339 -0.021215398 -0.005052346 -0.050519768 0.998484919
206.189800000 22.536877172 -273.001312119 8.414961246 -0.017923763 -0.003633159 -0.051541229 0.998503400
206.293500000 23.442493772 -273.113876313 8.412423302 -0.019885798 -0.003147059 -0.053033526 0.998389752
206.397000000 24.448622567 -273.211825305 8.421824335 -0.020857568 -0.005275524 -0.055277194 0.998239231
206.500800000 25.405429236 -273.280162109 8.464666009 -0.019182995 -0.007508266 -0.057145680 0.998153300
206.604400000 26.299812956 -273.374166192 8.502850499 -0.019244914 -0.010264512 -0.057842160 0.998087450
206.708100000 27.242152204 -273.461586395 8.558278804 -0.020311681 -0.010731016 -0.059799701 0.997946029
206.811700000 28.248260588 -273.581881917 8.543851528 -0.019622435 -0.007897241 -0.059730457 0.997990414
206.915300000 29.262728995 -273.738968066 8.559156703 -0.012614510 -0.003883497 -0.059772971 0.998124734
207.019000000 30.239750734 -273.915207347 8.559000199 -0.012853606 -0.002144342 -0.059751763 0.998128205
207.122600000 31.256431630 -274.010014857 8.519156269 -0.013577386 -0.003731828 -0.060361306 0.998077272
207.226200000 32.192367540 -274.113952921 8.575876733 -0.016093070 -0.006210834 -0.060235538 0.998035129
207.329900000 33.169662149 -274.189813200 8.657500208 -0.015445727 -0.009603620 -0.059212821 0.998079677
207.433600000 34.185078430 -274.272271053 8.687923289 -0.017323513 -0.008867818 -0.059414858 0.998043653
207.537200000 35.207160820 -274.350141867 8.669835625 -0.018068488 -0.006143131 -0.059316393 0.998056791
207.640800000 36.192714170 -274.443478498 8.665467678 -0.020299697 -0.003712314 -0.058935619 0.998048463
207.744400000 37.204053146 -274.574928801 8.690525028 -0.021854813 -0.003197770 -0.057046382 0.998127172
207.848000000 38.208700493 -274.725503672 8.763672571 -0.020630779 -0.003481158 -0.057649701 0.998117611
207.951600000 39.226823002 -274.781861710 8.705829365 -0.023298495 -0.000998854 -0.057716315 0.998060624
208.055400000 40.282681509 -274.909962043 8.727221321 -0.022971839 0.000911525 -0.056366336 0.998145430
208.159100000 41.306474296 -275.047291063 8.719818038 -0.025332982 0.001358163 -0.056143200 0.998100364
208.262600000 42.361464254 -275.138444670 8.746326041 -0.027856414 0.000044221 -0.055427645 0.998074043
208.366300000 43.351508860 -275.218579582 8.788741250 -0.026832176 -0.000026016 -0.054935084 0.998129335
208.470000000 44.335475424 -275.345058849 8.790518311 -0.025084306 -0.001659385 -0.054092629 0.998219421
208.573600000 45.422819131 -275.430381997 8.869030736 -0.026228013 -0.004949258 -0.054548107 0.998154347
208.677300000 46.345440392 -275.546425517 8.911838386 -0.025012520 -0.006341411 -0.055647823 0.998116967
208.780900000 47.213003867 -275.751484986 8.952435974 -0.020093348 -0.004973117 -0.056780483 0.998172080
208.884800000 48.251828143 -275.779515957 8.887018926 -0.019697836 -0.002475797 -0.057836696 0.998128640
208.988300000 49.264514088 -275.865058725 8.912112279 -0.021280288 -0.002358998 -0.059200604 0.998016469
209.091900000 50.323647692 -275.976949610 8.963112304 -0.027837587 -0.003960363 -0.059694704 0.997820588
209.195600000 51.370276827 -276.053844741 9.030714691 -0.030127988 -0.004316186 -0.061715484 0.997629628
209.299100000 52.376554089 -276.160106604 8.976389205 -0.029600984 -0.002026076 -0.063922765 0.997513688
209.402800000 53.342259836 -276.289391430 8.938698051 -0.027470854 0.000628566 -0.065342514 0.997484493
209.506400000 54.419065525 -276.396779605 8.948270367 -0.026114457 0.002265835 -0.065547755 0.997505084
209.610000000 55.458428803 -276.601299095 8.974880276 -0.028006456 0.001179685 -0.065291572 0.997472434
209.713600000 56.380306849 -276.747081887 9.015078592 -0.026559697 -0.001725465 -0.064859226 0.997539416
209.817200000 57.343308848 -276.811732660 9.001020992 -0.027342394 -0.002772668 -0.063319288 0.997614842
209.920800000 58.434893396 -277.022894882 9.005263894 -0.022969155 -0.000308411 -0.062850193 0.997758576
210.024400000 59.458035955 -277.090818802 9.022124200 -0.021324931 0.000921048 -0.060437012 0.997943769
210.127900000 60.505394082 -277.134568306 8.962344498 -0.021065038 0.000878223 -0.058869905 0.998042999
210.231500000 61.578018402 -277.170332532 9.001054214 -0.025533589 -0.003479766 -0.056975535 0.998042943
210.335300000 62.558432907 -277.296454225 9.121026219 -0.028901806 -0.008391564 -0.055773345 0.997989780
210.438900000 63.518027151 -277.429263875 9.152964516 -0.032555481 -0.008598162 -0.055157525 0.997909745
210.542500000 64.456918954 -277.586265273 9.172708567 -0.031957542 -0.005466899 -0.053400706 0.998046689
210.646200000 65.467833914 -277.673058742 9.146859463 -0.031622040 -0.003225516 -0.052747041 0.998101895
210.749800000 66.459271169 -277.783881421 9.176221384 -0.033819695 -0.003371771 -0.051066999 0.998116737
210.853500000 67.478794592 -277.882813167 9.188931735 -0.033710676 -0.004534429 -0.051659890 0.998085309
210.957100000 68.505675797 -277.966422904 9.236478161 -0.034739680 -0.005628242 -0.052208067 0.998015929
211.060800000 69.541752149 -278.035555622 9.254045174 -0.034750550 -0.006377054 -0.053694563 0.997932175
211.164600000 70.556046608 -278.129671218 9.249284842 -0.032211419 -0.004677831 -0.054987511 0.997956370
211.268200000 71.604355625 -278.241087423 9.253576208 -0.029206994 -0.003029694 -0.055704934 0.998015397
211.371800000 72.579754408 -278.320512469 9.274667575 -0.024508041 -0.003094465 -0.055659402 0.998144184
211.475400000 73.477436965 -278.445760772 9.297017152 -0.025887638 -0.006521832 -0.056523576 0.998044278
211.579200000 74.468426816 -278.565731003 9.335542480 -0.024179170 -0.008600747 -0.057073789 0.998040068
211.682800000 75.461359475 -278.682169037 9.367488947 -0.025360993 -0.006511792 -0.057876455 0.997980327
211.786500000 76.564558291 -278.821371743 9.259715264 -0.018794775 -0.002164404 -0.058937170 0.998082402
211.890100000 77.540355321 -278.919956360 9.248122015 -0.018259993 0.000430742 -0.059873107 0.998038876
211.993800000 78.523467106 -279.010017265 9.314112015 -0.024023705 -0.002745492 -0.060673056 0.997864772
212.097500000 79.478970900 -279.117781075 9.442032138 -0.024828703 -0.008548126 -0.061059503 0.997788656
212.201100000 80.413544686 -279.226839465 9.490264706 -0.028018119 -0.011756551 -0.061952318 0.997616499
212.304700000 81.396109683 -279.367355392 9.450349755 -0.026036985 -0.010056118 -0.064032919 0.997557384
212.408500000 82.410993981 -279.519648146 9.366432712 -0.023247479 -0.005657381 -0.066066247 0.997528345
212.512100000 83.398574504 -279.631328970 9.369811118 -0.022501964 -0.002329398 -0.067379566 0.997470917
212.615700000 84.415261822 -279.756002545 9.398700560 -0.023135262 -0.000755265 -0.068756381 0.997364903
212.719400000 85.465157285 -279.922998497 9.464755252 -0.023925669 -0.002542215 -0.070766927 0.997202658
212.823100000 86.466903892 -280.052090628 9.515853232 -0.024271978 -0.005459683 -0.072305222 0.997072223
212.926700000 87.434722864 -280.191620354 9.519146953 -0.025290961 -0.006471533 -0.075383885 0.996812799
213.030400000 88.384557316 -280.312445508 9.517683678 -0.026495437 -0.005937638 -0.077664078 0.996609767
213.134000000 89.460199978 -280.505405585 9.528153709 -0.023268001 -0.004436171 -0.081182971 0.996417706
213.237800000 90.436048454 -280.682320218 9.568776416 -0.022365773 -0.003698065 -0.085243014 0.996102266
213.341400000 91.394471998 -280.829575786 9.558165608 -0.021336998 -0.002758540 -0.086791000 0.995994199
213.445100000 92.382632753 -280.957085205 9.538060933 -0.019184444 -0.001732786 -0.089088502 0.995837433
213.548700000 93.337221406 -281.118830043 9.600925551 -0.016898636 -0.001311857 -0.091216206 0.995686858
213.652400000 94.307911423 -281.344821362 9.695874196 -0.014049332 -0.001724810 -0.094269371 0.995446094
213.756000000 95.269927709 -281.504977664 9.661180952 -0.014844034 -0.002324156 -0.096386619 0.995230563
213.859700000 96.225298301 -281.702746918 9.660227734 -0.012717316 -0.002881089 -0.098320176 0.995069401
213.963300000 97.177280313 -281.912141827 9.750632899 -0.015634992 -0.003432167 -0.100592782 0.994798904
214.067100000 98.096814228 -282.045068702 9.766054016 -0.018470063 -0.003974372 -0.101137002 0.994693102
214.170700000 99.049137586 -282.237750223 9.733214199 -0.016087877 -0.003738213 -0.101296205 0.994719199
214.274300000 100.038217279 -282.514726435 9.756811713 -0.011937727 -0.002910277 -0.101461909 0.994763541
214.378000000 100.974192607 -282.713516346 9.871595005 -0.007890683 -0.002676888 -0.100571802 0.994894911
214.481500000 101.933293067 -282.901966790 9.866504100 -0.007270827 -0.002247895 -0.098828939 0.995075335
214.585100000 102.915604640 -283.090014287 9.861221529 -0.005333943 -0.001577601 -0.097029647 0.995265948
214.688800000 103.816930212 -283.214508203 9.832762295 -0.007078019 -0.001110256 -0.094165142 0.995530811
214.792400000 104.825099516 -283.364465302 9.924835862 -0.002027038 -0.002663999 -0.093541774 0.995609728
214.896100000 105.736404767 -283.536536410 9.982995230 -0.003988495 -0.004565733 -0.091684814 0.995769622
214.999800000 106.684115042 -283.702527877 9.998917781 -0.000799493 -0.007132051 -0.090076712 0.995908972
215.103600000 107.615146370 -283.868115735 10.001153659 -0.000424738 -0.006120921 -0.088913199 0.996020480
215.207200000 108.528588116 -284.057846419 9.974044272 0.001054266 -0.003391472 -0.087584134 0.996150795
215.310900000 109.448556298 -284.207913185 9.966059462 0.005890332 -0.000786104 -0.086166108 0.996263062
215.414700000 110.319154844 -284.376583096 9.980319704 0.006329385 0.002800858 -0.085489811 0.996315004
215.518200000 111.203611428 -284.557047965 9.977221097 0.007516384 0.002284855 -0.086874356 0.996188300
215.621900000 112.060694937 -284.715491919 10.017940612 0.008610246 0.000565219 -0.087773980 0.996103043
215.725500000 112.903085070 -284.897431716 10.064764363 0.006200866 -0.001712471 -0.088138309 0.996087474
215.829200000 113.787142955 -285.024638913 10.100502742 0.007569313 -0.003015134 -0.089569908 0.995947210
215.932900000 114.636722915 -285.097375274 10.073385280 0.008112103 -0.001271027 -0.091075252 0.995810161
216.036700000 115.459218969 -285.255771633 10.069080788 0.007273549 0.000732413 -0.092968490 0.995642214
216.140300000 116.249011692 -285.417449426 10.079213383 0.006700143 0.001566473 -0.095267445 0.995427932
216.244000000 117.138105739 -285.550095657 10.127377696 0.007925959 0.001995492 -0.097417628 0.995210030
216.347700000 117.914006729 -285.721180441 10.119884959 0.008382457 0.000687915 -0.102179578 0.994730413
216.451300000 118.646584316 -285.893523744 10.143371460 0.008417704 -0.000180982 -0.107075543 0.994215237
216.555100000 119.360515689 -286.145126467 10.155941495 0.007805980 -0.001052787 -0.111699582 0.993710804
216.658700000 120.140251143 -286.273581460 10.144137120 0.005575198 -0.000824869 -0.116035055 0.993229129
216.762300000 120.878122023 -286.434748700 10.139411988 0.005585733 -0.000032866 -0.119871304 0.992773725
216.866100000 121.533467303 -286.581553108 10.156043776 0.005714014 -0.000053386 -0.125274990 0.992105601
216.969700000 122.193125829 -286.769825612 10.198607722 0.004443049 -0.001768207 -0.130424107 0.991446764
217.073300000 122.769132760 -286.939311481 10.216840963 0.002972477 -0.004406510 -0.135014093 0.990829421
217.177000000 123.472208654 -287.151597725 10.234515344 0.001536906 -0.005311565 -0.138162398 0.990394152
217.280500000 124.063695899 -287.267942732 10.244283158 0.000381430 -0.003315085 -0.142259642 0.989823751
217.384100000 124.660641575 -287.516239101 10.263102809 0.000642541 -0.000493771 -0.145275019 0.989390981
217.487700000 125.206092742 -287.711097247 10.244360760 0.003765960 0.001579168 -0.147396766 0.989069015
217.591400000 125.721167657 -287.839455718 10.267569129 0.006717485 0.003033910 -0.148134131 0.988939811
217.695000000 126.243078800 -287.952500951 10.299085844 0.007317018 0.002460373 -0.149227914 0.988772693
217.798600000 126.735567322 -288.123174247 10.271908251 0.005748064 0.001096960 -0.149194859 0.988790499
217.902200000 127.282720056 -288.313214540 10.286579975 0.005316615 -0.002370848 -0.147631362 0.989025325
218.005700000 127.791542337 -288.553395819 10.265010103 0.006805193 -0.005123059 -0.144542983 0.989461859
218.109300000 128.294321746 -288.678031403 10.255172040 0.010946377 -0.005136823 -0.140239356 0.990043793
218.212900000 128.854262981 -288.809884767 10.294068683 0.013445352 -0.003390228 -0.133721151 0.990921986
218.316300000 129.338125891 -288.914402916 10.308129248 0.012192979 -0.001782921 -0.125587446 0.992006021
218.419900000 129.899258902 -289.018984046 10.323351778 0.011298544 0.000435902 -0.115443266 0.993249719
218.523200000 130.388710241 -289.133629849 10.348895190 0.011600461 0.000856196 -0.102163499 0.994699611
218.626500000 130.942823033 -289.233451956 10.373334809 0.014089379 -0.000283085 -0.087607943 0.996055349
218.730100000 131.473090010 -289.288367177 10.400835150 0.013638409 -0.003177052 -0.070402012 0.997420401
218.833500000 131.981442730 -289.286326330 10.394092964 0.012423310 -0.005900891 -0.051342026 0.998586419
218.936700000 132.517935195 -289.308379366 10.388768037 0.012165278 -0.007382396 -0.030006649 0.999448401
219.040200000 133.093348351 -289.327296768 10.395517001 0.012293246 -0.008926016 -0.006897421 0.999860804
219.143400000 133.652427902 -289.242373753 10.426327961 0.011238303 -0.007367299 0.016644698 0.999771163
219.246700000 134.184151217 -289.202317951 10.443346405 0.013156916 -0.006538751 0.042371599 0.998993888
219.350000000 134.696425294 -289.136757131 10.422854000 0.012804533 -0.004522777 0.069299531 0.997503465
219.453400000 135.231548663 -289.032258480 10.439358388 0.010981952 -0.004085710 0.096483810 0.995265582
219.556700000 135.802839532 -288.861469670 10.463881652 0.010260360 -0.004302758 0.126075467 0.991958259
219.660100000 136.310718417 -288.659064003 10.430086986 0.009128479 -0.002854253 0.156404406 0.987646792
219.763400000 136.771260829 -288.499152639 10.432991183 0.008503207 -0.001718611 0.185528577 0.982600574
219.866900000 137.260765734 -288.213410480 10.468151646 0.009657710 -0.000799698 0.214830326 0.976603307
219.970400000 137.740311606 -287.921141436 10.441310091 0.008882313 0.000449616 0.244735448 0.969549103
220.073900000 138.245195041 -287.584439292 10.425782806 0.006490565 0.001337232 0.275557744 0.961261678
220.177400000 138.772715019 -287.159515654 10.412751653 0.004241790 0.002141630 0.305700060 0.952116009
220.280900000 139.217557815 -286.784530626 10.461433932 0.001030073 0.001750156 0.334728803 0.942312318
220.384600000 139.641094572 -286.376189321 10.412535889 0.000901038 0.003291037 0.362605501 0.931936483
220.488200000 140.039449109 -285.926368637 10.373270627 0.001279312 0.004366657 0.389291193 0.921103503
220.592000000 140.415657744 -285.454136424 10.364175772 0.000190573 0.003562937 0.414006186 0.910267075
220.695700000 140.832707943 -284.925132021 10.388291105 0.000276189 0.001498745 0.437558322 0.899188741
220.799400000 141.179856281 -284.406540286 10.439000179 0.001929378 -0.002253986 0.458892108 0.888487046
220.903300000 141.525776610 -283.840303127 10.486567110 -0.000552009 -0.007312924 0.476102877 0.879359009
221.007200000 141.860225462 -283.250988003 10.485421532 -0.003900318 -0.009301570 0.489612543 0.871881773
221.111200000 142.192424453 -282.580245946 10.482647165 -0.006968017 -0.008482619 0.499949218 0.865985145
221.215300000 142.532784510 -281.959566527 10.484842139 -0.008694747 -0.006085844 0.506418387 0.862222582
221.319400000 142.856388590 -281.376581158 10.446194497 -0.009318721 -0.004680519 0.509968010 0.860130155
221.423400000 143.165954509 -280.720410966 10.431996884 -0.011681260 -0.004713325 0.512189206 0.858780269
221.527500000 143.570116688 -279.990946101 10.416890408 -0.013886375 -0.005787181 0.512015678 0.858844353
221.631500000 143.915329204 -279.324857769 10.454087965 -0.014117327 -0.007754404 0.511441203 0.859167310
221.735500000 144.262885050 -278.687349572 10.489934810 -0.013320002 -0.008006984 0.511086266 0.859388908
221.839500000 144.646095099 -277.984496729 10.519755767 -0.011314968 -0.006586390 0.510184074 0.859965582
221.943500000 144.975811468 -277.281226470 10.530794235 -0.012716072 -0.007556008 0.509101794 0.860579207
222.047300000 145.334813348 -276.547354330 10.561837006 -0.015625007 -0.010440956 0.506859395 0.861823879
222.151200000 145.742953779 -275.871789057 10.563553490 -0.014345158 -0.012748887 0.505538984 0.862590295
222.254900000 146.150586649 -275.139415663 10.596076714 -0.016197740 -0.014595894 0.503783110 0.863554961
222.358800000 146.535979495 -274.421856752 10.604343032 -0.016707184 -0.015337300 0.502420597 0.864325854
222.462500000 146.945072661 -273.696378598 10.613227583 -0.017729435 -0.014815384 0.500596458 0.865372381
222.566200000 147.422504855 -272.880076637 10.636580898 -0.012292539 -0.010142005 0.498158273 0.866939656
222.669900000 147.799568454 -272.087573569 10.713173727 -0.006936354 -0.006531786 0.497184111 0.867592752
222.773500000 148.198545317 -271.306146371 10.661285922 -0.006086174 -0.007593940 0.496873229 0.867768566
222.877100000 148.730206142 -270.555120972 10.636754578 -0.006984251 -0.008197538 0.495958816 0.868279260
222.980800000 149.265663395 -269.783750191 10.654703616 -0.006974145 -0.009267362 0.496804461 0.867784999
223.084400000 149.701351214 -268.975732723 10.669119427 -0.006053604 -0.006779339 0.496619626 0.867920700
223.188000000 150.172875356 -268.091421391 10.712847863 -0.002838327 -0.002549877 0.495184783 0.868779300
223.291600000 150.664401933 -267.243524078 10.668409609 -0.007815389 -0.002528264 0.494050084 0.869394641
223.395400000 151.156169086 -266.425069336 10.662123869 -0.008227183 -0.003911152 0.492382227 0.870331408
223.498900000 151.639779679 -265.621852850 10.657416920 -0.008779450 -0.008206229 0.491204481 0.870961386
223.602700000 152.089622994 -264.810949146 10.698131392 -0.010283016 -0.011662510 0.489560174 0.871830879
223.706400000 152.573233606 -263.944177028 10.703746215 -0.008017256 -0.010887572 0.487055719 0.873266232
223.810100000 153.079430739 -263.154740108 10.757547002 -0.007912271 -0.009056834 0.484603242 0.874651398
223.913800000 153.670089892 -262.283580049 10.759748310 -0.008528089 -0.006254181 0.480695976 0.876823549
224.018700000 154.180975739 -261.453235809 10.760877598 -0.009439963 -0.005379841 0.476102885 0.879322459
224.121100000 154.693755847 -260.669030323 10.779456754 -0.012228117 -0.007559183 0.471309563 0.881850683
224.225000000 155.186687731 -259.824474544 10.803339487 -0.013037761 -0.009707206 0.467040626 0.884086444
224.328500000 155.782508358 -259.041356603 10.766006613 -0.014132376 -0.010616329 0.461502482 0.886962811
224.432300000 156.379655927 -258.203513477 10.777573067 -0.013005249 -0.009681427 0.457598673 0.889011017
224.535900000 156.934325317 -257.509658377 10.796443515 -0.012384656 -0.007622424 0.452824011 0.891481315
224.639600000 157.546903133 -256.765391414 10.785559854 -0.008900228 -0.004465742 0.448680469 0.893636772
224.743200000 158.108241914 -256.033101897 10.766838881 -0.008709243 -0.003457743 0.445512156 0.895226849
224.846800000 158.704453109 -255.256567133 10.732645317 -0.008937020 -0.003191993 0.443281632 0.896332157
224.950400000 159.261033162 -254.471167006 10.763571491 -0.006108589 -0.002761838 0.441016521 0.897473947
225.053800000 159.920066990 -253.683672903 10.822692604 -0.004524917 -0.002645866 0.440554754 0.897710440
225.157400000 160.499481336 -252.907713426 10.848139258 -0.002868313 -0.001664178 0.440929980 0.897535379
225.260900000 161.065583073 -252.190699306 10.802200736 -0.004180728 -0.001299377 0.442927101 0.896546940
225.364500000 161.615088305 -251.416386571 10.816665057 -0.008697922 -0.002425732 0.444925531 0.895522046
225.468000000 162.222376505 -250.641164797 10.776094145 -0.006899442 -0.001141703 0.447870095 0.894071290
225.571600000 162.848568884 -249.838486868 10.795376202 -0.000822608 0.002569088 0.450889953 0.892575472
225.675200000 163.401282327 -248.970690763 10.797352776 -0.000133893 0.002539657 0.454416742 0.890785584
225.778900000 163.948128471 -248.160401944 10.794394590 0.002876803 0.001368104 0.459806786 0.888013272
225.882500000 164.563611893 -247.365925104 10.842533450 0.006827888 0.000891832 0.464223079 0.885691548
225.986100000 165.115979909 -246.572417320 10.858830767 0.007653783 0.000447217 0.467704299 0.883851746
226.089800000 165.609565296 -245.725284535 10.845585878 0.007878696 0.003797357 0.471560093 0.881790556
226.193500000 166.162582569 -244.903666230 10.824357188 0.009046910 0.008188523 0.474660769 0.880084232
226.297200000 166.701384952 -244.085279254 10.815182403 0.008023489 0.008914784 0.477210848 0.878706980
226.400800000 167.247981257 -243.288089782 10.867670735 0.010150958 0.010827837 0.480746215 0.876734163
226.504500000 167.769201200 -242.427346817 10.867537000 0.013175864 0.011945826 0.484291982 0.874725654
226.608200000 168.325741717 -241.551519399 10.885638262 0.015411121 0.011178684 0.487626202 0.872844901
226.711800000 168.816009375 -240.753323620 10.890763670 0.017987666 0.010947232 0.490960450 0.870927344
226.815500000 169.294911573 -239.910271590 10.926857271 0.020968476 0.012993389 0.493237635 0.869544784
226.919100000 169.792773844 -239.045289457 10.952722264 0.020658067 0.013956750 0.495650701 0.868164061
227.022900000 170.362485010 -238.201579913 10.986842174 0.022201631 0.016481638 0.498708344 0.866328708
227.126500000 170.852926740 -237.326161774 10.942240901 0.019923495 0.015886356 0.500535434 0.865340948
227.230200000 171.330659834 -236.441987196 10.887773432 0.020462618 0.017287980 0.502319051 0.864267307
227.333800000 171.776441526 -235.598547756 10.880685033 0.016566414 0.015995803 0.502549194 0.864241862
227.437600000 172.201550523 -234.726105413 10.940901464 0.018573914 0.015439096 0.502517518 0.864229592
227.541400000 172.693607160 -233.823099218 11.013011409 0.022107652 0.015024948 0.502318536 0.864269397
227.645000000 173.275218846 -232.943673201 11.006613137 0.023659607 0.012307287 0.502788528 0.863997945
227.748700000 173.763295535 -232.133234540 11.002367666 0.023087591 0.012325477 0.502190838 0.864360693
227.852400000 174.210300520 -231.352934727 11.034955096 0.022789692 0.011909696 0.501376083 0.864847277
227.956000000 174.676149253 -230.499954533 11.072168908 0.024247621 0.009475798 0.498918709 0.866257689
228.059700000 175.180192078 -229.682229146 11.076830963 0.024086583 0.007519819 0.497416544 0.867144781
228.163400000 175.689234825 -228.843200481 11.057109378 0.022407957 0.007869073 0.496137492 0.867919092
228.267000000 176.096735034 -228.002174271 11.062076046 0.019490522 0.008908132 0.495266726 0.868476617
228.370800000 176.612430149 -227.135590547 11.080136976 0.019424078 0.011916899 0.493410959 0.869497739
228.474200000 177.043051137 -226.301526671 11.089965102 0.020037520 0.012536440 0.493635437 0.869347681
228.578000000 177.509471737 -225.514004162 11.014164533 0.018483457 0.012760751 0.494073731 0.869129837
228.681600000 178.015818779 -224.764973654 11.049851773 0.018624283 0.012602066 0.494574758 0.868844136
228.785200000 178.497956822 -223.978552908 11.069696762 0.018301217 0.011425141 0.495380838 0.868407944
228.888800000 178.968974609 -223.197154230 11.090230874 0.017528248 0.008373337 0.495572899 0.868349094
228.992600000 179.465702630 -222.390249975 11.102970506 0.016540526 0.007663744 0.495573680 0.868374577
229.096200000 179.905120107 -221.585558312 11.097615553 0.016325741 0.008807845 0.495858488 0.868205190
229.199900000 180.302479678 -220.827208918 11.074852530 0.016061682 0.010819086 0.497208081 0.867415180
229.303600000 180.792889672 -220.113547440 11.028650715 0.016095763 0.013153274 0.498460917 0.866662929
229.407300000 181.212452213 -219.342184288 11.045465369 0.015984843 0.014269109 0.498852030 0.866422258
229.510900000 181.627820965 -218.574802737 11.114904852 0.015290969 0.010681915 0.499614119 0.866047236
229.614500000 182.045387458 -217.858985096 11.174772568 0.018320553 0.007740179 0.499267463 0.866219630
229.718200000 182.449958341 -217.114184996 11.172159017 0.022866867 0.008243811 0.500058843 0.865650218
229.821900000 182.845537176 -216.422304279 11.161252270 0.022406000 0.009802066 0.501061505 0.865066043
229.925600000 183.282576061 -215.698480502 11.141254636 0.021164672 0.014180626 0.501818048 0.864597949
230.029200000 183.657920663 -215.005646999 11.102337542 0.018888360 0.014921654 0.502878737 0.864021730
230.132800000 184.035979598 -214.388263005 11.157429514 0.018214888 0.013350970 0.504051347 0.863378369
230.236700000 184.378892031 -213.712498646 11.192169099 0.016692548 0.009712255 0.504589344 0.863143455
230.340300000 184.672355153 -213.005510472 11.181961689 0.013963588 0.006251215 0.506568730 0.862063839
230.443900000 185.013505848 -212.437436848 11.164118014 0.016806654 0.008576636 0.506654707 0.861942565
230.547500000 185.387670369 -211.801862606 11.154819942 0.015600783 0.009822846 0.506439261 0.862078536
230.651300000 185.706936758 -211.234914988 11.183824282 0.013166544 0.009587097 0.507424583 0.861542235
230.754900000 186.033883385 -210.687604340 11.172824270 0.011290268 0.010363597 0.508583093 0.860876509
230.858500000 186.348965626 -210.130968492 11.183914997 0.010318886 0.011420806 0.509087228 0.860577294
230.962300000 186.674505135 -209.629698303 11.203316000 0.010510576 0.011889754 0.508488522 0.860922519
231.065900000 186.895939239 -209.089422429 11.202095438 0.010318601 0.009781436 0.508580637 0.860896966
231.169600000 187.123732024 -208.493281874 11.259682659 0.010848793 0.007772491 0.508331058 0.861058319
231.273200000 187.398511300 -207.969861542 11.299237225 0.014209305 0.008834226 0.507504380 0.861486713
231.377000000 187.721566866 -207.542935582 11.287256141 0.013613264 0.010075188 0.505912449 0.862418555
231.480600000 187.987486843 -207.118260635 11.274483087 0.012882803 0.010497388 0.503735892 0.863697858
231.584300000 188.211608342 -206.712246919 11.307397336 0.012606698 0.010076427 0.501400306 0.865064893
231.687900000 188.470180878 -206.331377750 11.307556044 0.012828209 0.010547050 0.499332236 0.866251415
231.791700000 188.659357047 -205.980752457 11.340942747 0.014484630 0.010888296 0.495738374 0.868282848
231.895400000 188.897577517 -205.621544868 11.371905306 0.013453108 0.011267852 0.492196906 0.870306989
231.999200000 189.075629011 -205.211051121 11.374148374 0.013211540 0.013179182 0.488529036 0.872348064
232.102900000 189.262474013 -204.873920967 11.322677871 0.011227110 0.015116951 0.484328322 0.874683661
232.206500000 189.442886367 -204.681061019 11.324714771 0.010365780 0.016259650 0.479947122 0.877085477
232.310300000 189.581095446 -204.419061456 11.357124902 0.010667009 0.016624607 0.475192288 0.879660234
232.414000000 189.744184199 -204.216800223 11.356012208 0.010783371 0.015865502 0.470762210 0.882051555
232.517600000 189.929691663 -204.005069921 11.351981685 0.010829228 0.015517593 0.466338800 0.884403785
232.621300000 190.025407482 -203.815080895 11.348065088 0.011904098 0.014747191 0.461511030 0.886932005
232.725000000 190.111919966 -203.681962018 11.325573293 0.012281074 0.013998326 0.456952723 0.889296031
232.828600000 190.309664673 -203.501926003 11.347636024 0.012095865 0.012153810 0.452581889 0.891557967
232.932200000 190.468044663 -203.292912099 11.337688947 0.011731891 0.010340623 0.448181619 0.893805723
233.035900000 190.569968892 -203.097778548 11.347380457 0.011659257 0.008535692 0.443940203 0.895939897
233.139600000 190.703063539 -202.920494046 11.377560436 0.012066369 0.008403920 0.439852407 0.897949685
233.243200000 190.889410035 -202.750652052 11.406592854 0.013708109 0.008503887 0.435716328 0.899939472
233.346900000 190.995522669 -202.542164905 11.407105102 0.013496170 0.007523059 0.431339866 0.902057192
233.450600000 191.115912450 -202.361825433 11.409611580 0.012703807 0.006818036 0.427884979 0.903718193
233.554200000 191.305531063 -202.164245752 11.390625271 0.010380777 0.006115998 0.423878273 0.905639025
233.657900000 191.485879799 -201.969211111 11.366812356 0.008046806 0.005459009 0.419836142 0.907547829
233.761500000 191.646921151 -201.821485418 11.380552303 0.008972870 0.003551080 0.416469803 0.909098334
233.865100000 191.866496276 -201.616179252 11.375477654 0.011817060 0.000915068 0.413160097 0.910581273
233.968700000 192.048487490 -201.390904168 11.412838724 0.014252181 -0.000811893 0.409382470 0.912251177
234.072400000 192.229246888 -201.159554019 11.399120654 0.014667373 -0.002566086 0.406452560 0.913550546
234.176000000 192.494379700 -200.843686100 11.378926732 0.014127324 -0.003606085 0.404264293 0.914525995
234.279600000 192.744336724 -200.511743463 11.387628808 0.012813628 -0.003399946 0.402665590 0.915251153
234.383100000 193.076169837 -200.188197022 11.362791602 0.011861096 -0.004874531 0.403035048 0.915094696
234.486700000 193.344799102 -199.880821315 11.376667210 0.011010348 -0.006006854 0.404379648 0.914505216
234.590200000 193.668666672 -199.516355320 11.378723930 0.009421413 -0.005983272 0.406663464 0.913509860
234.693700000 193.958328290 -199.148287965 11.412103259 0.010118090 -0.003615592 0.408326843 0.912772557
234.797300000 194.313780719 -198.766492043 11.472768593 0.010359551 -0.001524501 0.411554951 0.911324793
234.900900000 194.694501492 -198.334564787 11.469381519 0.009082942 0.000689686 0.415173911 0.909696460
235.004400000 195.064832866 -197.925933977 11.477933473 0.006399946 0.003078793 0.419341482 0.907800795
235.108000000 195.417309034 -197.510549608 11.451199508 0.004609787 0.005686629 0.424599650 0.905351616
235.211600000 195.802479724 -197.055395880 11.456218257 0.004382791 0.007658777 0.429618859 0.902967203
235.315200000 196.200455306 -196.573902082 11.417758188 0.005940745 0.010593784 0.434362942 0.900656046
235.418900000 196.603188591 -196.084795976 11.472989653 0.008873847 0.010395895 0.439669356 0.898055699
235.522500000 196.972295265 -195.564457601 11.461982770 0.011998743 0.008415937 0.445322236 0.895250416
235.626100000 197.349866566 -194.996461616 11.464174087 0.013202227 0.006901044 0.450477400 0.892663536
235.729700000 197.703832128 -194.491400512 11.423789712 0.015434299 0.006058458 0.456236590 0.889704024
235.833500000 198.099271237 -193.942187581 11.416151759 0.018797324 0.006649928 0.461533303 0.886898782
235.937100000 198.525437377 -193.369032740 11.360259142 0.021735451 0.007609415 0.466676959 0.884127979
236.040800000 198.903955047 -192.793099614 11.374831876 0.022305769 0.009307237 0.470937150 0.881835602
236.144600000 199.290841057 -192.232224436 11.454647615 0.022808949 0.009394308 0.475431004 0.879407107
236.248300000 199.775495660 -191.555202847 11.413591540 0.022745271 0.011333071 0.479734563 0.877045588
236.352000000 200.137621978 -190.962668809 11.368962055 0.022804767 0.014460015 0.482658510 0.875392263
236.455800000 200.503435059 -190.333761576 11.363847836 0.023748812 0.018352128 0.484326228 0.874372517
236.559500000 200.936649569 -189.706524277 11.359459365 0.023183024 0.020029941 0.486079598 0.873377337
236.663100000 201.317165335 -189.044230498 11.331701570 0.023957471 0.019396749 0.487381356 0.872644956
236.766900000 201.697763496 -188.343136575 11.388143784 0.025311876 0.018427127 0.488320060 0.872102786
236.870600000 202.137626914 -187.643541706 11.395222213 0.026180868 0.017640907 0.488913011 0.871761108
236.974200000 202.579530205 -186.938048506 11.308374732 0.027892911 0.019536558 0.489135513 0.871542746
237.078000000 202.977723330 -186.216807675 11.281327258 0.027302690 0.019438144 0.489778399 0.871202526
237.181600000 203.387113257 -185.538585556 11.316451161 0.026827858 0.018249657 0.489656840 0.871311308
237.285300000 203.802482374 -184.870466643 11.350594281 0.024285547 0.015581339 0.489754987 0.871382515
237.388900000 204.205747894 -184.087472859 11.382847012 0.023184345 0.012651474 0.489859347 0.871401312
237.492700000 204.712913953 -183.324459083 11.372040121 0.024070020 0.009937234 0.489051813 0.871865936
237.596300000 205.148255780 -182.558957013 11.313024080 0.027104929 0.012205732 0.488528703 0.872041312
237.699900000 205.613590284 -181.926024667 11.333943900 0.024095545 0.014030680 0.488686856 0.872013590
237.803600000 206.053036145 -181.179534820 11.297481517 0.023768716 0.016871385 0.488697884 0.871966044
237.907300000 206.528418909 -180.427193964 11.322309519 0.022385266 0.018444795 0.488677128 0.871982427
238.011000000 206.933612474 -179.697411151 11.377005161 0.019504971 0.017313693 0.488464171 0.872194099
238.114600000 207.380841848 -178.857656348 11.370238755 0.017042462 0.014114227 0.488066238 0.872526040
238.218200000 207.842520339 -178.105045228 11.390286952 0.019801862 0.013369464 0.487548214 0.872769089
238.321800000 208.303666571 -177.380582703 11.338573355 0.019244247 0.012621118 0.487043405 0.873074503
238.425400000 208.762195986 -176.639713166 11.384432793 0.019212900 0.012986081 0.487367070 0.872889205
238.529100000 209.203188941 -175.958714107 11.359867922 0.022070829 0.016048374 0.487983199 0.872426344
238.632700000 209.645429899 -175.244267420 11.366089056 0.021296070 0.016109858 0.488396404 0.872213221
238.736400000 210.089382813 -174.483376464 11.358178381 0.019339283 0.014883454 0.488257098 0.872358574
238.840100000 210.531166104 -173.713733910 11.350024449 0.018611063 0.015337466 0.488286889 0.872349875
238.943700000 210.984513897 -172.957399175 11.372978452 0.017865026 0.015308292 0.488244832 0.872389524
239.047300000 211.422925196 -172.169096264 11.379364326 0.022044133 0.016273790 0.487855412 0.872494307
239.151000000 211.903678584 -171.515617867 11.455825119 0.023432482 0.012914936 0.488280178 0.872276671
239.254600000 212.347908522 -170.777353706 11.434182883 0.025477371 0.010337765 0.489750307 0.871429097
239.358400000 212.801185335 -170.086057340 11.456703211 0.025497417 0.012128761 0.489867219 0.871339706
239.462000000 213.250084406 -169.314193976 11.454212710 0.025036433 0.015292723 0.490521264 0.870935244
239.565600000 213.678446987 -168.619315596 11.482040173 0.023733118 0.015086339 0.490286628 0.871107436
239.669300000 214.109905829 -167.890963234 11.518938141 0.021208826 0.012504756 0.490380394 0.871160654
239.773000000 214.490816011 -167.244056055 11.515851042 0.022873371 0.011703439 0.490866179 0.870856034
239.876600000 214.899950750 -166.533798730 11.506589529 0.022390306 0.012272211 0.491562791 0.870467742
239.980200000 215.323694598 -165.858119649 11.481652801 0.021559008 0.012928717 0.492276145 0.870076005
240.083800000 215.699672457 -165.256206743 11.584789882 0.022971494 0.014116867 0.493436765 0.869363666
240.187600000 216.086614006 -164.723160454 11.607258294 0.022733815 0.014660634 0.494919910 0.868517428
240.291300000 216.407639226 -164.097537252 11.586216025 0.021533322 0.015270778 0.496879362 0.867418018
240.394800000 216.717152062 -163.441322092 11.578720549 0.021451592 0.015100595 0.499934408 0.865665864
240.498500000 217.093824681 -162.784581762 11.580554113 0.020668088 0.014803191 0.503855838 0.863413568
240.602100000 217.373862351 -162.221541539 11.573452428 0.020283293 0.015787662 0.507406575 0.861323346
240.705800000 217.561462550 -161.781611381 11.562583126 0.019113504 0.013563829 0.511812501 0.858777422
240.809400000 217.875775065 -161.318752778 11.632290958 0.021126499 0.012403038 0.517059223 0.855598969
240.912900000 218.183969758 -160.844272364 11.625969438 0.024092003 0.009301129 0.524335185 0.851120249
241.016400000 218.431897784 -160.233984467 11.638120501 0.027415256 0.008459481 0.533192336 0.845507406
241.119800000 218.629186458 -159.726647381 11.641181545 0.027286907 0.007928525 0.544619376 0.838201825
241.223300000 218.820096697 -159.167324969 11.666474046 0.023254148 0.007774105 0.557707632 0.829675241
241.326800000 218.976221879 -158.578797506 11.660754893 0.021051277 0.008730708 0.571229888 0.820473664
241.430300000 219.129800876 -158.044242779 11.657725073 0.018550554 0.009009317 0.585353051 0.810516202
241.533800000 219.245683016 -157.539456947 11.668187133 0.016659974 0.009242340 0.600057161 0.799730222
241.637400000 219.375986570 -156.965310801 11.690519613 0.014387556 0.008918411 0.614048865 0.789086466
241.740900000 219.477812503 -156.435601939 11.693985266 0.013098181 0.008064697 0.628321425 0.777801765
241.844500000 219.553594659 -155.859310493 11.694668188 0.012362363 0.007043874 0.641619375 0.766891214
241.948100000 219.621277977 -155.307236967 11.686989692 0.011488723 0.006848621 0.655150869 0.755379669
242.052300000 219.619010136 -154.746929879 11.763739246 0.010335582 0.004748710 0.668179807 0.743912879
242.155500000 219.653444116 -154.168378879 11.741512868 0.008435454 0.002310718 0.680281585 0.732898675
242.259300000 219.712312414 -153.639410948 11.705071259 0.006276301 0.000652661 0.690635111 0.723175861
242.363000000 219.713143168 -153.067303439 11.710708204 0.004501128 0.000857811 0.698995878 0.715111016
242.466800000 219.653860354 -152.387945731 11.704418641 0.002082136 0.002477154 0.705105207 0.709095322
242.570800000 219.669651490 -151.739278536 11.692474999 -0.001892898 0.003867437 0.709724437 0.704466240
242.674600000 219.628931424 -151.120937418 11.712889400 -0.004210172 0.002860069 0.713668175 0.700465438
242.778500000 219.604484772 -150.488258273 11.682333577 -0.006110347 0.001165666 0.717272511 0.696764989
242.882600000 219.603305831 -149.825216423 11.683556458 -0.006582879 0.000937227 0.718876963 0.695105531
242.986100000 219.530374492 -149.188718472 11.687944708 -0.005506059 0.001222510 0.720027264 0.693922854
243.090000000 219.481838737 -148.468069883 11.652054070 -0.004832931 0.002242151 0.720744986 0.693179833
243.193700000 219.491500767 -147.766799197 11.710972527 -0.002035345 0.004356437 0.720999876 0.692918507
243.297800000 219.464481389 -147.065379621 11.778686140 0.000043517 0.004532422 0.720986018 0.692934786
243.401100000 219.451396063 -146.347906766 11.780997634 0.002801585 0.004620094 0.721282086 0.692620357
243.504900000 219.403781860 -145.586601708 11.790428365 0.005117148 0.004886938 0.721411512 0.692470478
243.608600000 219.339315120 -144.789442981 11.732723382 0.004323027 0.004317755 0.721210532 0.692688990
243.712200000 219.345004762 -143.983685343 11.674097489 0.003126094 0.005465588 0.720259339 0.693676322
243.816300000 219.334754182 -143.171470406 11.704014043 0.002449007 0.007390020 0.719596742 0.694348557
243.919700000 219.313971677 -142.368380061 11.765923106 0.002030297 0.006932676 0.718874998 0.695101829
244.023400000 219.271024578 -141.587266725 11.792669350 0.004197387 0.005164718 0.717601899 0.696421727
244.127100000 219.231999908 -140.745968859 11.776864569 0.007111645 0.003351405 0.716091110 0.697962545
244.230800000 219.202681581 -139.856404648 11.738066285 0.009194564 0.004171141 0.714255674 0.699812042
244.334400000 219.182180930 -139.011318245 11.715881972 0.009476684 0.005767367 0.712957791 0.701119190
244.438200000 219.185368732 -138.055627907 11.737729818 0.009569580 0.007489303 0.711227947 0.702856415
244.541800000 219.210245064 -137.143022410 11.731942812 0.009634621 0.008798501 0.709551031 0.704533246
244.645500000 219.190602468 -136.227484419 11.697069862 0.008710818 0.009762667 0.708299659 0.705790624
244.749100000 219.201083401 -135.240835025 11.692194390 0.008291306 0.011178426 0.706684083 0.707392327
244.852900000 219.217814332 -134.268205489 11.774320110 0.011852007 0.013675926 0.705422182 0.708556310
244.956500000 219.276448601 -133.320783782 11.816569446 0.016406262 0.014056847 0.704232495 0.709640636
245.060100000 219.266014552 -132.325273271 11.772358247 0.018694019 0.010593578 0.704053212 0.709822080
245.163700000 219.290826897 -131.350702456 11.746885922 0.022321724 0.010073339 0.703845245 0.709931081
245.267400000 219.259400106 -130.381724416 11.829370830 0.023247752 0.010295460 0.704014274 0.709730546
245.371100000 219.246275397 -129.346157071 11.839519834 0.020098739 0.011019500 0.703719589 0.710107986
245.474700000 219.270825071 -128.322192287 11.835910596 0.015634653 0.014002474 0.704131569 0.709759271
245.578300000 219.231809638 -127.221601012 11.783491149 0.011562244 0.015089750 0.704559952 0.709389799
245.681900000 219.263518668 -126.158812559 11.800687771 0.009924804 0.015664297 0.705709046 0.708259042
245.785600000 219.253143707 -125.251355419 11.847823806 0.013466671 0.015401414 0.707149463 0.706768054
245.889300000 219.236494047 -124.258453344 11.859968050 0.017564228 0.012269287 0.708244147 0.705642396
245.992800000 219.248533455 -123.239886377 11.875538419 0.019742205 0.010247332 0.709307225 0.704548436
246.096500000 219.174027761 -122.226383134 11.878115419 0.018553930 0.010138116 0.710283674 0.703597948
246.200100000 219.161988305 -121.136466554 11.894589054 0.016770476 0.011560658 0.710977621 0.702919572
246.303700000 219.210121077 -120.132943513 11.922532591 0.014575983 0.013518427 0.711233929 0.702674243
246.407500000 219.200527581 -119.028966436 11.893163742 0.010759250 0.013985464 0.712129596 0.701826250
246.511200000 219.166918096 -118.042205586 11.920430154 0.010040715 0.015590485 0.712929429 0.700990549
246.614800000 219.119946024 -117.106002625 11.914538960 0.010699794 0.014196450 0.712705791 0.701237785
246.718600000 219.141778976 -116.172045253 11.969937786 0.011377194 0.010379294 0.712542515 0.701459902
246.822300000 219.126710448 -115.182796692 11.970174910 0.013494997 0.009273149 0.713135606 0.700834860
246.925900000 219.075778311 -114.146376266 11.936482657 0.012168695 0.008862422 0.713164763 0.700834789
247.029700000 219.032541970 -113.142387786 11.908480446 0.009583882 0.010954339 0.712814862 0.701201201
247.133300000 219.029268700 -112.097322377 11.918230319 0.009111879 0.014041426 0.712562661 0.701408772
247.236900000 219.023238381 -111.095563979 11.965384332 0.009824563 0.014854180 0.712288048 0.701661292
247.340500000 218.995440289 -110.150715530 11.990208764 0.012447251 0.013871449 0.711729623 0.702206232
247.444100000 219.016313180 -109.192975388 11.969729890 0.014588934 0.011666481 0.710836923 0.703108757
247.547900000 219.028804834 -108.149830174 12.074216792 0.019349875 0.011947963 0.709120118 0.704720858
247.651500000 219.039040124 -107.148701766 12.073215833 0.019296500 0.010219081 0.708491016 0.705381950
247.755100000 219.042378155 -106.167047499 12.096245511 0.018774046 0.012987188 0.708533637 0.705307702
247.858800000 219.048985207 -105.155482353 12.026923671 0.017878479 0.016908041 0.708401231 0.705380871
247.962400000 219.001782781 -104.176091295 12.079861717 0.017616427 0.017773024 0.708107012 0.705661562
248.066100000 219.021667590 -103.351480089 12.083120939 0.017139458 0.016065227 0.707739294 0.706083025
248.169800000 219.001774300 -102.415676358 12.069718562 0.017014180 0.015555373 0.708106710 0.705729010
248.273400000 218.989729397 -101.426187145 12.100373756 0.018931495 0.016248030 0.708588188 0.705181097
248.377000000 218.932786784 -100.389262080 12.180769571 0.020304370 0.016066899 0.708403484 0.705332610
248.480700000 218.932883555 -99.440605073 12.170445596 0.021089203 0.018648178 0.709236849 0.704407966
248.584300000 218.932023834 -98.575204843 12.185473386 0.019833857 0.021741783 0.709942378 0.703644607
248.688000000 218.959045409 -97.668781304 12.208021168 0.019362534 0.023025616 0.710702381 0.702849229
248.791600000 218.940974052 -96.758920394 12.193785644 0.020999698 0.024033716 0.711350461 0.702112466
248.895200000 218.911980159 -95.814999330 12.222759365 0.020313866 0.024386798 0.712993623 0.700451800
248.998900000 218.839256997 -94.897842425 12.235870295 0.018031741 0.023539123 0.714379359 0.699130101
249.102500000 218.762809293 -93.984145820 12.201979717 0.015441975 0.022099908 0.715791140 0.697793797
249.206100000 218.751630015 -93.080670302 12.204075577 0.013719713 0.020117857 0.716973797 0.696674685
249.309900000 218.792979134 -92.234067354 12.217887406 0.014757819 0.019858611 0.717373531 0.696249279
249.413400000 218.733862012 -91.359822549 12.269409305 0.015482635 0.018472738 0.718704629 0.694897620
249.517200000 218.701742447 -90.492513603 12.275485401 0.016312399 0.019229716 0.719424881 0.694112358
249.620800000 218.636945859 -89.733409774 12.351029184 0.017068602 0.019714980 0.719397113 0.694109340
249.724500000 218.495835173 -88.895815070 12.337986296 0.016063413 0.019639757 0.719914507 0.693598839
249.828200000 218.503523216 -88.079933851 12.257568841 0.013033131 0.018826256 0.719347445 0.694272975
249.931900000 218.561309812 -87.368499718 12.264723277 0.012194203 0.018699369 0.718398147 0.695273858
250.035500000 218.522441159 -86.557449986 12.283328664 0.010393585 0.017762795 0.717378977 0.696379106
250.139100000 218.367748297 -85.816121432 12.313128068 0.010452213 0.017177195 0.717045857 0.696735914
250.242800000 218.337858962 -85.128670168 12.300082530 0.010335770 0.018409776 0.714675867 0.699137080
250.346500000 218.269768012 -84.502497778 12.246878590 0.006747607 0.017308719 0.712727260 0.701195216
250.450300000 218.252404523 -83.843519086 12.223940510 0.006159248 0.016816423 0.709497324 0.704480531
250.554000000 218.177234088 -83.222007654 12.233482260 0.006892491 0.016392254 0.705229677 0.708755875
250.657900000 218.191852120 -82.619511692 12.202644700 0.006086560 0.015437165 0.699861234 0.714086060
250.761600000 218.200461194 -82.003622649 12.206551680 0.007903784 0.016105106 0.693564887 0.720170746
250.865400000 218.160244814 -81.343254950 12.122271209 0.005478758 0.015231333 0.684670825 0.728672664
250.969300000 218.144212607 -80.699142383 12.101554602 0.004930146 0.015686885 0.676079337 0.736645332
251.072900000 218.155480800 -80.049576447 12.071191752 0.003904580 0.014562012 0.667034498 0.744874272
251.176800000 218.273716637 -79.518128383 12.018516520 0.002145518 0.013997995 0.655779833 0.754819358
251.280600000 218.460935183 -79.049056120 12.020684819 0.002075069 0.014873561 0.642165176 0.766419179
251.384400000 218.681672096 -78.501321195 11.978934488 0.000280489 0.012233969 0.627272008 0.778704103
251.488200000 218.831152546 -77.905230716 11.947616327 0.000455889 0.010150257 0.611253168 0.791369907
251.591900000 219.020393937 -77.360060705 11.896948111 -0.001290418 0.007604468 0.593396976 0.804872993
251.695800000 219.225430607 -76.759909400 11.856436317 -0.004853972 0.004171447 0.573829119 0.818950047
251.799700000 219.378727280 -76.285520977 11.971762120 -0.004610113 0.001816836 0.552287454 0.833639019
251.903600000 219.682997798 -75.757513051 11.908439825 -0.008809228 -0.002457256 0.529367236 0.848343497
252.007400000 219.945446892 -75.260767775 11.965780434 -0.007009131 -0.001351845 0.505691657 0.862684759
252.111200000 220.190680255 -74.823260166 11.996481133 -0.007749344 -0.000086037 0.479343709 0.877593043
252.215100000 220.631188275 -74.369540609 12.088992593 -0.008028582 0.001837438 0.451986474 0.891986767
252.318800000 221.136856162 -73.859819751 12.045360815 -0.007828349 0.002746405 0.423280722 0.905960598
252.422500000 221.551089874 -73.484357863 12.032512505 -0.006454271 0.004570522 0.395834162 0.918287955
252.526200000 221.978683858 -73.106239717 12.033802614 -0.005912399 0.003547411 0.368878370 0.929452101
252.629800000 222.397184651 -72.801392120 12.061484951 -0.006529827 -0.000251562 0.341032910 0.940028644
252.733400000 222.834729370 -72.425161142 12.042114253 -0.007664254 -0.004819656 0.314025300 0.949371445
252.837000000 223.358835203 -72.051760964 12.028048855 -0.006386961 -0.008232177 0.288153569 0.957527524
252.940600000 223.832550807 -71.830447384 12.052826423 -0.001187583 -0.008499614 0.262359000 0.964932175
253.044200000 224.300633937 -71.638783228 12.109030078 0.002044955 -0.007285447 0.236172975 0.971681566
253.147900000 224.892608447 -71.352969583 12.139599879 0.003045413 -0.005670220 0.209126223 0.977867474
253.251500000 225.510383843 -71.120380518 12.170315107 0.002672467 -0.005403121 0.183754158 0.982953749
253.355100000 226.161935431 -70.944343925 12.139360311 0.003268439 -0.004453874 0.158671151 0.987316032
253.458700000 226.793037411 -70.765518881 12.167435460 0.003645442 -0.004169681 0.134707252 0.990869962
253.562300000 227.438573592 -70.595634657 12.203941116 0.002187395 -0.004634508 0.111287635 0.993775024
253.665800000 228.061103081 -70.504159565 12.238664063 0.004552107 -0.005229166 0.089360916 0.995975181
253.769300000 228.650085120 -70.473652453 12.217045866 0.004512351 -0.009164022 0.071161109 0.997412530
253.872700000 229.260888865 -70.398056359 12.253015881 0.009348408 -0.011280542 0.055980270 0.998324379
253.976200000 229.982265089 -70.366959165 12.311779608 0.010066296 -0.013829511 0.041634223 0.998986489
254.079700000 230.720139686 -70.277807605 12.328956211 0.013430098 -0.011815821 0.030414777 0.999377286
254.183000000 231.438028351 -70.207470016 12.338704235 0.012558165 -0.007006289 0.020800469 0.999680221
254.286200000 232.265660095 -70.265441053 12.301472902 0.009959046 -0.001854129 0.012399389 0.999871809
254.389800000 233.054645908 -70.313764181 12.317407952 0.012512119 0.000052705 0.005707911 0.999905427
254.492900000 233.796093492 -70.250201582 12.327843721 0.013549940 0.000624150 0.001617472 0.999906692
254.596200000 234.632959743 -70.265981086 12.319733058 0.016226436 -0.001133755 -0.001708953 0.999866239
254.699700000 235.432167440 -70.253411368 12.282261910 0.015325643 -0.003249209 -0.002816125 0.999873310
254.803100000 236.212613916 -70.272005454 12.291149399 0.016792324 -0.003646204 -0.003632285 0.999845753
254.906600000 236.870332191 -70.293712654 12.309982213 0.016756868 -0.004800628 -0.003204887 0.999842933
255.010100000 237.680182931 -70.367183887 12.344359415 0.018151197 -0.003148123 -0.003751268 0.999823260
255.113500000 238.520180135 -70.377843741 12.361708254 0.022014969 -0.001699066 -0.003897578 0.999748600
255.217000000 239.353668245 -70.376003214 12.384533813 0.024663708 -0.003732496 -0.003571097 0.999682458
255.320700000 240.129558896 -70.345613971 12.420957806 0.027983727 -0.007352059 -0.003752786 0.999574297
255.424300000 240.940992403 -70.308319889 12.483030479 0.030506211 -0.010134584 -0.003030475 0.999478603
255.527900000 241.763455035 -70.361057293 12.470612109 0.033427504 -0.012125836 -0.001520710 0.999366426
255.631500000 242.563924456 -70.337026287 12.558133646 0.038885607 -0.011209597 -0.000560192 0.999180635
255.735200000 243.411861213 -70.376645284 12.565495227 0.042124333 -0.009481258 0.000471871 0.999067277
255.838700000 244.316006334 -70.400090339 12.574151653 0.041301132 -0.006098585 0.002016991 0.999126096
255.942300000 245.219353394 -70.362663357 12.510807354 0.041884788 -0.003135820 0.003469001 0.999111504
256.046100000 246.117786191 -70.327485116 12.573821420 0.040377107 -0.000443432 0.004781416 0.999172973
256.149700000 246.962767410 -70.303277221 12.570149451 0.037043378 0.001307213 0.004953619 0.999300526
256.253400000 247.859875424 -70.294541814 12.530409205 0.034097468 0.002300364 0.005593773 0.999400210
256.357400000 248.754950534 -70.231581562 12.581433610 0.031915645 -0.000401568 0.005708332 0.999474184
256.460700000 249.637840656 -70.282080837 12.624080749 0.030801074 -0.004574146 0.005495453 0.999499960
256.564400000 250.549521059 -70.283327678 12.611177104 0.029540340 -0.007313561 0.005816557 0.999519909
256.668100000 251.452717935 -70.228571045 12.640072320 0.028226627 -0.007724825 0.005720441 0.999555332
256.771700000 252.430157689 -70.191428191 12.639476338 0.026218389 -0.005270815 0.005856880 0.999625186
256.875400000 253.379093197 -70.157179966 12.635597866 0.026029322 -0.002984577 0.004871950 0.999644852
256.979100000 254.363141487 -70.149959539 12.637756117 0.022916204 -0.000602727 0.004477019 0.999727183
257.082600000 255.374648758 -70.189052895 12.614810960 0.020687364 0.001684872 0.003020951 0.999780010
257.186200000 256.303542771 -70.152631132 12.631169061 0.016389762 0.002785222 0.002666631 0.999858244
257.289800000 257.275278309 -70.149741044 12.586195573 0.015271853 -0.000403482 0.002576343 0.999879978
257.393500000 258.260348697 -70.123513779 12.644771128 0.018442079 -0.005488863 0.002373097 0.999812048
257.497000000 259.255844449 -70.101399421 12.715334559 0.021193929 -0.007146198 0.003138559 0.999744917
257.600600000 260.267168193 -70.110130969 12.659427923 0.019833608 -0.003043979 0.004001887 0.999790652
257.704200000 261.321661270 -70.150786631 12.603347757 0.022030379 0.001152963 0.004006018 0.999748611
257.807900000 262.404236454 -70.122982838 12.611293117 0.023416394 0.002785301 0.004532760 0.999711643
257.911500000 263.538407916 -70.087970337 12.699764555 0.025974187 0.001234032 0.005234381 0.999648148
258.015200000 264.639559102 -70.045908717 12.751648042 0.025955133 -0.001385344 0.005549882 0.999646743
258.118800000 265.668793448 -70.033028342 12.825740553 0.028189959 -0.002523461 0.006281181 0.999579664
258.222400000 266.676855836 -70.062669687 12.844362831 0.029873291 -0.001316876 0.006455039 0.999531983
258.326100000 267.838539892 -70.112724794 12.874509527 0.032768709 -0.000943867 0.005771263 0.999445853
258.429600000 269.047271276 -70.059004774 12.819003828 0.026642275 0.001044549 0.006826126 0.999621179
258.533400000 270.128413929 -70.004020563 12.830999271 0.025408777 0.002259959 0.008136571 0.999641477
258.637000000 271.235194504 -69.969764688 12.831440358 0.024195243 0.002914114 0.007040406 0.999678214
258.740600000 272.240920522 -69.903489327 12.806407665 0.024833596 0.002964731 0.006422113 0.999666574
258.844300000 273.312249799 -69.956132305 12.806776094 0.025560639 0.000983145 0.004886814 0.999660846
258.947900000 274.385003891 -69.971424017 12.872813422 0.026939326 -0.000899551 0.005885102 0.999619342
259.051600000 275.432415372 -69.915915747 12.836171703 0.027008483 -0.001006471 0.007341023 0.999607742
259.155200000 276.363385425 -69.901040309 12.836442833 0.027838726 -0.001930262 0.007647378 0.999581311
259.258900000 277.383160547 -69.814741507 12.879931973 0.027775651 -0.003490344 0.007980540 0.999576231
259.362500000 278.471238024 -69.831553748 12.924015114 0.027816420 -0.004288297 0.008315109 0.999569265
259.466200000 279.587672447 -69.787879416 12.925481831 0.024787376 -0.001887851 0.009966741 0.999641279
259.569800000 280.620211915 -69.767044189 12.869711903 0.026034452 0.002629951 0.010938272 0.999597742
259.673400000 281.714183955 -69.701764355 12.864341140 0.024977842 0.003077499 0.010738212 0.999625594
259.777000000 282.752981025 -69.680076088 12.898692152 0.024295996 0.000318938 0.010307146 0.999651622
259.880600000 283.749706325 -69.624741636 12.962375867 0.026145827 -0.001712659 0.009968327 0.999606970
259.984300000 284.757857852 -69.587878661 12.978243779 0.025093710 -0.001897384 0.009533398 0.999637844
260.088000000 285.776827914 -69.612272645 12.985882560 0.024459169 -0.001774689 0.009114009 0.999657709
260.191600000 286.822521002 -69.565220557 13.043716621 0.024271487 -0.000808546 0.008076304 0.999672454
260.295200000 287.871844218 -69.567454868 12.996693126 0.021104079 0.000492639 0.008238910 0.999743215
260.398800000 288.877261953 -69.549975210 12.989800211 0.020853159 0.000024041 0.007864803 0.999751614
260.502700000 289.866224564 -69.487162962 13.004662460 0.020026066 -0.001822883 0.007761170 0.999767672
260.606300000 290.912494558 -69.452618237 13.062355508 0.019728301 -0.002855739 0.008015510 0.999769169
260.709900000 291.977554590 -69.457472809 13.034853860 0.020227386 -0.002359508 0.007808385 0.999762129
260.813600000 292.987970754 -69.386224949 13.054798993 0.019169775 -0.000279387 0.007472869 0.999788277
260.917100000 294.120643733 -69.351805659 13.084926580 0.019018626 0.000905940 0.006528354 0.999797405
261.020900000 295.293643343 -69.290640517 13.105010931 0.021533485 0.001844775 0.008342686 0.999731617
261.124500000 296.413997801 -69.354381303 13.099539943 0.021390593 0.001605001 0.007984468 0.999738023
261.228100000 297.447056167 -69.359425468 13.155460885 0.020912827 0.001007893 0.008697585 0.999742962
261.331800000 298.451740284 -69.282804104 13.157932813 0.023801453 0.000121769 0.009493520 0.999671621
261.435400000 299.418183703 -69.275256576 13.191005362 0.024232479 -0.001274966 0.010255467 0.999652933
261.539100000 300.397581776 -69.268351976 13.236728234 0.024580806 -0.000806793 0.011672060 0.999629379
261.642700000 301.404540437 -69.279192432 13.150160202 0.022086117 0.003183175 0.013586214 0.999658685
261.746300000 302.412043908 -69.245683930 13.129051164 0.021981560 0.006350556 0.015352236 0.999620323
261.850200000 303.336569019 -69.198499493 13.167757163 0.022253225 0.007453958 0.016776883 0.999583798
261.953700000 304.308625058 -69.145106153 13.148200476 0.021314301 0.005471364 0.017390807 0.999606585
262.057300000 305.266644135 -69.153800410 13.114316494 0.021329382 0.002018875 0.019724721 0.999575869
262.160900000 306.353296922 -69.094386528 13.212448149 0.025354287 -0.001642033 0.019907512 0.999478942
262.264500000 307.371028883 -69.041708899 13.220716413 0.024706580 -0.002102951 0.022493532 0.999439445
262.368600000 308.408592698 -68.973421058 13.184435037 0.026818175 -0.001389008 0.024768403 0.999332468
262.471800000 309.354847615 -68.894091256 13.232786395 0.029051380 -0.002324422 0.027488211 0.999197184
262.575500000 310.338526062 -68.805892295 13.254120168 0.023299414 -0.004589908 0.030105117 0.999264606
262.679300000 311.248661777 -68.783064053 13.253531122 0.017710397 -0.005335902 0.032491255 0.999300850
262.782800000 312.295767261 -68.744731612 13.207904010 0.018727165 -0.002396440 0.034409406 0.999229475
262.886300000 313.276173170 -68.720708441 13.257637955 0.017170415 -0.000745339 0.037477525 0.999149667
262.990100000 314.254197638 -68.569549990 13.319299917 0.018619165 0.000123963 0.040774123 0.998994886
263.093700000 315.257142202 -68.486693837 13.375390153 0.019516883 -0.000034769 0.043135623 0.998878575
263.197400000 316.313824412 -68.328497694 13.355673419 0.012456188 -0.000241341 0.044466248 0.998933200
263.301200000 317.267266256 -68.237261678 13.344936964 0.004750109 -0.000418304 0.045119268 0.998970226
263.404800000 318.272384599 -68.100850711 13.371099184 0.003933267 -0.000446127 0.045661821 0.998949112
263.508500000 319.221696757 -68.007894834 13.444580222 0.000998876 -0.001720009 0.045784405 0.998949364
263.612300000 320.292293496 -67.881564136 13.468953286 -0.000801758 -0.003231746 0.045203281 0.998972260
263.715900000 321.295229362 -67.845519578 13.478105073 -0.001284278 -0.004235139 0.043390799 0.999048374
263.819600000 322.191504296 -67.719486710 13.462535522 -0.000848374 -0.002909069 0.040818469 0.999161984
263.923200000 323.157689295 -67.626182342 13.480549997 0.000748790 -0.001048317 0.038320206 0.999264681
264.027000000 324.144675677 -67.572674402 13.484279431 0.000931874 0.001079691 0.035092961 0.999383035
264.130600000 325.095276862 -67.488997419 13.454245978 -0.002592132 0.003275953 0.032015024 0.999478658
264.234200000 326.107636586 -67.481274762 13.385490223 -0.006211675 0.004190606 0.028842153 0.999555893
264.337800000 327.059274086 -67.365881856 13.395553213 -0.005179028 0.002221737 0.026065844 0.999644343
264.441500000 328.197589441 -67.310623180 13.493571109 -0.004741061 -0.001319836 0.023194762 0.999718852
264.545100000 329.164236782 -67.252737458 13.537614145 -0.007116881 -0.003448121 0.019487421 0.999778826
264.648700000 330.160371815 -67.215318595 13.561938127 -0.006875455 -0.002491856 0.016281995 0.999840695
264.752300000 331.075162855 -67.165440327 13.510528409 -0.004966611 -0.000670202 0.015295506 0.999870457
264.855900000 332.037849346 -67.161604421 13.534400968 -0.002139506 -0.000539334 0.013437865 0.999907273
264.959500000 333.034143075 -67.111618111 13.564941009 -0.002053501 -0.001251183 0.012219679 0.999922446
265.063100000 334.074075378 -67.102140503 13.580694728 -0.001636172 -0.001798315 0.010091147 0.999946127
265.166900000 335.164268808 -67.050445017 13.600945713 -0.000960128 -0.001119207 0.008037044 0.999966615
265.270500000 336.162972169 -67.038059859 13.574600468 -0.003772235 -0.001908367 0.006465876 0.999970160
265.374100000 337.149477840 -67.014285804 13.639768948 -0.004603782 -0.002433201 0.005202578 0.999972909
265.477800000 338.152823411 -67.015160728 13.624399323 -0.005869321 -0.001360446 0.004173606 0.999973140
265.581500000 339.155980939 -66.970632850 13.615279659 -0.003565730 0.002124493 0.004308562 0.999982104
265.685200000 340.134755279 -66.992242036 13.584847473 -0.002910549 0.003603744 0.003933015 0.999981536
265.788800000 341.182261918 -66.975042083 13.647886337 -0.003557649 0.000818558 0.003221077 0.999988149
265.892600000 342.323115367 -66.963368127 13.697163182 -0.004264218 -0.002251069 0.001668908 0.999986982
265.996200000 343.410669170 -66.973894509 13.744060927 -0.006763493 -0.003131817 0.002191635 0.999969821
266.099800000 344.410245623 -66.938150952 13.741694339 -0.004216308 -0.001563263 0.002313477 0.999987213
266.203500000 345.368779405 -66.901335910 13.730264545 -0.003576884 0.000496928 0.001193599 0.999992767
266.307100000 346.390313270 -66.877273407 13.725431685 -0.001715416 0.000116877 0.001156589 0.999997853
266.410900000 347.365029982 -66.918216808 13.770444277 0.000720855 0.000125107 0.001409593 0.999998739
266.514500000 348.368195077 -66.954338067 13.714603809 0.000241595 0.001057514 0.001128534 0.999998775
266.618100000 349.378125691 -66.900561610 13.711864216 0.000886250 0.002823577 0.001231512 0.999994863
266.721900000 350.304615882 -66.884899671 13.761069616 0.002385537 0.002028984 0.000132482 0.999995087
266.825500000 351.223780410 -66.933832094 13.790237191 0.004117189 0.000923400 -0.001400280 0.999990118
266.929100000 352.219888223 -66.904187702 13.777244636 0.005256185 -0.000038727 -0.001089244 0.999985592
267.032800000 353.157526688 -66.929168311 13.812130270 0.007589397 -0.000715523 -0.002393764 0.999968079
267.136500000 354.059445245 -66.924998658 13.835240978 0.007246447 -0.001052932 -0.003090904 0.999968413
267.240200000 354.882550085 -66.898731434 13.835099463 0.006166830 -0.001203498 -0.004526991 0.999970014
267.343800000 355.738438811 -66.873790758 13.835988138 0.003944104 0.000061434 -0.006720482 0.999969637
267.447600000 356.635617112 -66.904009811 13.848071287 0.001051294 0.000255420 -0.009693685 0.999952430
267.551200000 357.501831991 -66.919924577 13.848842825 0.000998497 -0.001551683 -0.012459368 0.999920677
267.654800000 358.334412956 -66.974290188 13.888271819 0.000460589 -0.003125206 -0.015549478 0.999874109
267.758400000 359.127978165 -66.959871351 13.897428249 0.001584804 -0.002301747 -0.017822010 0.999837270
267.862100000 359.947491638 -66.994083019 13.860903693 0.003955785 0.000973338 -0.020526492 0.999781010
267.965700000 360.759067715 -67.044102820 13.804327434 0.003203649 0.004393183 -0.023597296 0.999706759
268.069400000 361.487228730 -67.063286765 13.779673553 0.002121932 0.004939064 -0.025095727 0.999670600
268.173000000 362.231167492 -67.094585499 13.808343958 0.002073644 0.004034562 -0.026015235 0.999651254
268.276600000 363.021922166 -67.134815768 13.874360032 0.000749953 0.002131600 -0.026892954 0.999635765
268.380200000 363.725011263 -67.179076066 13.882303675 0.001792631 0.000107305 -0.026940058 0.999635438
268.483800000 364.396089395 -67.242037699 13.948280489 0.002023488 -0.001493860 -0.026815024 0.999637248
268.587600000 365.037235824 -67.284744098 13.943038912 0.007115163 -0.004199807 -0.026957840 0.999602426
268.691200000 365.638661324 -67.277144448 13.892534904 0.004873365 -0.006052300 -0.026161771 0.999627521
268.794800000 366.250133066 -67.319076856 13.926357204 0.004789253 -0.006110045 -0.024416273 0.999671734
268.898400000 366.976044083 -67.395939665 13.981055343 0.004851028 -0.004984006 -0.023183106 0.999707042
269.002000000 367.789551940 -67.455264873 13.904992231 0.006072809 -0.001554486 -0.021021048 0.999759381
269.105800000 368.418823500 -67.485732641 13.891550797 0.007829187 0.000347100 -0.017832543 0.999810274
269.209400000 369.036245707 -67.501843574 13.919244003 0.009961400 0.000520570 -0.013592307 0.999857864
269.313000000 369.738819491 -67.479586901 13.943999913 0.008713587 -0.001318770 -0.008298857 0.999926729
269.416500000 370.436304930 -67.400947780 13.934855031 0.007256453 -0.002359889 -0.001198087 0.999970169
269.520100000 371.127231918 -67.433644791 13.959575611 0.009175562 -0.003446553 0.005454930 0.999937085
269.623700000 371.727428654 -67.454823730 14.008938779 0.008599375 -0.002964487 0.012703034 0.999877940
269.727400000 372.522837618 -67.435802043 14.012031807 0.008214251 -0.003445429 0.020921658 0.999741436
269.830900000 373.345765553 -67.297820603 14.017707963 0.005046006 -0.003464582 0.027426935 0.999605071
269.934700000 373.992891848 -67.288380700 14.017993092 0.002386451 -0.003309845 0.035065603 0.999376682
270.038300000 374.682972125 -67.207297099 14.028757292 0.002418041 -0.003653138 0.040688420 0.999162279
270.142100000 375.334428827 -67.159034700 14.032376205 0.000389813 -0.004791303 0.044914517 0.998979268
270.245800000 376.027618283 -67.114373751 14.011693508 -0.002594095 -0.006299681 0.048129128 0.998817887
270.349500000 376.792903467 -66.933070509 13.972257839 -0.006145046 -0.008296464 0.049702493 0.998710704
270.453300000 377.539794318 -66.880752526 14.026984316 -0.005301755 -0.008404629 0.050444147 0.998677446
270.557000000 378.293637132 -66.685864962 14.067851742 -0.005320691 -0.006953238 0.049647465 0.998728428
270.660700000 379.059835744 -66.639263253 14.052489310 -0.007854478 -0.004035454 0.047793389 0.998818209
270.764500000 379.819133264 -66.612960028 14.001027889 -0.008847536 -0.001572214 0.044788957 0.998956054
270.868200000 380.629105887 -66.548999697 14.084755749 -0.006863388 -0.001510703 0.041157703 0.999127947
270.972000000 381.486039752 -66.404682982 14.090242932 -0.006231265 -0.005061893 0.036694181 0.999294294
271.075700000 382.317378676 -66.411730074 14.118664548 -0.005745526 -0.008092236 0.031718100 0.999447581
271.179400000 383.207674736 -66.346958798 14.098917194 -0.006726486 -0.006946746 0.026495446 0.999602165
271.283100000 384.059250879 -66.321814575 14.102466278 -0.007209154 -0.004469091 0.021366325 0.999735733
271.386800000 384.970868037 -66.266797604 14.112701726 -0.007184126 -0.003122259 0.014979122 0.999857123
271.490400000 385.853785820 -66.240353062 14.144839692 -0.007421625 -0.004735002 0.008632036 0.999923991
271.594200000 386.776111512 -66.250875986 14.144642032 -0.006814782 -0.008192806 0.002711457 0.999939541
271.697800000 387.597487942 -66.218367190 14.184202595 -0.005798920 -0.010847565 -0.002410200 0.999921444
271.801300000 388.522498284 -66.214389176 14.217505888 -0.005373228 -0.011194333 -0.006040482 0.999904659
271.904900000 389.515604572 -66.191228542 14.195749768 -0.005356948 -0.009152726 -0.008687413 0.999906025
272.008600000 390.532724724 -66.251664051 14.200604420 -0.001740433 -0.005352936 -0.010792343 0.999925918
272.112100000 391.526017570 -66.259269033 14.176197581 0.000216095 -0.004405846 -0.012916085 0.999906854
272.215700000 392.507406754 -66.322751312 14.224089222 0.000902918 -0.004661294 -0.015600520 0.999867032
272.319200000 393.482486169 -66.342345863 14.236236286 0.002015524 -0.005257753 -0.016067365 0.999855056
272.422900000 394.516730571 -66.417746479 14.275320666 0.005309044 -0.004572580 -0.014993561 0.999863040
272.526500000 395.575009488 -66.493433669 14.286614548 0.006049879 -0.003950103 -0.013865918 0.999877759
272.630100000 396.623948071 -66.506469394 14.266560226 0.008930268 -0.003318158 -0.012185252 0.999880373
272.733700000 397.651851963 -66.479529844 14.318031727 0.006947685 -0.003943127 -0.011084121 0.999906657
272.837300000 398.804189576 -66.555067914 14.323365975 0.007058710 -0.003592235 -0.009258973 0.999925768
272.941000000 399.913955387 -66.489722610 14.315012257 0.008037132 -0.002264031 -0.008353248 0.999930249
273.044700000 401.017731759 -66.515672022 14.326885740 0.009737419 -0.001355360 -0.005650976 0.999935704
273.148400000 402.013589369 -66.591349316 14.371428811 0.007850983 -0.003422796 -0.003384787 0.999957594
273.252000000 403.039195600 -66.619973023 14.436777396 0.008731823 -0.006180641 -0.002076923 0.999940619
273.355800000 404.119557693 -66.603103391 14.497084147 0.008501460 -0.006394756 0.000129513 0.999943406
273.459500000 405.251660124 -66.568226678 14.516462209 0.011350972 -0.003146308 0.002011014 0.999928603
273.563100000 406.361462590 -66.601362622 14.406224393 0.008477329 -0.000981762 0.002636694 0.999960109
273.666700000 407.392043122 -66.561218165 14.454957577 0.007222270 0.000318526 0.003660600 0.999967168
273.770400000 408.572473278 -66.558731251 14.486733542 0.007126036 -0.000759686 0.004543922 0.999963997
273.874100000 409.629993208 -66.480738775 14.548834720 0.002574508 -0.001155474 0.005825039 0.999979053
273.977700000 410.647345396 -66.448443880 14.446527106 0.002189422 -0.001165013 0.006619185 0.999975017
274.081300000 411.687899740 -66.480121581 14.493910048 0.004520327 -0.002009356 0.006319830 0.999967794
274.185000000 412.705601118 -66.428781840 14.555201987 0.003949073 -0.004240203 0.006427997 0.999962552
274.288800000 413.727963660 -66.373142542 14.514813549 0.000420633 -0.004729313 0.006293493 0.999968924
274.392500000 414.733845986 -66.378432537 14.513316588 0.003418985 -0.004383670 0.006651025 0.999962428
274.496100000 415.773223258 -66.330240740 14.499242297 0.005841577 -0.000994451 0.006801768 0.999959311
274.599800000 416.850093762 -66.328303408 14.502037432 0.009919380 0.001675181 0.006742662 0.999926665
274.703400000 417.857853031 -66.342483774 14.580928612 0.007799796 0.002767693 0.005969750 0.999947931
274.807100000 418.856688546 -66.306105466 14.584928596 0.006048880 0.001048462 0.006046389 0.999962876
274.910700000 419.954365799 -66.267835973 14.635025688 0.006561390 -0.001209479 0.005709080 0.999961445
275.014500000 420.997100883 -66.243479194 14.623826325 0.004421244 -0.003577185 0.005535465 0.999968507
275.118100000 422.029852077 -66.215828586 14.580149825 0.002011260 -0.005208535 0.005511360 0.999969225
275.221700000 423.038082503 -66.170724975 14.619762490 0.000913302 -0.006437192 0.004951735 0.999966604
275.325500000 424.021443435 -66.130935964 14.706912947 0.004057062 -0.005555673 0.004125755 0.999967826
275.429100000 425.010890010 -66.150296233 14.690744619 0.006336805 -0.002240085 0.004714179 0.999966301
275.532800000 426.050068934 -66.177623127 14.689345516 0.003958289 0.000333346 0.005562332 0.999976640
275.636400000 427.068651658 -66.134167081 14.717368297 0.003170513 -0.000137754 0.005668922 0.999978896
275.740000000 428.087593707 -66.129382833 14.756118801 0.005431411 -0.002291511 0.006100327 0.999964017
275.843600000 429.058890756 -66.114297691 14.756646745 0.003750771 -0.004081653 0.006736230 0.999961947
275.947300000 430.000852685 -66.109405733 14.834133761 0.006363378 -0.004308312 0.008088171 0.999937762
276.050900000 430.825316154 -66.102228594 14.851933533 0.007653230 -0.003141101 0.010423670 0.999911450
276.154500000 431.754623677 -66.028482682 14.856532075 0.006249526 -0.002789350 0.012044981 0.999904036
276.258100000 432.592503434 -65.991918049 14.820595180 0.004828862 -0.002010014 0.015318706 0.999868981
276.361800000 433.498028297 -66.021395609 14.891092145 0.010755948 -0.000500672 0.017545012 0.999788093
276.465300000 434.429718034 -65.908875892 14.891062423 0.008640333 0.001089092 0.020489664 0.999752135
276.568800000 435.299016521 -65.862614298 14.904397166 0.009243295 0.002904296 0.024671217 0.999648667
276.672500000 436.108785377 -65.845955837 14.954066115 0.005823449 0.003488123 0.028351752 0.999574959
276.776500000 436.850927689 -65.775391250 14.969520364 0.004067040 0.002369438 0.032493085 0.999460877
276.879900000 437.633776640 -65.686218671 14.944301551 0.003325377 0.001033641 0.035798231 0.999352971
276.983300000 438.438145115 -65.612301663 14.936147437 0.002085993 -0.000953762 0.039658635 0.999210654
277.087000000 439.177749020 -65.550739926 14.927214926 0.000866691 -0.002710563 0.043152579 0.999064441
277.190700000 439.966098441 -65.480408000 14.993584215 0.001604531 -0.004161514 0.047596417 0.998856691
277.294300000 440.682019806 -65.375691010 14.989302242 0.001975468 -0.003098397 0.052865982 0.998594855
277.397900000 441.392203580 -65.268937233 14.926592501 -0.000835529 -0.002704631 0.057972673 0.998314157
277.501600000 442.111088331 -65.232633521 14.982019140 -0.002647272 -0.001512841 0.062099429 0.998065311
277.605400000 442.788827657 -65.085101037 15.009983478 -0.002681199 0.000332670 0.066179901 0.997804049
277.709000000 443.507663554 -64.960868375 15.024044027 -0.005192771 0.000234521 0.068697606 0.997623987
277.812800000 444.118053173 -64.820168061 15.026970342 -0.010146642 0.001369692 0.069731177 0.997513274
277.916600000 444.737731234 -64.736175640 15.030509842 -0.014018454 0.002360879 0.067096944 0.997645182
278.020500000 445.286451752 -64.664842988 15.022177935 -0.017071101 0.003616695 0.062066002 0.997919490
278.124300000 445.845187570 -64.604868418 15.054827677 -0.017216391 0.003527378 0.054365132 0.998366459
278.228300000 446.325303698 -64.565914021 15.065959658 -0.021184383 0.003412876 0.043073668 0.998841446
278.332300000 446.873838637 -64.499154867 15.067743113 -0.022909847 0.002443984 0.028286995 0.999334284
278.436400000 447.334510238 -64.498104790 15.074889104 -0.023862119 0.002845405 0.008723221 0.999673151
278.540500000 447.948425211 -64.475811696 15.037034200 -0.025200253 0.002774760 -0.012603684 0.999599117
278.644600000 448.422441507 -64.593609130 15.035215165 -0.024846114 0.002337915 -0.038265451 0.998955935
278.748900000 448.833662188 -64.678684028 15.029071164 -0.024355759 0.001434686 -0.066809574 0.997467403
278.853000000 449.339507170 -64.756122913 15.054676085 -0.025179279 0.001618851 -0.097780956 0.994888068
278.957300000 449.777267408 -64.951568141 15.124634950 -0.021951223 0.001217741 -0.130438659 0.991212599
279.061200000 450.157140719 -65.158198365 15.143302860 -0.018011574 -0.000199822 -0.164701251 0.986179011
279.165400000 450.518500491 -65.361715789 15.121423083 -0.014450652 -0.000934994 -0.199965476 0.979695929
279.269700000 450.870922477 -65.531070746 15.133927281 -0.011764748 -0.002100777 -0.236350752 0.971594308
279.373400000 451.243597542 -65.802646272 15.190906411 -0.010056728 -0.002501906 -0.271728878 0.962318045
279.477800000 451.608405738 -66.195093473 15.184515067 -0.009381949 -0.001369203 -0.305952032 0.951999716
279.581300000 451.937090521 -66.507169999 15.172694434 -0.007953564 0.000429835 -0.339080946 0.940723481
279.684900000 452.183105731 -66.793450047 15.176799189 -0.003602795 0.001698612 -0.371456650 0.928441754
279.788700000 452.447268330 -67.202371873 15.185372288 0.000076936 0.002307077 -0.403521867 0.914967089
279.892300000 452.657481441 -67.543275747 15.152495770 0.003119187 0.001466471 -0.434525776 0.900652802
279.996000000 452.847725588 -67.894999858 15.209906126 0.005715937 0.000277568 -0.464566877 0.885519547
280.099700000 453.022868684 -68.247262444 15.210294803 0.006778133 -0.000821119 -0.493917415 0.869482012
280.203100000 453.175476647 -68.680076960 15.211549982 0.008604206 0.001033415 -0.522961412 0.852312303
280.306800000 453.378869616 -69.009035292 15.235652492 0.009162138 0.003815216 -0.550118305 0.835027754
280.410500000 453.454871175 -69.381711237 15.224879709 0.006901129 0.005778523 -0.575393256 0.817827356
280.514300000 453.499195244 -69.833930452 15.270291094 0.006222000 0.005551619 -0.599342626 0.800449176
280.617800000 453.585714371 -70.258233655 15.335955752 0.009318748 0.002303177 -0.621259247 0.783546300
280.721100000 453.669332797 -70.679177595 15.279099572 0.010263057 -0.000575475 -0.640534505 0.767860591
280.824500000 453.737081247 -71.166712447 15.189966443 0.009444583 -0.002770409 -0.657327486 0.753540776
280.927900000 453.768671391 -71.658155723 15.146345376 0.007695501 -0.004381525 -0.671367266 0.741071910
281.031400000 453.819270798 -72.114469950 15.154246094 0.004912654 -0.003630238 -0.683790141 0.729653157
281.134700000 453.804467023 -72.655501102 15.251012553 0.005493117 -0.000769569 -0.693866717 0.720082088
281.238000000 453.761259990 -73.184170957 15.288903832 0.007114201 -0.000375551 -0.700296939 0.713816114
281.341300000 453.790658035 -73.755325863 15.296118264 0.007711244 -0.001802041 -0.705524380 0.708641403
281.444500000 453.762602713 -74.328505105 15.263616392 0.009742451 -0.003674481 -0.708173650 0.705961518
281.547600000 453.766392615 -74.958522052 15.177279865 0.010666373 -0.004694759 -0.707984804 0.706131507
281.650900000 453.750168328 -75.536291908 15.124509142 0.010646962 -0.004258606 -0.707301056 0.706819441
281.754200000 453.807611391 -76.085530844 15.157330525 0.009323787 -0.002516772 -0.706483026 0.707664091
281.857600000 453.840523217 -76.732816525 15.191866499 0.009790672 -0.001799193 -0.705590526 0.708549868
281.961100000 453.839586571 -77.409760821 15.197198637 0.011274028 -0.002428854 -0.704604663 0.709506353
282.064500000 453.862351052 -78.080781390 15.143309988 0.011829645 -0.004031020 -0.703898653 0.710190465
282.168100000 453.867693722 -78.667290228 15.127439384 0.011941863 -0.003788334 -0.703066291 0.711013946
282.271600000 453.841503222 -79.391304173 15.142282800 0.010610216 -0.002162539 -0.702702099 0.711401790
282.375200000 453.893027015 -80.175483032 15.162152683 0.010166630 -0.004136546 -0.700893096 0.713181882
282.478800000 453.910512599 -80.864160239 15.109304071 0.009437535 -0.008362498 -0.700362004 0.713676443
282.582400000 453.969666489 -81.585462036 15.050858725 0.007795854 -0.010601706 -0.699881236 0.714138001
282.686000000 453.986020281 -82.342826622 14.961781519 0.005037526 -0.010458417 -0.699790119 0.714254180
282.789700000 453.995576927 -83.117675859 14.972032289 0.008427205 -0.010604897 -0.698644416 0.715340827
282.893500000 454.066850926 -83.945878757 15.020066042 0.010270725 -0.005742223 -0.698403127 0.715607861
282.997100000 454.105970899 -84.766698968 15.122810565 0.008437208 -0.002818804 -0.697960547 0.716080961
283.100700000 454.115629732 -85.517512655 15.138250498 0.009884925 -0.003051293 -0.697659161 0.716355130
283.204500000 454.157751024 -86.332097597 15.078045851 0.009756687 -0.003412924 -0.696531682 0.717451584
283.308100000 454.223539733 -87.231552838 15.085430334 0.011464077 -0.002960033 -0.696571854 0.717389340
283.411700000 454.199003418 -88.182331022 15.073764311 0.013991344 -0.004150380 -0.695944251 0.717947503
283.515400000 454.193279312 -89.034724213 15.058046911 0.014415600 -0.004774234 -0.695746859 0.718126524
283.619000000 454.286557170 -89.902946086 15.094818461 0.009363996 -0.005760509 -0.696086973 0.717873289
283.722700000 454.315719587 -90.725889876 15.085479704 0.006157277 -0.009049260 -0.696200218 0.717764206
283.826400000 454.352922907 -91.563495320 15.050268485 0.003652907 -0.010400166 -0.697280615 0.716713497
283.930200000 454.391991773 -92.533221604 15.082867409 0.001514325 -0.008500530 -0.697913359 0.716130149
284.033800000 454.397329853 -93.397475088 15.172137618 0.002076503 -0.002503341 -0.699118609 0.714998316
284.137500000 454.426275679 -94.396999820 15.199935251 0.003506780 0.001723467 -0.699453103 0.714667817
284.241100000 454.400147159 -95.336374536 15.199870620 0.005097612 0.001701734 -0.700816808 0.713321050
284.344700000 454.455836263 -96.238433607 15.144015973 0.005446898 0.001573859 -0.701224587 0.712917901
284.448500000 454.518418970 -97.136064528 15.130979598 0.005401817 -0.000317558 -0.701652575 0.712498690
284.552100000 454.540304337 -98.085864451 15.153841075 0.005070878 -0.000556880 -0.702347755 0.711815712
284.655700000 454.527068218 -99.076888552 15.145228926 0.004255946 0.000226405 -0.702443692 0.711726559
284.759300000 454.499616744 -100.067336291 15.169705501 0.003342285 0.000735996 -0.701478750 0.712682153
284.862900000 454.464820124 -101.042662186 15.153071202 0.002226837 0.002759792 -0.701270590 0.712886375
284.966700000 454.493679268 -101.991043945 15.129707387 0.003305841 0.004024147 -0.700203747 0.713924079
285.070400000 454.561479478 -102.957419946 15.150989960 0.003557972 0.003586545 -0.700416545 0.713716429
285.174000000 454.563813893 -103.894559014 15.170766938 0.001715550 0.003397063 -0.701074349 0.713078028
285.277800000 454.586043584 -104.901513796 15.128706427 -0.000203234 0.001825985 -0.699681594 0.714452442
285.381400000 454.630859663 -105.897341954 15.117265592 -0.001985164 0.002079467 -0.699927203 0.714208405
285.485100000 454.643252207 -106.835237756 15.157011948 -0.002102578 0.002944795 -0.699361064 0.714759406
285.588700000 454.656698168 -107.756511405 15.220063326 -0.000029793 0.004063659 -0.698694173 0.715408931
285.692400000 454.648809847 -108.735065211 15.244632983 0.002643256 0.004957285 -0.698804019 0.715291117
285.796100000 454.744705739 -109.767395800 15.183576501 0.007589571 0.003163953 -0.699269989 0.714810374
285.899900000 454.715538816 -110.855916521 15.081199190 0.008439868 0.003922125 -0.700592415 0.713500983
286.003400000 454.747541237 -111.847886163 15.088706095 0.006721655 0.005250605 -0.701557454 0.712561849
286.107000000 454.792734618 -112.789943439 15.090570472 0.006741314 0.003899838 -0.702301259 0.711837262
286.210700000 454.825670714 -113.707531696 15.132558005 0.003154844 0.005185600 -0.703249744 0.710916981
286.314300000 454.823378393 -114.734674048 15.080202785 0.003355401 0.004017808 -0.703748494 0.710429909
286.417900000 454.862131457 -115.765353184 15.106825242 0.006087522 0.001464140 -0.704078701 0.710094347
286.521500000 454.916268690 -116.656067683 15.101733193 0.007885120 0.000694326 -0.703978143 0.710177525
286.625100000 454.863595340 -117.610360031 15.076447726 0.010014776 -0.001287779 -0.703853958 0.710272941
286.728800000 454.884939916 -118.576049464 15.072439312 0.008097648 -0.001261266 -0.703800359 0.710350542
286.832500000 454.935382067 -119.576338759 15.101656685 0.006482751 -0.003236376 -0.703071483 0.711082267
286.936200000 454.971904928 -120.478429654 15.126431410 0.002691399 -0.003961209 -0.703253453 0.710923094
287.039800000 454.999348479 -121.406175338 15.170370246 -0.004477355 0.000051755 -0.703499010 0.710682133
287.143500000 455.057549470 -122.336125211 15.158588457 -0.004834903 0.001420585 -0.703268260 0.710906717
287.247200000 454.999390474 -123.345486727 15.104668025 0.004409190 -0.000346692 -0.703304120 0.710875344
287.350800000 454.992029852 -124.283977962 15.069146533 0.008497328 0.000309767 -0.702917366 0.711220694
287.454400000 455.079351483 -125.316848942 15.066813942 0.007431959 0.001673420 -0.703116720 0.711033644
287.558100000 455.108684733 -126.278741115 15.026944217 0.009445929 -0.000137983 -0.703094692 0.711033479
287.661800000 455.116954052 -127.209416647 15.070640509 0.010982449 -0.003225720 -0.702125157 0.711961547
287.765500000 455.120115170 -128.167365611 15.220817960 0.004000154 0.000016584 -0.701643353 0.712517090
287.869200000 455.208392131 -129.134948606 15.247512462 0.002982522 -0.002127342 -0.701037831 0.713114674
287.972900000 455.106885463 -130.044900548 15.207221179 0.000308848 -0.002891869 -0.702025091 0.712146272
288.076500000 455.120101937 -130.913266331 15.214906494 -0.004022888 0.000003118 -0.700590098 0.713552613
288.180100000 455.134860617 -131.814907614 15.227203216 -0.005940642 0.002812944 -0.700098130 0.714016390
288.283800000 455.255894410 -132.711242743 15.191401120 -0.002748276 0.002939021 -0.698904264 0.715203914
288.387400000 455.267012018 -133.605421559 15.222869784 -0.001452359 0.006060508 -0.696740321 0.717296373
288.491000000 455.268209329 -134.423052217 15.178538749 0.002593103 0.005239758 -0.694127204 0.719828622
288.594600000 455.345606147 -135.336501839 15.198554021 0.009286433 0.001796675 -0.691739210 0.722085451
288.698200000 455.429741238 -136.225973964 15.235382479 0.010112393 0.001072338 -0.688132239 0.725514033
288.801800000 455.433268895 -137.219206455 15.192412758 0.007822588 0.002182585 -0.684208070 0.729241634
288.905400000 455.459979043 -138.097394143 15.213184975 0.008495150 0.000290590 -0.679347537 0.733767451
289.009200000 455.513645372 -138.905824399 15.217288538 0.004413848 0.002192239 -0.675713478 0.737147887
289.112800000 455.574376858 -139.685275589 15.216964849 0.002767966 0.002672364 -0.672739442 0.739869475
289.216400000 455.737877023 -140.509763713 15.152334113 0.011541253 -0.001095603 -0.669075830 0.743103716
289.320200000 455.885039443 -141.490477432 15.098761577 0.010444789 0.002379664 -0.664969024 0.746794108
289.423800000 455.955537283 -142.381413257 15.117090954 0.007202918 0.005223499 -0.661095436 0.750249063
289.527500000 456.012696764 -143.185653393 15.172495638 0.002455994 0.005248827 -0.658801783 0.752294243
289.631100000 456.205259140 -143.933635821 15.166707214 0.001765388 0.003500451 -0.655784398 0.754938046
289.734900000 456.382295061 -144.769027834 15.145509739 0.003430954 0.002754443 -0.653038303 0.757312100
289.838600000 456.552035219 -145.637397753 15.121231168 0.004485769 0.004470485 -0.650627645 0.759370502
289.942300000 456.662482117 -146.592888818 15.112704465 0.009586891 0.005835140 -0.647840932 0.761692962
290.046000000 456.799331081 -147.520360613 15.088522073 0.012351060 0.004641260 -0.644066798 0.764855456
290.149600000 456.965779278 -148.382025844 15.113216816 0.009773083 0.001056378 -0.640458101 0.767930199
290.253200000 457.044021771 -149.155598763 15.109533516 0.009450681 -0.003019216 -0.636275361 0.771398233
290.356800000 457.300905126 -150.002087718 15.051180847 0.011854962 -0.003043864 -0.632530342 0.774438868
290.460600000 457.532644164 -150.967823396 15.125838382 0.012842713 0.000458861 -0.627458125 0.778544254
290.564200000 457.691041806 -151.877778928 15.082511867 0.014655290 0.001975062 -0.622158180 0.782751889
290.667800000 457.879175038 -152.658579470 15.104332866 0.013968396 0.001892064 -0.617082110 0.786772505
290.771500000 458.113814224 -153.371030832 15.175657467 0.015069030 -0.003439100 -0.612981202 0.789946291
290.875300000 458.348943638 -154.284114205 15.110633342 0.016069056 -0.009836467 -0.607755968 0.793900317
290.978900000 458.551428149 -155.100250489 15.092908033 0.014929990 -0.011693438 -0.605134672 0.795897222
291.082500000 458.797159322 -155.916597369 15.104261694 0.014304073 -0.010918950 -0.601299850 0.798820794
291.186200000 458.967541393 -156.685802077 15.064724882 0.014791453 -0.008422273 -0.598942486 0.800611127
291.289900000 459.213914118 -157.437090374 15.077290597 0.019225321 -0.006924101 -0.596340855 0.802471201
291.393500000 459.498569043 -158.240272852 15.059737325 0.025765801 -0.008824245 -0.593602822 0.804297175
291.497200000 459.787196979 -159.025136924 15.045566680 0.025608053 -0.008498922 -0.590343939 0.806700707
291.600800000 460.036073784 -159.772862302 15.052874598 0.021995372 -0.008130400 -0.587714240 0.808728677
291.704600000 460.284488942 -160.523009901 15.100024658 0.018243657 -0.008994063 -0.585291145 0.810568042
291.808200000 460.552555057 -161.292446892 15.098855902 0.016671466 -0.010966886 -0.582244837 0.812768565
291.912100000 460.833534902 -162.079211547 15.090443700 0.012859756 -0.007262156 -0.579274768 0.814998547
292.015500000 461.116461047 -162.789053249 15.044457943 0.012931115 -0.003844243 -0.577063582 0.816587797
292.119300000 461.320067692 -163.575749178 15.079202155 0.015929102 -0.006022473 -0.573142821 0.819278524
292.222800000 461.662813330 -164.384564479 15.105546993 0.017147942 -0.010781925 -0.569864062 0.821489288
292.326500000 462.042173540 -165.232327698 15.116686217 0.016781402 -0.014563914 -0.565691050 0.824317847
292.430000000 462.418299438 -166.133086130 15.124577156 0.015001473 -0.013520838 -0.561716046 0.827083567
292.533600000 462.755981712 -166.936231467 15.094887756 0.018932551 -0.014841618 -0.558725692 0.829003550
292.637200000 463.003912410 -167.621580586 15.099416935 0.020839811 -0.015862505 -0.554785168 0.831581325
292.740900000 463.343483838 -168.348620812 15.084318106 0.022529788 -0.016251417 -0.550528040 0.834354348
292.844500000 463.625575014 -169.029485156 15.103302073 0.023925861 -0.017894918 -0.546808633 0.836724354
292.948100000 463.997302163 -169.782408114 15.112446779 0.023625239 -0.018269374 -0.541710507 0.840034407
293.051800000 464.351669682 -170.593425697 15.139915262 0.021013954 -0.016390051 -0.537488702 0.842849734
293.155400000 464.720694077 -171.313887766 15.184223215 0.016992057 -0.013606081 -0.533701362 0.845392808
293.259200000 465.101883251 -172.033401873 15.227757057 0.017209856 -0.015405770 -0.530652222 0.847274868
293.362800000 465.465916900 -172.731387822 15.334799958 0.015029569 -0.017580990 -0.526362397 0.849945674
293.466500000 465.752900053 -173.330932965 15.295412948 0.011330879 -0.018047946 -0.522411866 0.852426962
293.570100000 466.086287135 -174.009457205 15.281943142 0.011376135 -0.017198841 -0.519568648 0.854179842
293.673900000 466.508705699 -174.682552542 15.283759355 0.010349687 -0.010282822 -0.515646414 0.856677257
293.777500000 466.809441585 -175.274519875 15.296175547 0.017846184 -0.009563049 -0.511977030 0.858760492
293.881200000 467.237291699 -176.055380491 15.308755802 0.023789457 -0.010164877 -0.507049103 0.861528841
293.984800000 467.647123919 -176.688317696 15.306986302 0.028071143 -0.014676965 -0.502785796 0.863830447
294.088600000 468.168779766 -177.387509286 15.247083484 0.024793983 -0.017039647 -0.497205220 0.867111226
294.192200000 468.506102622 -177.980846013 15.232994139 0.019532540 -0.017263284 -0.493868856 0.869145565
294.295800000 468.834549499 -178.606527372 15.299418677 0.014785656 -0.015431166 -0.490469367 0.871196340
294.399400000 469.244099363 -179.236631972 15.355698487 0.015648833 -0.014503209 -0.486923722 0.873183864
294.503200000 469.596557340 -179.841573809 15.407861814 0.017047367 -0.012072563 -0.483798834 0.874929899
294.606800000 470.011462725 -180.364722558 15.435041495 0.018302162 -0.014095603 -0.481913777 0.875914069
294.710500000 470.349430272 -180.931196702 15.439064879 0.018076413 -0.014781794 -0.481375163 0.876203569
294.814300000 470.624280388 -181.468179712 15.455255275 0.019646092 -0.015759975 -0.481007793 0.876354470
294.918000000 470.919021923 -181.874153620 15.492101166 0.016071138 -0.014686039 -0.481627360 0.876105659
295.021700000 471.303400654 -182.253628966 15.540326077 0.014677552 -0.015433483 -0.481667490 0.876095204
295.125500000 471.573178276 -182.766554730 15.547838604 0.016254003 -0.018371547 -0.484556915 0.874415742
295.229200000 471.852668638 -183.231309732 15.555888488 0.014033001 -0.016123448 -0.487919380 0.872626947
295.333100000 472.097703054 -183.739297085 15.501182993 0.014803769 -0.014697275 -0.492928235 0.869819863
295.437000000 472.364443568 -184.257921362 15.471298343 0.017456057 -0.012893453 -0.498479766 0.866629660
295.540700000 472.664634727 -184.758916006 15.476684565 0.018523054 -0.010336761 -0.505399611 0.862624647
295.644500000 472.866044419 -185.180484917 15.503775993 0.020861458 -0.008807557 -0.512080153 0.858639123
295.748200000 473.153812865 -185.526964189 15.529250410 0.023810966 -0.009237624 -0.518846817 0.854485626
295.851800000 473.335355790 -185.913289099 15.562421313 0.023861029 -0.010352621 -0.525501790 0.850394816
295.955500000 473.550909222 -186.346695853 15.585100640 0.024810583 -0.011412211 -0.533234854 0.845526337
296.059400000 473.655344662 -186.818747587 15.592763028 0.023378684 -0.014052079 -0.542308129 0.839736786
296.163100000 473.781735753 -187.212993865 15.575820716 0.020846755 -0.016054712 -0.552590254 0.833037617
296.266900000 473.857620292 -187.615810743 15.626353837 0.018214001 -0.016968026 -0.563950661 0.825433213
296.370700000 474.109704070 -188.006570840 15.631579546 0.019163612 -0.015659702 -0.577951976 0.815695435
296.474500000 474.185911785 -188.418804798 15.577667621 0.020567578 -0.014529875 -0.592323572 0.805306553
296.578200000 474.298574028 -188.796865609 15.602508203 0.022700285 -0.013721884 -0.607348659 0.793992452
296.682000000 474.370435124 -189.107264702 15.617504877 0.025653103 -0.013302086 -0.622108921 0.782397254
296.785700000 474.390593417 -189.383377079 15.615962395 0.028200694 -0.012419141 -0.637594201 0.769755884
296.889500000 474.373661171 -189.768681819 15.625543593 0.027585044 -0.011100455 -0.653523308 0.756322108
296.993200000 474.363392480 -190.074271010 15.627661841 0.024649691 -0.009723613 -0.670354218 0.741567978
297.096900000 474.381075977 -190.337647235 15.600514039 0.021767353 -0.009808274 -0.686656467 0.726589895
297.200700000 474.361321262 -190.751657003 15.603523568 0.021316071 -0.008760971 -0.703552341 0.710269649
297.304400000 474.356894010 -191.210441533 15.581890946 0.020930921 -0.009469327 -0.720452776 0.693123385
297.408200000 474.288546217 -191.591358214 15.591699068 0.021753477 -0.009486616 -0.737678337 0.674735104
297.511800000 474.164057393 -191.963048188 15.567222007 0.022326323 -0.009381391 -0.754838920 0.655462988
297.615500000 474.017557442 -192.313317757 15.557111781 0.022713212 -0.007842467 -0.772167183 0.634964918
297.719300000 473.871958537 -192.675821757 15.495153065 0.023502681 -0.005056581 -0.789025120 0.613890393
297.823000000 473.784818863 -193.111056159 15.489637180 0.024322934 -0.003831690 -0.805212117 0.592475450
297.926700000 473.635721611 -193.478597206 15.454268888 0.025405903 -0.001919628 -0.821432820 0.569735883
298.030500000 473.512591998 -193.855551420 15.452597019 0.025670192 0.000349013 -0.837673207 0.545568069
298.134100000 473.314591735 -194.282280232 15.462408635 0.026461253 0.001510481 -0.853147091 0.520996700
298.237700000 473.031173765 -194.710313929 15.386252602 -0.025338422 -0.002860326 0.868299467 -0.495384516
298.341400000 472.768667293 -195.131620435 15.342105665 -0.024295302 -0.006261451 0.882799550 -0.469079404
298.445100000 472.416109026 -195.563168208 15.325866350 -0.024637221 -0.007718643 0.896347044 -0.442600730
298.548600000 472.039455425 -196.027756131 15.356970887 -0.024848321 -0.008132054 0.907894866 -0.418381815
298.651900000 471.619710675 -196.434617971 15.297208599 -0.025893545 -0.006948116 0.917681755 -0.396410702
298.755400000 471.113691884 -196.865536244 15.229559445 -0.026622490 -0.006028788 0.925081865 -0.378785479
298.858600000 470.561757946 -197.304148950 15.148746090 -0.027215370 -0.006239245 0.931023269 -0.363890186
298.962000000 470.082015917 -197.698168331 15.136581237 -0.027530853 -0.006933590 0.935443392 -0.352334554
299.065300000 469.566890806 -198.141579792 15.135583399 -0.027455996 -0.007784986 0.938982388 -0.342779283
299.168700000 468.999675838 -198.577879613 15.080599588 -0.027513644 -0.007879820 0.942151712 -0.333962662
299.272000000 468.471188168 -199.043796699 15.051728196 -0.027850039 -0.008316265 0.944606436 -0.326915732
299.375400000 467.913046575 -199.465892288 15.011518040 -0.027256923 -0.009045357 0.946686912 -0.320872456
299.478900000 467.323610337 -199.913963843 14.967254713 -0.026918974 -0.011631302 0.948494246 -0.315434219
299.582100000 466.629059665 -200.405157648 14.897008930 -0.026863589 -0.014086395 0.949833835 -0.311280592
299.685500000 465.851452739 -200.988317284 14.864315021 -0.028503051 -0.010348048 0.950817433 -0.308264016
299.788800000 465.109142916 -201.549875531 14.775056535 -0.029679065 -0.010798012 0.951560779 -0.305834333
299.892300000 464.383200826 -202.079908501 14.717856986 -0.028813510 -0.010801568 0.951849868 -0.305016289
299.995800000 463.696010084 -202.493620047 14.740628867 -0.026239113 -0.013227053 0.952108983 -0.304343618
300.099300000 463.009708842 -202.960671692 14.733075347 -0.023129602 -0.018928943 0.952352517 -0.303531546
300.202800000 462.211304245 -203.554892897 14.628008494 -0.024044703 -0.017301676 0.952682393 -0.302520681
300.306400000 461.332208160 -204.105429296 14.561488177 -0.027564127 -0.013544206 0.953235707 -0.300663368
300.409900000 460.495086585 -204.775218679 14.396763250 -0.032875303 -0.003710397 0.953470183 -0.299666578
300.513500000 459.736978017 -205.334140665 14.363628888 -0.032855257 -0.004714151 0.953876878 -0.298357522
300.617100000 459.007167859 -205.837810682 14.313229687 -0.032530464 -0.005736715 0.954239551 -0.297213287
300.720700000 458.142886632 -206.393820705 14.297052222 -0.029819262 -0.012566414 0.953890633 -0.298405021
300.824200000 457.229044088 -206.978748512 14.207860139 -0.031207177 -0.005419050 0.953779357 -0.298833872
300.927800000 456.359172845 -207.560954581 14.129339539 -0.031021006 -0.005439687 0.953361652 -0.300182725
301.031500000 455.532349386 -208.163304711 14.099284099 -0.029544084 -0.008496272 0.953124812 -0.301011715
301.134900000 454.766346135 -208.769419689 14.023962315 -0.029866424 -0.006892489 0.952774400 -0.302128174
301.238600000 453.862660960 -209.313174159 13.966305095 -0.030594710 -0.006881780 0.952688800 -0.302325412
301.342200000 453.007228404 -209.909334248 13.913629169 -0.031621898 -0.006910057 0.952332586 -0.303339665
301.445800000 452.189289941 -210.536589510 13.838685807 -0.031744378 -0.007289394 0.952161814 -0.303853647
301.549500000 451.371756977 -211.120835602 13.792584465 -0.031573628 -0.007435252 0.951782432 -0.305054134
301.653200000 450.625949179 -211.714029883 13.715312352 -0.031033289 -0.009108378 0.951456453 -0.306079386
301.756800000 449.879026017 -212.248231678 13.608666006 -0.031888851 -0.007517443 0.951472528 -0.305984670
301.860500000 449.069712838 -212.858411275 13.637783433 -0.032347333 -0.003847822 0.951232274 -0.306750722
301.964100000 448.232927972 -213.474733728 13.571846224 -0.030908571 -0.004974976 0.951175917 -0.307057463
302.067700000 447.460693948 -214.049765395 13.504404868 -0.029582865 -0.007985603 0.951137290 -0.307244103
302.171400000 446.636204098 -214.683104109 13.465223422 -0.030299159 -0.007375373 0.950691841 -0.308565371
302.275100000 445.739775870 -215.256365180 13.422576068 -0.032251838 -0.004840855 0.950564274 -0.308810533
302.378700000 444.905278245 -215.841483457 13.344371498 -0.032267932 -0.007221656 0.950444525 -0.309130770
302.482400000 444.129636639 -216.414030132 13.326173907 -0.031430225 -0.009638863 0.950574978 -0.308749808
302.586100000 443.353724955 -216.985341384 13.293185003 -0.030641949 -0.012886307 0.950520644 -0.308877838
302.689700000 442.579876241 -217.598946242 13.242845324 -0.030793396 -0.012196573 0.950504353 -0.308940909
302.793400000 441.793632884 -218.157433915 13.246051434 -0.030148958 -0.013595741 0.950644783 -0.308513685
302.897000000 441.020333218 -218.705682194 13.210605286 -0.030031102 -0.015790547 0.950613345 -0.308517519
303.000800000 440.240550175 -219.343236783 13.136227750 -0.030039279 -0.015805670 0.950898880 -0.307634754
303.104400000 439.468846198 -219.843318739 13.048023315 -0.031283153 -0.011932826 0.951438732 -0.306011947
303.208000000 438.718103496 -220.373141860 13.002189573 -0.030641793 -0.013050823 0.951654612 -0.305359225
303.311700000 437.865103437 -220.977638264 12.943265606 -0.029314122 -0.014853039 0.951634355 -0.305470332
303.415400000 437.018059378 -221.570585195 12.913518625 -0.029723953 -0.017093304 0.951647140 -0.305273691
303.519000000 436.202958851 -222.165016856 12.840647207 -0.032217810 -0.015378274 0.951571983 -0.305346168
303.622600000 435.397528850 -222.810364668 12.786812949 -0.033065992 -0.017288656 0.950881039 -0.307299515
303.726200000 434.595702911 -223.410164780 12.726971806 -0.033252092 -0.017588635 0.950637598 -0.308014766
303.829900000 433.791120451 -223.978530442 12.725221725 -0.031813052 -0.020627451 0.950503057 -0.308393218
303.933600000 433.061363533 -224.623683858 12.641357152 -0.031746469 -0.020183847 0.949799290 -0.310589896
304.037200000 432.239094510 -225.198961620 12.588717151 -0.030721251 -0.017796293 0.949420629 -0.311993534
304.140800000 431.525967130 -225.809601186 12.522105608 -0.030638795 -0.018845370 0.948758046 -0.313949496
304.244400000 430.780656208 -226.528554369 12.465590605 -0.032263443 -0.014954453 0.947935978 -0.316469298
304.348000000 429.893276811 -227.141089898 12.385389320 -0.031106286 -0.014820987 0.947980813 -0.316457129
304.451800000 429.012710168 -227.723553944 12.314236785 -0.029466577 -0.014078557 0.948127455 -0.316208546
304.555400000 428.166404118 -228.319005610 12.265945280 -0.029555638 -0.014040546 0.947957027 -0.316712490
304.659000000 427.388570890 -228.887746277 12.252744746 -0.028846750 -0.016289531 0.948165011 -0.316046876
304.762800000 426.608444862 -229.494016659 12.161322998 -0.027346568 -0.019318076 0.948023635 -0.316433509
304.866400000 425.852325034 -230.074168077 12.099956012 -0.026930778 -0.019165601 0.947931931 -0.316753006
304.970100000 424.982093277 -230.688081465 12.017912645 -0.026849706 -0.021227716 0.948282639 -0.315576479
305.073700000 424.113255811 -231.443342016 11.947714371 -0.028160423 -0.022063753 0.948048368 -0.316108326
305.177300000 423.265404294 -232.134171327 11.838215129 -0.029180321 -0.022334083 0.947827257 -0.316659422
305.281100000 422.371418305 -232.790303812 11.849313068 -0.029325183 -0.022558800 0.948353419 -0.315050672
305.384700000 421.564402057 -233.385916921 11.753150940 -0.029997854 -0.021311335 0.948338041 -0.315120479
305.488400000 420.729610920 -234.062170390 11.717668330 -0.030310430 -0.020520665 0.948337512 -0.315144640
305.592000000 419.880338494 -234.733782578 11.631344166 -0.029991779 -0.021257382 0.948167893 -0.315636284
305.695700000 419.040171456 -235.299128072 11.576380571 -0.029769633 -0.019772478 0.948354357 -0.315193325
305.799300000 418.188744288 -235.850319406 11.553501237 -0.029696603 -0.020425506 0.948039230 -0.316105250
305.902900000 417.389276517 -236.548151582 11.490347653 -0.029422951 -0.019521580 0.947592436 -0.317524445
306.006600000 416.594317167 -237.192434099 11.406644047 -0.028763268 -0.019731477 0.947236104 -0.318633186
306.110200000 415.788317738 -237.841725956 11.346351051 -0.028868118 -0.019677448 0.947054980 -0.319164995
306.213700000 414.957001342 -238.461353834 11.319261160 -0.027080612 -0.019654954 0.947010496 -0.319454916
306.317500000 414.059827289 -239.140147504 11.238384279 -0.026330721 -0.018368126 0.946816872 -0.320167324
306.421100000 413.287627837 -239.844188618 11.163835117 -0.026755943 -0.017740157 0.946252061 -0.321832942
306.524700000 412.539583133 -240.477800305 11.104266624 -0.026587635 -0.016551593 0.946149339 -0.322211997
306.628300000 411.695542683 -241.079481474 11.039729488 -0.026383814 -0.019261668 0.946170672 -0.322015438
306.731900000 410.833106486 -241.703266527 10.973254209 -0.027223567 -0.019392714 0.946196998 -0.321860281
306.835700000 410.031087033 -242.344328002 10.890040987 -0.028245709 -0.017654695 0.945976179 -0.322520635
306.939300000 409.296479855 -242.946613895 10.854548197 -0.029077360 -0.017745195 0.946255310 -0.321621677
307.042900000 408.514648822 -243.643541044 10.813956560 -0.029791421 -0.018657991 0.945704641 -0.323120848
307.146500000 407.738772673 -244.215427565 10.773231145 -0.030788766 -0.016731119 0.945576088 -0.323508862
307.250100000 406.975934111 -244.738123071 10.711505065 -0.031487616 -0.018498843 0.946260328 -0.321337385
307.353900000 406.268635965 -245.267665851 10.665612896 -0.031382956 -0.020390687 0.946817182 -0.319588100
307.457700000 405.625367453 -245.723334718 10.624620419 -0.030561402 -0.022574542 0.947280002 -0.318146174
307.561300000 404.983690594 -246.197144064 10.543579205 -0.030460819 -0.023261179 0.948008095 -0.315929910
307.664900000 404.251355292 -246.775575007 10.545553646 -0.030180675 -0.022602018 0.948819751 -0.313559175
307.768600000 403.576493038 -247.283969490 10.458182252 -0.029522504 -0.021454857 0.950228134 -0.309410092
307.872200000 402.884282243 -247.760416486 10.406242973 -0.029865107 -0.020290398 0.952005725 -0.303943211
307.976000000 402.352119834 -248.128186262 10.343709175 -0.029652519 -0.022856320 0.953754300 -0.298246628
308.079700000 401.772955952 -248.462184409 10.332070988 -0.029195968 -0.023467485 0.955735914 -0.291831690
308.183600000 401.177265594 -248.897571796 10.287216693 -0.028661198 -0.023372789 0.958372355 -0.283116015
308.287300000 400.582244410 -249.293665706 10.244862626 -0.027464755 -0.023603041 0.961791323 -0.271378030
308.391200000 400.015140352 -249.636357683 10.260806103 -0.026535495 -0.023190763 0.965690979 -0.257291643
308.495000000 399.476758644 -250.000770556 10.238440622 -0.026243397 -0.023278151 0.970158244 -0.239921640
308.598900000 398.927472704 -250.245499513 10.183080494 -0.025002947 -0.024202480 0.974924921 -0.219796474
308.703000000 398.358857653 -250.507706410 10.170997733 -0.024232984 -0.023317651 0.979795369 -0.197154975
308.806900000 397.790238414 -250.721971253 10.129973379 -0.023355901 -0.024297288 0.984664726 -0.171171028
308.910900000 397.241880469 -250.918113515 10.092158731 -0.023667005 -0.025170534 0.989199391 -0.142446067
309.015000000 396.609716330 -250.997578475 10.054233700 -0.025471252 -0.024809369 0.993005325 -0.112588341
309.119000000 395.983510969 -250.942025267 9.977400337 -0.026509317 -0.024537637 0.996161991 -0.079727337
309.223100000 395.390638098 -250.958626742 9.967713579 -0.027097569 -0.026198393 0.998324912 -0.043894606
309.327200000 394.837870424 -250.951769458 9.990055837 -0.026060274 -0.026978148 0.999274083 -0.006659446
309.431200000 394.278499451 -250.888903404 9.958560843 -0.025517176 -0.026347229 0.998856752 0.030657558
309.535200000 393.770194557 -250.777492024 9.925688987 -0.024252735 -0.027085081 0.997017087 0.068081794
309.639000000 393.177335647 -250.662251751 9.933097191 -0.023831841 -0.027026198 0.993773375 0.105432951
309.742900000 392.653551893 -250.480101190 9.891846636 -0.022818748 -0.026192583 0.989320091 0.141559210
309.846600000 392.105604472 -250.265335896 9.880463483 -0.022114957 -0.025542706 0.983575182 0.177308657
309.950500000 391.586361260 -249.952536204 9.868197120 -0.021120841 -0.025942351 0.976541322 0.212715659
310.054300000 391.122859752 -249.694808310 9.876230337 -0.020519113 -0.025350104 0.968467707 0.246995220
310.157900000 390.646554534 -249.370418544 9.815884473 -0.021558944 -0.024511524 0.959919350 0.278368891
310.261600000 390.159459771 -249.050687322 9.776512431 -0.020978329 -0.024511352 0.951170805 0.306974272
310.365000000 389.716003220 -248.677754559 9.764052465 -0.021254899 -0.024657575 0.942086642 0.333785849
310.468500000 389.297134624 -248.229838584 9.803892222 -0.021843559 -0.025227109 0.932709416 0.359081602
310.572000000 388.882115106 -247.817037468 9.749473622 -0.022659432 -0.025371926 0.923383817 0.382367809
310.675400000 388.448934292 -247.401706176 9.745753937 -0.022592340 -0.025975806 0.914567789 0.402964767
310.778800000 388.046540065 -246.974979182 9.697681585 -0.022821585 -0.026135578 0.906620023 0.420519014
310.882300000 387.682174904 -246.485907204 9.661794754 -0.023563313 -0.027273880 0.899186536 0.436078524
310.985800000 387.356259179 -246.032782769 9.628597731 -0.023405406 -0.029230423 0.890794374 0.452861074
311.089300000 386.963432870 -245.488328120 9.559952768 -0.024008949 -0.031041886 0.882239922 0.469161690
311.192800000 386.590471699 -244.909262156 9.600186186 -0.025371322 -0.032877203 0.873556762 0.484947388
311.296400000 386.304405141 -244.327094835 9.630063878 -0.024487390 -0.034328790 0.864371394 0.501082822
311.400000000 385.969602646 -243.671042285 9.606882226 -0.023941981 -0.035381167 0.855508232 0.516023856
311.503600000 385.697612986 -243.088078965 9.604889096 -0.023228806 -0.035123460 0.846810591 0.530225035
311.607200000 385.447682090 -242.448947361 9.621426785 -0.021600160 -0.034674862 0.838680388 0.543089582
311.710900000 385.162261256 -241.783649816 9.679201022 -0.021191054 -0.034908439 0.830498173 0.555522389
311.814400000 384.907589414 -241.125738496 9.680074990 -0.019614378 -0.034165351 0.822493586 0.567408412
311.918000000 384.636468752 -240.381102248 9.672519970 -0.018322450 -0.033383054 0.814710954 0.578615521
312.021600000 384.397392150 -239.609213506 9.685515068 -0.016090122 -0.031783372 0.806614199 0.590003779
312.125300000 384.180638514 -238.847763469 9.765692170 -0.013765499 -0.029052024 0.799499137 0.599806319
312.228800000 383.988291494 -238.029875966 9.734877293 -0.012765327 -0.026058147 0.793235451 0.608223264
312.332400000 383.849669778 -237.255069570 9.768155417 -0.012085089 -0.022890057 0.787002575 0.616406476
312.436000000 383.667537448 -236.457018213 9.766081075 -0.011808086 -0.020651145 0.780814463 0.624309918
312.539600000 383.473113857 -235.652374632 9.796227312 -0.011235779 -0.021139336 0.775296853 0.631143149
312.643100000 383.313038388 -234.828956697 9.803566892 -0.010655552 -0.023586216 0.769783555 0.637780078
312.746800000 383.138604015 -233.953777179 9.780562225 -0.010199735 -0.024544031 0.763894335 0.644793767
312.850400000 382.982182367 -233.039346894 9.816980068 -0.011598236 -0.025687130 0.758300395 0.651295757
312.954000000 382.918431880 -232.135382561 9.801962196 -0.011890360 -0.023985662 0.752880375 0.657612688
313.057500000 382.776528555 -231.191260501 9.863375487 -0.009709540 -0.022170604 0.748609998 0.662568683
313.161100000 382.651675011 -230.255122309 9.907897947 -0.006963034 -0.022203681 0.744489068 0.667229002
313.264600000 382.538635342 -229.351614525 9.914712238 -0.006759604 -0.024584174 0.741356365 0.670627070
313.368200000 382.468647388 -228.385222845 9.928353611 -0.003562960 -0.025807158 0.738472808 0.673779792
313.471800000 382.377629544 -227.409495166 9.955241473 -0.001423999 -0.024999900 0.736041484 0.676473141
313.575300000 382.302994510 -226.328790969 9.976557793 -0.001578968 -0.024848351 0.733971936 0.678723260
313.678800000 382.174403650 -225.178713634 10.023659986 -0.000880599 -0.021831671 0.732514284 0.680400931
313.782300000 382.062045626 -224.153605859 10.098403211 -0.000081326 -0.021263034 0.731930537 0.681047403
313.885900000 382.052077438 -223.114830425 10.143990006 -0.000190797 -0.022313224 0.730548224 0.682496430
313.989500000 381.965695505 -222.185501928 10.194409309 -0.001530660 -0.023026098 0.730286669 0.682750934
314.093000000 381.927545414 -221.117228885 10.228267212 0.000854884 -0.021027837 0.729706645 0.683436399
314.196700000 381.861207462 -219.992535253 10.249194978 0.001209487 -0.019870976 0.728632296 0.684615701
314.300400000 381.743346928 -218.784502044 10.261861156 0.000856862 -0.021633500 0.727102633 0.686187305
314.404000000 381.583783165 -217.689241245 10.293356726 0.000265554 -0.021487019 0.726226677 0.687119387
314.507600000 381.599837901 -216.582762636 10.353142041 0.000630151 -0.020815978 0.725237694 0.688183540
314.611200000 381.564311634 -215.418606129 10.371709537 0.002467057 -0.018806213 0.724136919 0.689395360
314.714800000 381.475881236 -214.281645056 10.411253730 0.001553819 -0.019156148 0.723134514 0.690439789
314.818400000 381.460261122 -213.191290684 10.449928210 0.003065606 -0.017170146 0.722445082 0.691208284
314.922100000 381.423167366 -212.199435963 10.477011110 0.004940113 -0.015246842 0.721343337 0.692392172
315.025700000 381.387825030 -211.080134510 10.535830678 0.004414585 -0.015260931 0.720675115 0.693090899
315.129300000 381.347008421 -209.982323999 10.557930611 0.002129296 -0.018650341 0.719902512 0.693821306
315.233000000 381.312276376 -208.841525292 10.573434630 -0.000075038 -0.018824449 0.718968399 0.694787792
315.336600000 381.262407070 -207.589689294 10.602338252 0.001730412 -0.015929905 0.718250132 0.695600454
315.440400000 381.222374384 -206.524689973 10.636108177 -0.000430183 -0.018404002 0.717025677 0.696803621
315.544000000 381.166400606 -205.484350517 10.726692605 -0.001086389 -0.018732806 0.716201221 0.697641536
315.647700000 381.165983869 -204.380994530 10.727712951 -0.003123020 -0.021722585 0.714968768 0.698811875
315.751400000 381.162301383 -203.304303165 10.798611558 -0.002942822 -0.021142988 0.714140836 0.699676483
315.855100000 381.065178472 -202.238372191 10.832905754 -0.007495000 -0.025750648 0.713377111 0.700266968
315.958700000 381.035662016 -201.153263761 10.827696846 -0.008372265 -0.026775055 0.712302742 0.701311489
316.062900000 381.038713705 -199.980099695 10.848736061 -0.007666877 -0.024870588 0.711556306 0.702146919
316.165900000 381.030121744 -198.776878291 10.896295864 -0.006271289 -0.022083582 0.711624469 0.702184877
316.269500000 380.993883221 -197.716207521 10.923295464 -0.005958447 -0.022158133 0.711556031 0.702254604
316.373000000 380.997329737 -196.447279033 11.023824041 -0.002250000 -0.017057050 0.710482855 0.703504163
316.476700000 381.011915128 -195.180284596 11.025804448 -0.002162645 -0.016921616 0.709123156 0.704878238
316.580300000 380.938246658 -194.089207093 11.065639424 -0.002045143 -0.014820511 0.709165305 0.704883494
316.684000000 380.910812267 -193.127481140 11.106156764 -0.004878862 -0.017734506 0.708749123 0.705220792
316.787600000 380.890689296 -192.117543514 11.133508183 -0.007788058 -0.020199288 0.708357510 0.705521774
316.891200000 380.896750284 -191.053564410 11.229998692 -0.007446457 -0.020191725 0.708415832 0.705467117
316.995100000 380.863527197 -190.016197744 11.293734657 -0.004775893 -0.018524146 0.708231552 0.705720990
317.098500000 380.844570554 -188.860587398 11.309547070 -0.004529941 -0.017508458 0.708071123 0.705909497
317.202200000 380.862343850 -187.715010085 11.322126009 -0.012932605 -0.025436341 0.707144147 0.706493380
317.305800000 380.821807389 -186.574540300 11.336436941 -0.012439293 -0.023523579 0.707766977 0.705944624
317.409900000 380.832616804 -185.516087877 11.396494179 -0.013540793 -0.023926343 0.707927544 0.705749793
317.513500000 380.825844735 -184.486030482 11.455011114 -0.012279890 -0.022432249 0.708271052 0.705477225
317.616800000 380.870007301 -183.480400828 11.482958932 -0.010724984 -0.022319465 0.707368249 0.706411337
317.720400000 380.856152444 -182.415060033 11.514257927 -0.009822349 -0.020311608 0.707747272 0.706105346
317.824000000 380.824932029 -181.328940532 11.544480069 -0.011568212 -0.022460704 0.707966276 0.705794195
317.927800000 380.846902674 -180.157166662 11.530552188 -0.011564826 -0.022697643 0.707606056 0.706147818
318.031400000 380.793217923 -179.024756499 11.597540301 -0.011163136 -0.022269242 0.707470049 0.706304180
318.135000000 380.809866457 -177.950315568 11.608391880 -0.011166208 -0.022181502 0.707196772 0.706580514
318.238500000 380.828247650 -176.727271075 11.601225422 -0.011375583 -0.022813266 0.706550804 0.707203021
318.342100000 380.759329283 -175.715128024 11.619671736 -0.010782014 -0.023628211 0.705752088 0.707982659
318.445900000 380.790492925 -174.726967551 11.693263196 -0.010166903 -0.023957388 0.705079291 0.708650740
318.549500000 380.750565588 -173.767488653 11.721865139 -0.009798382 -0.024673877 0.704291555 0.709414264
318.653100000 380.757430069 -172.801564949 11.742704457 -0.008817968 -0.024948588 0.704010779 0.709696157
318.756800000 380.814667638 -171.820289444 11.801514958 -0.008473056 -0.025720208 0.703260248 0.710416570
318.860400000 380.830611839 -170.751806729 11.887376311 -0.009066733 -0.025631397 0.702091181 0.711567846
318.964100000 380.799455360 -169.725012458 11.908236722 -0.009620554 -0.025156899 0.700857508 0.712792627
319.067700000 380.805850996 -168.722058557 11.898518120 -0.008212163 -0.024258515 0.699926681 0.713755368
319.171400000 380.784374104 -167.790511216 11.913929408 -0.010721953 -0.025461173 0.698640838 0.714938982
319.275000000 380.831924356 -166.898272308 11.940886393 -0.010346314 -0.023898621 0.697704868 0.715911815
319.378800000 380.880784353 -166.076454838 11.981649137 -0.010732455 -0.024824728 0.696084400 0.717450386
319.482400000 380.886213731 -165.124509535 12.014237466 -0.008090077 -0.023883721 0.695228351 0.718346475
319.586100000 380.939588701 -164.200351134 12.087434279 -0.007984413 -0.023177735 0.694566835 0.719010399
319.689700000 380.957014138 -163.288040824 12.133620994 -0.005993546 -0.022165347 0.693648779 0.719947322
319.793400000 381.059169231 -162.442211613 12.127503347 -0.005346218 -0.021937275 0.694595975 0.719045621
319.897000000 381.047135493 -161.609155519 12.139796989 -0.003273946 -0.019793177 0.695080163 0.718652265
320.000500000 381.108796690 -160.806644030 12.170826083 -0.003584503 -0.019796637 0.695927418 0.717830254
320.104100000 381.147022845 -160.023754058 12.217814061 -0.003881138 -0.017696786 0.697924566 0.715942080
320.207600000 381.147347623 -159.300548049 12.233932918 -0.000724811 -0.014656904 0.701301307 0.712713916
320.311200000 381.114167045 -158.499357074 12.251993270 -0.002319405 -0.016157849 0.704615552 0.709401485
320.414700000 381.110624130 -157.838604892 12.264742492 -0.002756705 -0.017047745 0.708975655 0.705021486
320.518200000 381.075507968 -157.215935588 12.319130154 -0.000427554 -0.014299555 0.713268314 0.700745070
320.621800000 381.088036438 -156.533732066 12.334454391 0.001069068 -0.012717652 0.719325168 0.694556276
320.725300000 380.982122691 -155.856554362 12.336921565 0.005036242 -0.008312248 0.725668928 0.687975399
320.828800000 381.014988702 -155.137506124 12.336474473 0.004174906 -0.006997717 0.732782506 0.680414139
320.932100000 380.988810845 -154.593967643 12.372141370 0.003328724 -0.005947660 0.743021681 0.669232641
321.035500000 380.893563296 -153.997252286 12.407206516 0.004439585 -0.004577608 0.754362361 0.656427273
321.138900000 380.755470324 -153.426513605 12.414915702 0.004175038 -0.004496897 0.769132509 0.639059880
321.242100000 380.611500350 -152.922664920 12.359840538 0.004346226 -0.004711961 0.785471534 0.618864588
321.345300000 380.425808601 -152.398990732 12.317828855 0.002846770 -0.004946562 0.802623370 0.596458845
321.448600000 380.225963399 -151.980047966 12.385050183 0.001324736 -0.006052916 0.820868963 0.571082965
321.551900000 379.933551783 -151.537516571 12.370075119 0.000758307 -0.006452763 0.839484944 0.543344104
321.655200000 379.691314999 -151.141183566 12.356314595 0.001825198 -0.005015000 0.857735993 0.514062725
321.758600000 379.477048129 -150.810527222 12.373148424 -0.000273287 -0.005265506 0.875965141 0.482345593
321.861900000 379.094670805 -150.428417437 12.322766248 -0.002206342 -0.005283033 0.892985578 0.450048863
321.965300000 378.735715305 -149.994536151 12.353075558 -0.002266272 -0.005794559 0.909230759 0.416245977
322.069200000 378.398844232 -149.679454001 12.363758946 -0.004849100 -0.006847151 0.924336801 0.381485361
322.172300000 377.958623279 -149.414676122 12.357589663 -0.005874981 -0.006383409 0.937551896 0.347737226
322.275900000 377.509286163 -149.101841428 12.320912231 -0.008689514 -0.006318854 0.949293740 0.314206874
322.379400000 377.064129843 -148.879897054 12.259435578 -0.011700719 -0.007867176 0.960044859 0.279490732
322.483200000 376.574221421 -148.678384393 12.272259062 -0.015368966 -0.010481615 0.968997806 0.246367983
322.586900000 376.196351984 -148.509264836 12.255269803 -0.017638879 -0.011834916 0.976223826 0.215721688
322.690600000 375.790607075 -148.369635525 12.306071766 -0.018185196 -0.012084359 0.982121938 0.186975306
322.794400000 375.233688120 -148.241947089 12.290279160 -0.017682939 -0.012315049 0.986670834 0.161295747
322.898200000 374.742850597 -148.099292628 12.271992117 -0.017392887 -0.012972028 0.990197525 0.137978531
323.002100000 374.230599260 -148.048421928 12.244715055 -0.015669995 -0.016733193 0.992706782 0.118354116
323.106000000 373.718061810 -147.991143212 12.264482001 -0.015791478 -0.019895686 0.994429460 0.102297803
323.210000000 373.147073941 -147.920738673 12.319542047 -0.017718475 -0.022118996 0.995607045 0.089237986
323.314000000 372.543202271 -147.814051068 12.367302091 -0.020328696 -0.022816807 0.996569165 0.076915779
323.418000000 371.960122909 -147.767967839 12.314411267 -0.022515685 -0.024005099 0.997240130 0.066550154
323.522000000 371.388245777 -147.748784363 12.243936226 -0.023235124 -0.025381099 0.997695682 0.058474404
323.626000000 370.771922682 -147.687564030 12.220432167 -0.022113993 -0.024486190 0.998164201 0.050790025
323.729900000 370.177886196 -147.628308869 12.190378266 -0.019514357 -0.023407655 0.998564347 0.044051295
323.833800000 369.506165306 -147.588276046 12.125022092 -0.018097746 -0.023246981 0.998845349 0.037947577
323.937600000 368.891501447 -147.546796980 12.130924098 -0.018479759 -0.021244716 0.998996332 0.034835174
324.041500000 368.188312155 -147.540843841 12.206453117 -0.019180988 -0.018988410 0.999117798 0.032173838
324.145200000 367.521670902 -147.491338299 12.174553277 -0.019953222 -0.018833118 0.999113171 0.031938290
324.249100000 366.874681863 -147.456006392 12.174599848 -0.019108270 -0.017493269 0.999210539 0.030119085
324.352700000 366.152142254 -147.439397660 12.095344431 -0.017659688 -0.016312061 0.999302481 0.028576260
324.456400000 365.434553978 -147.392710015 12.082903101 -0.015968118 -0.013948152 0.999461910 0.025027156
324.560000000 364.619732507 -147.348644161 12.085576566 -0.015551497 -0.010881739 0.999543887 0.023489497
324.663800000 363.858921436 -147.323286088 12.095298864 -0.016492184 -0.011062331 0.999606989 0.019786339
324.767700000 363.087745617 -147.287267848 12.083839000 -0.017240456 -0.013314142 0.999628778 0.016364781
324.871000000 362.302952312 -147.232722324 12.117760494 -0.017082556 -0.012921558 0.999677878 0.013614668
324.974600000 361.516748670 -147.218313901 12.057744959 -0.016517492 -0.015741380 0.999694167 0.009536972
325.078400000 360.623410797 -147.202731731 12.066296184 -0.015325718 -0.014228037 0.999741542 0.008918190
325.182300000 359.783058633 -147.211920966 11.993850603 -0.014223673 -0.017753490 0.999706693 0.008308309
325.285600000 358.923245114 -147.202079186 11.918597215 -0.014587841 -0.017775943 0.999713103 0.006702358
325.389300000 358.064592908 -147.159997482 11.877871489 -0.016771853 -0.015601209 0.999728583 0.004250565
325.493000000 357.077394904 -147.144654160 11.825182971 -0.018275990 -0.015555633 0.999709348 0.002286719
325.596600000 356.099050570 -147.129744936 11.848210974 -0.018954740 -0.014367194 0.999715715 0.001670839
325.700400000 355.039043941 -147.151808876 11.856714866 -0.019296456 -0.016146172 0.999683322 -0.000451074
325.803900000 354.054485595 -147.208659325 11.787887686 -0.020417567 -0.018769343 0.999613580 -0.001877810
325.907700000 353.111423630 -147.173047728 11.763485130 -0.021703172 -0.020175169 0.999559258 -0.001795669
326.011400000 352.062248830 -147.195211895 11.796421118 -0.022082470 -0.016486204 0.999618942 -0.001593668
326.115000000 351.059477760 -147.227480057 11.774330719 -0.020868136 -0.013932155 0.999684960 -0.000629811
326.218600000 350.053617879 -147.209079778 11.635832294 -0.018215808 -0.013859304 0.999737663 -0.000842313
326.322400000 349.021275845 -147.201544466 11.553515334 -0.016473419 -0.012816130 0.999782078 -0.000413037
326.426000000 347.936368627 -147.204776660 11.502082845 -0.018060482 -0.011296825 0.999772717 -0.000845251
326.529700000 346.962691370 -147.283883664 11.471423681 -0.018325412 -0.013016132 0.999747017 -0.000813924
326.633400000 345.948092877 -147.290845959 11.446785986 -0.018427209 -0.015477306 0.999710182 -0.000666132
326.737000000 344.868626107 -147.266055379 11.434485107 -0.017915086 -0.017156078 0.999691729 -0.001079890
326.840600000 343.865601780 -147.258142677 11.391676388 -0.018743086 -0.017974596 0.999661937 -0.001273591
326.944200000 342.774522103 -147.213450738 11.436303695 -0.017217082 -0.016812405 0.999708708 -0.001847758
327.047800000 341.745656125 -147.221647807 11.439512422 -0.015907699 -0.013397188 0.999780401 -0.002570970
327.151400000 340.638356848 -147.199607296 11.370357082 -0.014914048 -0.011562503 0.999818195 -0.002730583
327.255200000 339.573552707 -147.287809872 11.310045154 -0.014409554 -0.012128164 0.999812752 -0.004442114
327.358800000 338.501803438 -147.313439926 11.260180334 -0.016755824 -0.012701195 0.999766178 -0.005050792
327.462400000 337.514006506 -147.283285230 11.278860287 -0.018592438 -0.011732768 0.999746997 -0.004754589
327.566000000 336.411945828 -147.311509396 11.212148444 -0.017810429 -0.015624782 0.999709923 -0.004327202
327.669800000 335.364662777 -147.358811471 11.216587398 -0.015960324 -0.013753636 0.999768837 -0.004286905
327.773400000 334.277128670 -147.374174002 11.201049935 -0.014953206 -0.014859793 0.999767202 -0.004596691
327.877100000 333.120664210 -147.397966634 11.116423419 -0.017630033 -0.009899524 0.999789663 -0.003436806
327.980700000 332.003042088 -147.355092881 11.059695254 -0.020713541 -0.007729430 0.999747323 -0.004061384
328.084300000 330.889240479 -147.355014789 11.055084609 -0.021098529 -0.008318347 0.999735184 -0.003901152
328.188100000 329.837635090 -147.454706835 11.065314618 -0.019798772 -0.013089699 0.999710890 -0.003847583
328.291700000 328.802720680 -147.499709420 11.058144094 -0.018505183 -0.014843075 0.999715101 -0.002637690
328.395300000 327.728913106 -147.485263985 11.015776643 -0.017126440 -0.016955217 0.999706564 -0.002447667
328.499000000 326.619293027 -147.459906921 10.899534240 -0.019563893 -0.021704607 0.999569630 -0.002592039
328.602500000 325.558662539 -147.446396106 10.822127031 -0.021082429 -0.024665204 0.999469773 -0.002707849
328.706200000 324.532467151 -147.527176863 10.792657532 -0.019829418 -0.025733257 0.999467701 -0.002984588
328.809800000 323.541319857 -147.539671279 10.758538488 -0.018877436 -0.028411291 0.999415765 -0.002137495
328.913500000 322.479984206 -147.547784386 10.720500568 -0.016771315 -0.027445065 0.999480661 -0.001974854
329.017100000 321.346038295 -147.543340721 10.715198483 -0.018688348 -0.025565973 0.999498302 -0.000520292
329.120700000 320.216448410 -147.563285243 10.666265943 -0.020859497 -0.024162633 0.999490367 0.000233273
329.224400000 319.146381018 -147.574913761 10.590827947 -0.021351726 -0.021023188 0.999550849 -0.000478859
329.328100000 318.018601957 -147.426494124 10.613906944 -0.020824351 -0.019099136 0.999600697 0.000127363
329.431700000 316.857501348 -147.500071424 10.538646633 -0.021557822 -0.015630053 0.999645415 0.000082231
329.535300000 315.779405343 -147.436145018 10.542281860 -0.021304566 -0.010189563 0.999720770 0.000818528
329.639100000 314.711084434 -147.465515419 10.477031957 -0.021583635 -0.013102334 0.999681027 0.000564820
329.742700000 313.677934864 -147.484224868 10.445203513 -0.020646945 -0.005776869 0.999769735 0.000899615
329.846300000 312.493987050 -147.493075728 10.417270026 -0.018649438 -0.004737324 0.999814709 0.000551808
329.949800000 311.376938015 -147.532302274 10.382513119 -0.017351592 -0.009892749 0.999800429 -0.000396623
330.053500000 310.242621304 -147.537740932 10.360007240 -0.017685771 -0.010553308 0.999787766 -0.000514763
330.157100000 309.082937670 -147.467901300 10.341196368 -0.020153341 -0.012476945 0.999718814 -0.000678782
330.260800000 307.949726462 -147.488855710 10.266348968 -0.021615050 -0.013847764 0.999670042 -0.000914793
330.364400000 306.853204985 -147.470630886 10.222214668 -0.023567817 -0.012114240 0.999648814 -0.000227026
330.468000000 305.617058003 -147.544843563 10.145997812 -0.024097053 -0.011721803 0.999640899 -0.000059076
330.571600000 304.397815050 -147.500536148 10.130399752 -0.023987431 -0.009684765 0.999664691 0.001146299
330.675200000 303.328867420 -147.494227383 10.128204374 -0.021718957 -0.010149247 0.999712110 0.000988303
330.778700000 302.177793417 -147.455152662 10.026869958 -0.020946899 -0.010525620 0.999724579 0.001097781
330.882500000 300.942258084 -147.455151843 10.025695070 -0.021043379 -0.010865498 0.999717873 0.001814288
330.986000000 299.754188109 -147.515209429 9.988735741 -0.020829673 -0.012778652 0.999699148 0.002108078
331.089600000 298.528119570 -147.541688131 9.964690080 -0.018693744 -0.011433002 0.999758697 0.001542087
331.193200000 297.330443411 -147.519159830 9.913394074 -0.017622419 -0.013199994 0.999757487 0.000421345
331.296800000 296.176163196 -147.558442632 9.884643240 -0.018342600 -0.014033732 0.999733170 0.000439200
331.400400000 294.996089262 -147.489078073 9.831483779 -0.020263302 -0.016139773 0.999664108 -0.000759456
331.504000000 293.797350515 -147.475243154 9.778025977 -0.022090174 -0.016789756 0.999611605 -0.002601474
331.607700000 292.692147573 -147.528871399 9.739896337 -0.021855973 -0.015218780 0.999641209 -0.002856185
331.711200000 291.471888063 -147.555739093 9.704794724 -0.018321840 -0.015210668 0.999708483 -0.003986915
331.814700000 290.299093117 -147.586043638 9.742293409 -0.014086407 -0.013670626 0.999798148 -0.004283731
331.918400000 289.172386643 -147.608865910 9.697156360 -0.013055840 -0.016712208 0.999765203 -0.004448106
332.021900000 288.009249789 -147.553591861 9.636126183 -0.016095862 -0.017229856 0.999707934 -0.005301111
332.125500000 286.862888480 -147.568810563 9.570109031 -0.019268931 -0.015896724 0.999673659 -0.005345863
332.229100000 285.743274037 -147.585230923 9.520534698 -0.021927544 -0.018729663 0.999566850 -0.005873315
332.332600000 284.560547943 -147.598596799 9.494418795 -0.023522893 -0.015356083 0.999585433 -0.006310804
332.436200000 283.374230460 -147.662542899 9.459304226 -0.023590527 -0.017365905 0.999550274 -0.006415827
332.540000000 282.228763773 -147.652438583 9.436236110 -0.023160323 -0.018445375 0.999547180 -0.005366746
332.643400000 281.037926806 -147.675274492 9.374610536 -0.023598087 -0.015328459 0.999598106 -0.003434271
332.747200000 279.883326345 -147.696392188 9.386680241 -0.020934009 -0.015956821 0.999648777 -0.003077417
332.850900000 278.794768958 -147.691903781 9.426041127 -0.017092120 -0.015553119 0.999727743 -0.003224857
332.954400000 277.655774741 -147.708420808 9.407116506 -0.015151665 -0.014974283 0.999767139 -0.003444796
333.058400000 276.271642871 -147.783534332 9.374270576 -0.016713033 -0.018182416 0.999692959 -0.002015552
333.161700000 275.115214156 -147.765053672 9.296649013 -0.020567853 -0.019849767 0.999590939 -0.000950859
333.265300000 273.958973871 -147.807119322 9.208720224 -0.024396334 -0.020168419 0.999498735 -0.000575823
333.368900000 272.891393519 -147.845939979 9.219251256 -0.027969940 -0.017863322 0.999448929 -0.000650576
333.472500000 271.807327019 -147.843114461 9.170961694 -0.028464436 -0.019492091 0.999404312 -0.000925344
333.576200000 270.762451060 -147.830916610 9.104986261 -0.024433983 -0.018935445 0.999521887 -0.000653441
333.679800000 269.686297096 -147.816494941 9.078012488 -0.018076326 -0.019217697 0.999651594 -0.000785056
333.783400000 268.583265778 -147.811777452 9.064433655 -0.014353635 -0.018738879 0.999720854 -0.001020734
333.887100000 267.451382405 -147.859074041 9.050644195 -0.015650836 -0.014321961 0.999774175 -0.001237796
333.990700000 266.308822908 -147.856292169 8.989838346 -0.021217151 -0.014449318 0.999669009 -0.001709646
334.094500000 265.134165217 -147.858371137 8.909818225 -0.026526229 -0.018184938 0.999481711 -0.001406089
334.198000000 264.014064687 -147.911806813 8.846229436 -0.028407779 -0.020815701 0.999378612 -0.001447233
334.301700000 262.883537583 -148.003283901 8.779293818 -0.029818396 -0.020102543 0.999348313 -0.003114514
334.405200000 261.735116047 -147.943586668 8.749495569 -0.031000798 -0.022155394 0.999269033 -0.003080385
334.508900000 260.657632577 -147.938016471 8.827358965 -0.028527907 -0.022268477 0.999340974 -0.002809109
334.612500000 259.576863187 -147.939425735 8.760201798 -0.025093417 -0.021499255 0.999451147 -0.002346631
334.716200000 258.548931970 -148.004881054 8.680440420 -0.021410928 -0.023166878 0.999499946 -0.002173743
334.819800000 257.471912762 -147.948428138 8.643582424 -0.017813255 -0.021711308 0.999605400 -0.000592939
334.923600000 256.225867032 -147.982733896 8.518830413 -0.017879873 -0.023035721 0.999574447 0.000768976
335.027200000 255.105782629 -147.969004895 8.545030938 -0.019487565 -0.023151872 0.999539548 0.002217696
335.130900000 254.070962718 -147.992154170 8.520433500 -0.023214797 -0.022281841 0.999480058 0.002050879
335.234600000 253.067989399 -148.005850043 8.491088809 -0.027178376 -0.021705868 0.999394229 0.001168722
335.338200000 252.017734408 -148.057803941 8.465515763 -0.029963932 -0.024792849 0.999243117 0.000819404
335.441800000 250.915270688 -148.104677360 8.409722530 -0.029691022 -0.028643969 0.999148605 0.000175939
335.545500000 249.891644815 -148.041249952 8.332667496 -0.026985499 -0.031326415 0.999144395 -0.000957297
335.649100000 248.904382302 -148.104028802 8.374147807 -0.022824716 -0.029587156 0.999298888 -0.002316441
335.752600000 247.961611172 -148.054296416 8.355537162 -0.019421026 -0.028106655 0.999412035 -0.002902253
335.856400000 247.019477002 -148.061887573 8.372725930 -0.018334052 -0.023368373 0.999552633 -0.003509313
335.960200000 246.027448005 -148.035324270 8.315770907 -0.019937447 -0.021511207 0.999565554 -0.002910168
336.063600000 245.057954632 -147.985099526 8.265888248 -0.022569505 -0.026506446 0.999387860 -0.003454176
336.167400000 244.253241339 -147.969266329 8.204684305 -0.023043578 -0.025372059 0.999403837 -0.004150026
336.271000000 243.349393109 -148.023936657 8.144129522 -0.021646752 -0.025268167 0.999430663 -0.005593578
336.374600000 242.437801423 -148.049473336 8.168690148 -0.019002488 -0.023578101 0.999521754 -0.006264362
336.478300000 241.555024119 -148.063090819 8.131369758 -0.016360864 -0.022722155 0.999584809 -0.006799716
336.581900000 240.612503275 -148.165178209 8.147282540 -0.016193916 -0.022511165 0.999580444 -0.008363072
336.685700000 239.794519496 -148.173336166 8.142584137 -0.016652888 -0.023704495 0.999544613 -0.008446548
336.789300000 239.038621761 -148.192372396 8.133536585 -0.017630963 -0.025064242 0.999489104 -0.009080992
336.893100000 238.258311096 -148.188411525 8.092713513 -0.020120086 -0.029000420 0.999329838 -0.009697072
336.996600000 237.493092396 -148.162085934 8.088003714 -0.022511493 -0.029849569 0.999239225 -0.011099902
337.100300000 236.705074755 -148.191485110 8.079864503 -0.024259523 -0.030756233 0.999155760 -0.012381325
337.204000000 235.942941379 -148.265707128 8.116863665 -0.025297498 -0.028298844 0.999191029 -0.013285338
337.307600000 235.292982894 -148.241918620 8.114030051 -0.024189739 -0.029456069 0.999171045 -0.014297559
337.411400000 234.614131332 -148.212191145 8.067222307 -0.021588280 -0.028971143 0.999227391 -0.015467410
337.515000000 233.840993024 -148.234175204 8.022989949 -0.021445731 -0.029990768 0.999202020 -0.015360896
337.618700000 233.226530230 -148.212577133 7.992317106 -0.022088963 -0.030567283 0.999153198 -0.016450127
337.722300000 232.549493715 -148.307440484 7.907767924 -0.023922635 -0.032302667 0.999063869 -0.015988453
337.826100000 231.936401271 -148.376039507 7.904164053 -0.024282805 -0.033507832 0.999031800 -0.014934302
337.929700000 231.406940049 -148.353554377 7.911220144 -0.025196214 -0.034922883 0.998974133 -0.014007993
338.033400000 230.907617587 -148.430025645 7.909542802 -0.025368320 -0.036110203 0.998962332 -0.011258798
338.137000000 230.339335096 -148.438334553 7.955069571 -0.024202347 -0.036383459 0.999015946 -0.007591466
338.240800000 229.855643060 -148.444034655 7.962690055 -0.022522735 -0.037484103 0.999040040 -0.002582188
338.344600000 229.291644962 -148.481851520 7.884723952 -0.023364989 -0.038215259 0.998981300 0.005480298
338.448500000 228.853465113 -148.427637859 7.859665273 -0.023628556 -0.039720906 0.998814715 0.015267821
338.552100000 228.443933751 -148.397272137 7.856031759 -0.022546449 -0.038368991 0.998661210 0.026367904
338.656000000 228.005072746 -148.367798342 7.877203259 -0.020835430 -0.036151880 0.998316367 0.040290923
338.759900000 227.603886670 -148.335620214 7.870364307 -0.021077670 -0.034508634 0.997603937 0.056136179
338.863900000 227.149489015 -148.250846688 7.854761996 -0.020668301 -0.035510749 0.996373685 0.074506966
338.967800000 226.704290194 -148.139445156 7.832558918 -0.018820374 -0.036134753 0.994765181 0.093713963
339.071700000 226.295518706 -147.973976782 7.844062350 -0.017429155 -0.033440125 0.992781897 0.113851163
339.175600000 225.917956747 -147.816570290 7.822006132 -0.017000771 -0.030008387 0.990203254 0.135307004
339.279600000 225.519314097 -147.666308775 7.804717275 -0.016219616 -0.026494019 0.987126559 0.156895337
339.383400000 225.137269239 -147.472080143 7.773978769 -0.014612545 -0.025142383 0.983583093 0.178097258
339.487100000 224.738359948 -147.302132123 7.778830155 -0.013445027 -0.024570708 0.979396210 0.199996438
339.590900000 224.421917210 -147.115178545 7.744825063 -0.014118646 -0.023219818 0.974637699 0.222132529
339.694700000 224.076525946 -146.870786061 7.750033760 -0.014740262 -0.021751697 0.968985308 0.245717444
339.798500000 223.719851342 -146.634999710 7.748421799 -0.014659255 -0.020992748 0.962167885 0.271251490
339.902100000 223.375405338 -146.355721229 7.744471750 -0.013941826 -0.020210210 0.954470290 0.297293858
340.006000000 223.009519524 -146.073368788 7.736648302 -0.013042990 -0.018960482 0.946186297 0.322803147
340.109600000 222.694758524 -145.758439823 7.762145311 -0.012656625 -0.019079502 0.936712897 0.349349010
340.213300000 222.387533531 -145.437240874 7.757880077 -0.013246302 -0.020050208 0.926191330 0.376287316
340.317000000 222.072175845 -145.027705845 7.774094998 -0.011847949 -0.022324546 0.915135326 0.402353794
340.420600000 221.798851078 -144.638197030 7.773415914 -0.009632759 -0.023857645 0.902751275 0.429392779
340.524200000 221.563031151 -144.275457427 7.779631742 -0.007194413 -0.025545905 0.890239024 0.454719834
340.627800000 221.248550990 -143.823071595 7.812537227 -0.004803224 -0.027520472 0.876969068 0.479734100
340.731400000 221.012239622 -143.416745781 7.815267825 -0.003856033 -0.027279147 0.863597980 0.503427758
340.835500000 220.787909929 -142.947574316 7.789931379 -0.003185863 -0.027385261 0.850092144 0.525911822
340.938700000 220.573553900 -142.428045452 7.805275236 -0.003001781 -0.027749034 0.836332881 0.547510998
341.042200000 220.415309513 -141.914193974 7.828066682 -0.003753517 -0.026853480 0.822655987 0.567892533
341.145800000 220.270906036 -141.377962116 7.850675465 -0.004366756 -0.025679443 0.809055758 0.587154390
341.249400000 220.110315749 -140.861978636 7.872446533 -0.003399467 -0.024384675 0.796110988 0.604649590
341.353000000 219.981694133 -140.308097949 7.880019070 -0.003893803 -0.025488851 0.783309529 0.621096883
341.456500000 219.884485485 -139.705412906 7.913971124 -0.001879358 -0.027170216 0.771050250 0.636191605
341.560000000 219.780964440 -139.117060213 7.890194130 0.001154745 -0.027447552 0.761257104 0.647867980
341.663300000 219.717936611 -138.506104523 7.908042637 0.004689512 -0.026901972 0.752307676 0.658245739
341.766800000 219.680499716 -137.900436074 7.904563460 0.006648381 -0.025655099 0.744318702 0.667298498
341.870200000 219.635291495 -137.269625247 7.939855144 0.007629174 -0.023189730 0.736915808 0.675543577
341.973600000 219.581902988 -136.597313504 8.024347088 0.008334063 -0.022594396 0.731073014 0.681874097
342.076900000 219.539479242 -135.894821278 8.070848295 0.008632395 -0.021909179 0.725871589 0.687427019
342.180300000 219.520861328 -135.190602253 8.062628595 0.009067890 -0.020353480 0.721613264 0.691937718
342.283800000 219.526295574 -134.462784188 8.082952761 0.009488540 -0.018730480 0.718373660 0.695340508
342.387100000 219.460622711 -133.699084269 8.114021348 0.009624747 -0.017652240 0.715302813 0.698525338
342.490700000 219.438160617 -132.905726095 8.138877073 0.009443466 -0.018313480 0.712766593 0.701098581
342.594200000 219.407323736 -132.097747018 8.166605228 0.011596886 -0.018442692 0.710133569 0.703729844
342.697800000 219.466805319 -131.321283508 8.218332908 0.013684751 -0.019099625 0.707381580 0.706441245
342.801200000 219.486303370 -130.467081108 8.263462159 0.017411589 -0.020375490 0.705167587 0.708533945
342.904900000 219.505890397 -129.632078667 8.304707266 0.022156514 -0.019555113 0.703846609 0.709737020
343.008300000 219.498829189 -128.776830450 8.333383874 0.022594185 -0.020928406 0.702756119 0.710763914
343.112000000 219.492730768 -127.870263155 8.384692419 0.021763795 -0.019219805 0.701756788 0.711824661
343.215500000 219.484367890 -126.886040074 8.432985084 0.019420809 -0.017470752 0.700713409 0.712964461
343.318900000 219.493806419 -125.932892097 8.486729730 0.015275064 -0.016171625 0.701324842 0.712494643
343.422600000 219.516553471 -124.993726215 8.540146869 0.011408162 -0.015858205 0.701961529 0.711946897
343.526200000 219.571987848 -124.011100151 8.548840019 0.011272508 -0.015426215 0.701862436 0.712056236
343.629800000 219.525243136 -123.005291728 8.577403263 0.013024509 -0.017896821 0.701989045 0.711843696
343.733400000 219.541546998 -122.087537958 8.615858858 0.016084987 -0.020411535 0.702199618 0.711505684
343.837100000 219.559169734 -121.148537141 8.689194239 0.016940061 -0.021123368 0.702916774 0.710756531
343.940700000 219.605224916 -120.126205937 8.750965538 0.017585623 -0.019331307 0.703257938 0.710454304
344.044400000 219.606345472 -119.156374025 8.818401745 0.016386193 -0.018026785 0.703444948 0.710332128
344.147900000 219.592383048 -118.146583479 8.864397650 0.014636153 -0.015465316 0.704387294 0.709496403
344.251500000 219.589042641 -117.112640997 8.905550376 0.012079153 -0.013882709 0.705553580 0.708417610
344.355100000 219.598688534 -116.117880040 8.894639352 0.010867338 -0.012173837 0.706705755 0.707319358
344.458700000 219.614264047 -115.097429403 8.973309288 0.011485594 -0.013677964 0.707909959 0.706076826
344.562300000 219.605986882 -114.139299019 9.007988396 0.011559655 -0.017808951 0.709471606 0.704414122
344.665900000 219.656365092 -113.191244055 9.108348136 0.013770668 -0.018799923 0.710163152 0.703651355
344.769600000 219.640089819 -112.208682649 9.230816404 0.014158097 -0.017273383 0.711224981 0.702609568
344.873200000 219.577035810 -111.200613298 9.251442577 0.013701041 -0.013230960 0.711751339 0.702173237
344.976800000 219.526394510 -110.234775681 9.229309696 0.013067640 -0.010295211 0.712627308 0.701345539
345.080400000 219.477759771 -109.235883828 9.307206349 0.014175908 -0.009374018 0.713627279 0.700319411
345.184000000 219.533173479 -108.195449220 9.394970999 0.015767772 -0.010510825 0.712952630 0.700956095
345.287600000 219.492108834 -107.237943923 9.455125347 0.017514773 -0.012231795 0.712983706 0.700855086
345.391300000 219.514943205 -106.268084356 9.541008860 0.019274681 -0.016156012 0.712942601 0.700771231
345.495000000 219.529322604 -105.246480109 9.629461748 0.021059240 -0.016851138 0.712233988 0.701423762
345.598600000 219.546392725 -104.282573956 9.643608643 0.020312348 -0.015652286 0.711361616 0.702358217
345.702200000 219.537506698 -103.268319808 9.667366306 0.018892736 -0.011014261 0.710409162 0.703449055
345.806000000 219.422302812 -102.263068394 9.750071363 0.017371037 -0.010194121 0.710549209 0.703359189
345.909600000 219.395329945 -101.294228309 9.839357871 0.018213110 -0.010070583 0.710465451 0.703424274
346.013200000 219.424889553 -100.334684908 9.894394456 0.017757286 -0.011053964 0.710348063 0.703539706
346.116800000 219.448755076 -99.383483877 9.929195152 0.017642444 -0.012990104 0.710615471 0.703239400
346.220600000 219.420024827 -98.431789343 10.000040758 0.018184076 -0.013659789 0.710114927 0.703718367
346.324200000 219.428783067 -97.448672106 10.087014218 0.021501737 -0.009672716 0.709921664 0.703885889
346.427800000 219.355651929 -96.537292356 10.124789311 0.021299786 -0.007160428 0.710305557 0.703534692
346.531400000 219.367097375 -95.603853441 10.138726706 0.021256941 -0.004363925 0.710732397 0.703127698
346.635100000 219.325647162 -94.696144863 10.187876593 0.020982686 -0.004526447 0.711399007 0.702460455
346.738800000 219.268137334 -93.751827625 10.237373624 0.018968208 -0.005751676 0.712558605 0.701332560
346.842400000 219.221105509 -92.848606322 10.231028187 0.018319655 -0.005161724 0.713508795 0.700387712
346.946100000 219.264141063 -91.917705554 10.329615900 0.014471951 -0.008082608 0.714109706 0.699837525
347.049700000 219.261595518 -91.096154830 10.390493337 0.012762837 -0.009361412 0.713832227 0.700137862
347.153500000 219.235820267 -90.172447683 10.391358570 0.014240245 -0.008019544 0.714079592 0.699873730
347.257000000 219.139809583 -89.285267116 10.454070499 0.012036865 -0.011663751 0.713030585 0.700932562
347.360600000 219.070198816 -88.403154857 10.464110023 0.011940100 -0.011723098 0.714531564 0.699403065
347.464300000 219.059320187 -87.617108789 10.475976580 0.013252755 -0.010242799 0.715167286 0.698752604
347.568400000 219.035080822 -86.873100582 10.552136751 0.013009793 -0.010805949 0.715192998 0.698722372
347.671700000 219.089170647 -86.066723012 10.586187970 0.013105373 -0.009803722 0.714496121 0.699447946
347.775300000 219.095715311 -85.286483885 10.615676455 0.013125863 -0.007962489 0.713105406 0.700888715
347.879000000 219.042365447 -84.593848878 10.699423691 0.011922670 -0.008074761 0.712255926 0.701772146
347.982600000 219.007576538 -83.859336908 10.745119034 0.010004211 -0.009886932 0.711728991 0.702313326
348.086300000 218.920603566 -83.196538306 10.744092694 0.009747263 -0.009117992 0.711553429 0.702505211
348.190000000 218.965651462 -82.540744827 10.753158949 0.009837743 -0.008076457 0.710404182 0.703678824
348.295600000 218.928257253 -81.939000067 10.759267571 0.009151385 -0.007682898 0.709145745 0.704960664
348.397600000 218.881712788 -81.331217713 10.749489521 0.009445567 -0.007503576 0.707233747 0.706876866
348.501000000 218.768978908 -80.835501482 10.716126796 0.008964470 -0.009211031 0.706020856 0.708074393
348.604700000 218.718721343 -80.340099681 10.737084371 0.008396776 -0.010542114 0.704764972 0.709312831
348.708300000 218.666335596 -79.818466233 10.737798257 0.009524564 -0.009787296 0.702313956 0.711736327
348.812000000 218.671367252 -79.343239403 10.736973892 0.010117005 -0.009977153 0.698712563 0.715261390
348.915700000 218.736857709 -78.774365353 10.766011511 0.009831907 -0.011083804 0.693450393 0.720352022
349.019400000 218.770072813 -78.332127627 10.795012068 0.009676317 -0.012120591 0.687660867 0.725866374
349.123200000 218.680507760 -77.835414922 10.869697651 0.010689696 -0.012609304 0.680929083 0.732162768
349.227200000 218.751260671 -77.394231250 10.943174155 0.010958130 -0.011793615 0.672690116 0.739749172
349.330800000 218.964013419 -77.091818040 10.986651857 0.010737299 -0.010880493 0.664079934 0.747505295
349.436100000 219.086987640 -76.754827664 10.993699450 0.012578271 -0.011304715 0.653889991 0.756400601
349.538100000 219.167035115 -76.344221448 11.013456758 0.013186291 -0.013077537 0.641228285 0.767125404
349.642000000 219.336516302 -75.853056422 11.062419216 0.013657699 -0.014154780 0.625526443 0.779954985
349.745800000 219.502920092 -75.353006175 11.055179916 0.011710196 -0.015875777 0.609103162 0.792845615
349.849500000 219.586422845 -74.911453627 11.022738158 0.010042832 -0.017120903 0.591266700 0.806231794
349.953200000 219.706301946 -74.477855184 10.952687162 0.008023364 -0.018077486 0.572504235 0.819663182
350.057000000 219.879623398 -74.039255717 10.981238841 0.008234380 -0.020114123 0.552905854 0.832960224
350.160800000 220.121251824 -73.686825470 10.939463999 0.005241821 -0.023741518 0.533480795 0.845462657
350.264400000 220.320109647 -73.258988065 11.021232444 0.006903156 -0.025163803 0.513690456 0.857578711
350.368100000 220.550386494 -72.891622345 11.113280091 0.009749675 -0.023748523 0.492584216 0.869886051
350.471800000 220.901242688 -72.537015157 11.147279416 0.011359180 -0.021037644 0.470505730 0.882072982
350.575500000 221.223234879 -72.160736032 11.191269348 0.012287936 -0.019759750 0.447925339 0.893768118
350.679200000 221.551531564 -71.749219355 11.190301646 0.011762649 -0.018773467 0.425062081 0.904893046
350.782800000 221.903382451 -71.376586434 11.224039845 0.011197242 -0.017444340 0.401667116 0.915551115
350.886500000 222.259102613 -71.085142483 11.255648891 0.011598772 -0.017454482 0.376964626 0.925990540
350.990300000 222.619969595 -70.756666771 11.305360976 0.012474484 -0.018755460 0.352638618 0.935488442
351.093800000 222.947311183 -70.492654162 11.391070522 0.012673341 -0.020791143 0.327822155 0.944425619
351.197700000 223.339724776 -70.150427711 11.377271875 0.013244174 -0.024855759 0.303218058 0.952504904
351.301200000 223.764225947 -69.968983025 11.415282464 0.017234988 -0.026276500 0.278586406 0.959896929
351.404700000 224.257408451 -69.719057648 11.464703302 0.023326692 -0.025011964 0.254197759 0.966547343
351.508700000 224.768725833 -69.555284700 11.501088219 0.026475757 -0.024146054 0.231185796 0.972249521
351.611800000 225.261492757 -69.394934299 11.564397276 0.028252675 -0.022518810 0.210605276 0.976903325
351.715600000 225.773400621 -69.205976421 11.578219348 0.027603293 -0.021550929 0.189263691 0.981301621
351.818900000 226.229021006 -69.034786523 11.598448168 0.026697395 -0.020667521 0.168720907 0.985085457
351.922400000 226.683984714 -68.878866733 11.649136580 0.028330884 -0.019281118 0.149830568 0.988117605
352.025900000 227.180698955 -68.746718875 11.656453127 0.030113621 -0.018023451 0.131248276 0.990728124
352.129400000 227.672959838 -68.597188830 11.744170310 0.032952577 -0.018406790 0.112772210 0.992903694
352.232900000 228.235975265 -68.534147589 11.756169923 0.032100451 -0.019138919 0.097189907 0.994563917
352.336400000 228.736807407 -68.468281947 11.837883782 0.033472893 -0.020507502 0.080467917 0.995983897
352.439900000 229.220579525 -68.415508650 11.869457196 0.034500014 -0.022491771 0.066065248 0.996965021
352.543300000 229.659942999 -68.405031195 11.874523322 0.035727988 -0.024154208 0.052203332 0.997704815
352.647000000 230.159222499 -68.392308620 11.850578966 0.034378750 -0.025334787 0.040124078 0.998281678
352.750300000 230.658003711 -68.341955765 11.854765967 0.036283641 -0.024352720 0.028240836 0.998645532
352.853800000 231.177400743 -68.323614268 11.911387828 0.039563702 -0.021503908 0.020078845 0.998783828
352.957200000 231.762391468 -68.362219529 12.018992844 0.044896558 -0.018491983 0.015063542 0.998706882
353.060500000 232.332826331 -68.361598275 12.078442420 0.047049524 -0.015174184 0.009641473 0.998730759
353.163900000 232.946320377 -68.342652025 12.065556702 0.045919491 -0.014476477 0.005753798 0.998823671
353.267400000 233.541541537 -68.351603142 12.122300902 0.048371556 -0.013756687 0.002974413 0.998730243
353.370800000 234.028061172 -68.387609544 12.194477573 0.049883311 -0.013135318 0.002893631 0.998664481
353.474000000 234.515583753 -68.372778809 12.158184268 0.052558641 -0.013752527 0.006056256 0.998504772
353.577400000 235.045259176 -68.345474409 12.180866138 0.054377929 -0.015143951 0.011055460 0.998344369
353.680600000 235.594102684 -68.334459842 12.239571450 0.053412163 -0.015419308 0.017329661 0.998303095
353.784000000 236.175192399 -68.270889322 12.235919563 0.054573826 -0.015452110 0.024856274 0.998080706
353.887200000 236.742091248 -68.251615495 12.239614378 0.053629823 -0.017145689 0.034038322 0.997833283
353.990600000 237.321991809 -68.216878830 12.212606894 0.053070055 -0.017752671 0.046345809 0.997356746
354.094000000 237.794896051 -68.142895509 12.216318285 0.054233645 -0.016111745 0.060229655 0.996579908
354.197200000 238.344171582 -68.029160632 12.243531477 0.052712283 -0.015662329 0.075546639 0.995624835
354.300600000 238.871507935 -67.899234713 12.333914436 0.049100676 -0.016522297 0.093754704 0.994246545
354.403800000 239.376840687 -67.786784408 12.356902456 0.048991207 -0.018449706 0.113452678 0.992163273
354.507200000 239.800327230 -67.676577585 12.424220057 0.045197002 -0.020803283 0.136299607 0.989417440
354.610500000 240.235564843 -67.443324739 12.489653982 0.044929025 -0.023276973 0.159992353 0.985820477
354.713800000 240.700495624 -67.229858311 12.530829477 0.040502196 -0.026606297 0.185097862 0.981524558
354.817700000 241.199223313 -66.935378936 12.536351730 0.033627207 -0.029122379 0.211767455 0.976307146
354.920500000 241.644519543 -66.610538302 12.588950331 0.025943811 -0.031092220 0.239993144 0.969929628
355.023800000 242.042607524 -66.340034005 12.628120016 0.019062228 -0.033252920 0.269264836 0.962303134
355.127100000 242.397654665 -66.057030067 12.619854989 0.014628748 -0.034079720 0.300080664 0.953192618
355.230800000 242.766859753 -65.717445404 12.672683111 0.012184764 -0.031954858 0.329494874 0.943537782
355.334000000 243.160849413 -65.343528305 12.699823692 0.008886408 -0.028321360 0.360313825 0.932358772
355.437700000 243.482036878 -65.009875098 12.729085364 0.005637425 -0.025299814 0.390983008 0.920032840
355.541100000 243.764984076 -64.560790855 12.752024435 0.001316456 -0.025460008 0.419716532 0.907297133
355.644600000 243.977685181 -64.195692343 12.778303073 -0.001681982 -0.026534176 0.448125266 0.893575321
355.748300000 244.180183486 -63.818065020 12.815136855 -0.000009167 -0.027670256 0.477739106 0.878065888
355.851700000 244.385389466 -63.399278968 12.855961660 0.003433670 -0.028114360 0.507023260 0.861466892
355.955300000 244.548522571 -62.975639204 12.907712460 0.007095881 -0.028041767 0.535554876 0.844004907
356.058900000 244.702321614 -62.516482859 12.929748055 0.006734491 -0.027335613 0.562852285 0.826077911
356.162700000 244.855353775 -62.016754945 12.974458204 0.003772858 -0.027296450 0.586587536 0.809416909
356.266300000 244.950728287 -61.542706871 12.958708957 0.001659040 -0.028117356 0.608109060 0.793353662
356.370100000 245.067007538 -61.030701911 12.991925118 -0.000697970 -0.030009204 0.627066143 0.778387444
356.473900000 245.116610774 -60.523021386 13.013077238 -0.000893920 -0.030036315 0.643823434 0.764583813
356.577800000 245.149062498 -59.979855432 13.084157626 0.000003957 -0.030815545 0.659208883 0.751328191
356.681700000 245.223403110 -59.492776361 13.086889849 0.000363117 -0.032886313 0.671221936 0.740526483
356.785600000 245.254552661 -58.962460057 13.091178868 -0.000875084 -0.034705560 0.681550875 0.730946758
356.889600000 245.276344365 -58.456288913 13.103392867 -0.001646016 -0.036864421 0.688734755 0.724073713
356.993700000 245.271531712 -57.901875542 13.157194415 -0.004149914 -0.041209962 0.694173580 0.718615028
357.097700000 245.245188851 -57.297618742 13.224956515 -0.003065105 -0.040297303 0.698249383 0.714712902
357.201600000 245.230300241 -56.653733372 13.265736666 -0.003029286 -0.041679951 0.701252963 0.711686649
357.305600000 245.182176984 -56.072652663 13.308731455 -0.002491328 -0.041365969 0.703795257 0.709193124
357.409600000 245.176987564 -55.438674216 13.333610452 -0.003218205 -0.041887591 0.705402097 0.707561273
357.513800000 245.177753384 -54.752069196 13.360081034 -0.004562896 -0.042797194 0.706287661 0.706615397
357.617500000 245.215284139 -54.029060068 13.350091984 -0.004625459 -0.042921674 0.706012264 0.706882605
357.721400000 245.150164330 -53.334363636 13.343106120 -0.004399220 -0.043303293 0.704845641 0.708024078
357.825200000 245.144038750 -52.602689034 13.419183096 -0.003966852 -0.043660339 0.704469265 0.708379202
357.929000000 245.156791840 -51.883529049 13.501900841 -0.001155588 -0.041516353 0.704087027 0.708898099
358.032700000 245.108503353 -51.130347358 13.537733066 -0.000704846 -0.043194760 0.703171301 0.709706867
358.136500000 245.146558469 -50.314540514 13.551413302 0.000056281 -0.043079344 0.703869870 0.709021420
358.240200000 245.138570430 -49.524519574 13.658574202 -0.001114089 -0.044078780 0.704350234 0.708481875
358.344000000 245.187583886 -48.759082225 13.717484293 -0.001570881 -0.044529818 0.703675423 0.709123068
358.447700000 245.235040533 -47.945722873 13.770590775 -0.000561412 -0.042795296 0.703072221 0.709829345
358.551300000 245.257994703 -47.047771666 13.772813750 0.000020063 -0.041985862 0.703128291 0.709822367
358.655000000 245.202354194 -46.235275242 13.833608220 0.000747233 -0.043210609 0.703505473 0.709374608
358.758600000 245.189318443 -45.290021247 13.881104166 0.001028162 -0.041853479 0.704157066 0.708808899
358.862300000 245.239420224 -44.304171778 13.895151730 -0.000634376 -0.041305716 0.704598631 0.708402572
358.965900000 245.191739098 -43.406069416 13.954672382 -0.001560057 -0.041700196 0.705278351 0.707701284
359.069500000 245.205079590 -42.524221839 14.017136993 -0.000419187 -0.042238801 0.706909795 0.706041252
359.173100000 245.188344233 -41.657553471 14.125257866 0.000210775 -0.042995157 0.708232414 0.704668873
359.276900000 245.209313338 -40.671532811 14.231365743 0.002706233 -0.043657144 0.709089101 0.703760880
359.380500000 245.219708862 -39.647679402 14.278971012 0.001208345 -0.043475702 0.709372577 0.703490547
359.484200000 245.130491627 -38.628862868 14.261972795 0.000115433 -0.041952662 0.709726931 0.703226595
359.587900000 245.175062230 -37.672031173 14.246549198 -0.001388962 -0.040840577 0.710913979 0.702090758
359.691600000 245.163026507 -36.584133292 14.333941895 0.000363721 -0.037995817 0.710975544 0.702189406
359.795200000 245.128700803 -35.594419647 14.388359613 -0.000875994 -0.039702383 0.711255224 0.701811199
359.898800000 245.129362265 -34.572490159 14.476982094 0.000170271 -0.040116558 0.711423183 0.701617907
360.002600000 245.093430845 -33.508476597 14.525371647 -0.001539986 -0.041777614 0.711342972 0.701600624
360.106200000 245.038427604 -32.383522932 14.625211196 -0.000959854 -0.042361403 0.711238874 0.701672185
360.209900000 245.007244410 -31.296239348 14.678701487 -0.003001259 -0.045510405 0.711083075 0.701627148
360.313500000 245.016900008 -30.248153322 14.751727393 -0.004658747 -0.047132405 0.711184830 0.701407848
360.417200000 245.016370834 -29.101498628 14.782939096 -0.004704979 -0.047866517 0.710655622 0.701894042
360.520900000 244.970003871 -28.002050539 14.829126439 -0.006262697 -0.048518027 0.710015938 0.702484268
360.624500000 244.971143779 -27.030183569 14.868329777 -0.007864975 -0.050228402 0.709220255 0.703151392
360.728200000 244.865702011 -25.980111589 14.949153892 -0.005453168 -0.048493370 0.709547490 0.702965871
360.831800000 244.879143191 -24.850608343 15.055156308 -0.004000687 -0.046530789 0.709594415 0.703060912
360.935500000 244.921304797 -23.821529898 15.081720199 -0.003607412 -0.044904509 0.708948551 0.703819951
361.039200000 244.896055659 -22.744902847 15.179933788 -0.002512735 -0.044189499 0.709674864 0.703137655
361.142800000 244.874445488 -21.600506263 15.254853826 -0.000477128 -0.041014771 0.710440419 0.702561009
361.246300000 244.805149078 -20.437646186 15.340802785 -0.002371511 -0.040966661 0.712313738 0.700660579
361.350200000 244.811104473 -19.377678026 15.398672829 -0.004342729 -0.041127626 0.713414971 0.699520363
361.453500000 244.790260086 -18.283715085 15.494473074 -0.004998607 -0.042187378 0.714960808 0.697872684
361.557400000 244.735661149 -17.250113745 15.575702862 -0.006268856 -0.044814778 0.715612839 0.697029843
361.660900000 244.729469438 -16.171121568 15.674064409 -0.006519317 -0.046360957 0.715437652 0.697106251
361.764500000 244.736537621 -15.083371146 15.708663385 -0.008126196 -0.048961645 0.716089064 0.696242181
361.868200000 244.685810841 -14.041428971 15.782175456 -0.009439723 -0.050462608 0.716163925 0.696041413
361.971900000 244.587062164 -13.035796378 15.858921805 -0.012438592 -0.050239776 0.716431753 0.695734713
362.075400000 244.521732566 -11.993361762 15.859870722 -0.014668020 -0.051005313 0.716446427 0.695620460
362.179000000 244.494821910 -11.000382557 15.929415743 -0.014092992 -0.050977773 0.716917204 0.695149176
362.282600000 244.457361030 -9.997932351 16.051411410 -0.013358535 -0.049442980 0.717080242 0.695106371
362.386200000 244.356815327 -9.061111974 16.124303752 -0.012994477 -0.049033443 0.717146214 0.695074221
362.489800000 244.345131286 -8.130012210 16.166270158 -0.012170614 -0.048423645 0.717154639 0.695123191
362.593400000 244.278390862 -7.221570920 16.223273670 -0.014138441 -0.050243003 0.717216684 0.694892778
362.697100000 244.230205830 -6.356439437 16.284180403 -0.016210808 -0.052774820 0.717308352 0.694565156
362.800800000 244.195411630 -5.424589832 16.340923966 -0.016134149 -0.051365255 0.717049468 0.694939825
362.904400000 244.227165622 -4.578584705 16.384428249 -0.018115511 -0.052383220 0.717080535 0.694782940
363.008000000 244.158094857 -3.735074410 16.449937008 -0.015667373 -0.049477336 0.716704435 0.695443225
363.111600000 244.113139057 -2.859409084 16.483969513 -0.018254433 -0.052469244 0.716534437 0.695336002
363.215400000 244.066940840 -2.096995654 16.572912608 -0.016903730 -0.051251005 0.716958864 0.695023443
363.319000000 244.006825002 -1.350620841 16.615171455 -0.016793128 -0.050869707 0.717253300 0.694750291
363.422600000 243.999754792 -0.621859056 16.632579074 -0.017988049 -0.052436770 0.717350540 0.694503433
363.526300000 244.031830572 0.112737987 16.670602858 -0.018457745 -0.053832317 0.716919519 0.694829329
363.629900000 243.981088629 0.739733742 16.707326053 -0.018095142 -0.053085013 0.716565996 0.695260902
363.733700000 243.929458269 1.393941180 16.700501414 -0.017677249 -0.051131288 0.716058522 0.695940586
363.837400000 243.856529829 2.067432611 16.758855661 -0.016526183 -0.049423541 0.715140957 0.697034870
363.941200000 243.879292569 2.747425343 16.815546403 -0.015004471 -0.046971570 0.713390860 0.699029340
364.044800000 243.822461010 3.299627130 16.835399225 -0.016644509 -0.046805479 0.711053957 0.701380408
364.148500000 243.816743769 3.839503320 16.854695134 -0.016567608 -0.047092458 0.708631061 0.703810936
364.252300000 243.743476670 4.301333226 16.905826804 -0.017343425 -0.047369564 0.706287909 0.706125144
364.355900000 243.761460664 4.755331666 16.962929626 -0.017396532 -0.047888461 0.704286346 0.708085305
364.459600000 243.781824407 5.238467895 16.991289526 -0.015988725 -0.048780795 0.700929021 0.711381263
364.563200000 243.808188301 5.616829356 16.992777063 -0.013632226 -0.048250726 0.697679212 0.714653585
364.666900000 243.828389745 5.967128749 17.009465071 -0.013427111 -0.049379681 0.694297530 0.717866491
364.770500000 243.847811594 6.351422136 17.087698093 -0.012174084 -0.048690183 0.690588501 0.721504387
364.874200000 243.846121862 6.659826745 17.115414316 -0.009878799 -0.048398164 0.687767772 0.724248244
364.977800000 243.871312106 6.946848658 17.150629526 -0.007844444 -0.049995021 0.683652569 0.728050910
365.081400000 243.875572030 7.213894297 17.142387876 -0.006395955 -0.050117253 0.680079560 0.731395341
365.185200000 243.974360102 7.414819628 17.137297015 -0.005361487 -0.049082496 0.675999264 0.735246325
365.288800000 243.976279457 7.598942056 17.179804728 -0.005397705 -0.049570313 0.671909981 0.738952385
365.392500000 243.984799374 7.840131799 17.228219804 -0.003256510 -0.050505696 0.667470173 0.742914623
365.496200000 244.060734814 8.069337260 17.239020601 -0.000812449 -0.052044879 0.662412801 0.747328544
365.599900000 244.089871805 8.334899488 17.253779688 0.000590421 -0.052539939 0.656328311 0.752643577
365.703600000 244.124288727 8.556796349 17.247867089 0.001475949 -0.052608668 0.649335502 0.758678822
365.807200000 244.150948120 8.760494615 17.276605898 0.002346419 -0.053654880 0.642073391 0.764759707
365.911000000 244.268866578 8.954775159 17.298713403 0.002818211 -0.053164569 0.634171309 0.771357464
366.014600000 244.332020158 9.214117554 17.316703763 0.003353627 -0.050412222 0.625764804 0.778373799
366.118200000 244.422087457 9.433372460 17.319644108 0.002477782 -0.049444678 0.617130021 0.785302249
366.221800000 244.440246253 9.638963525 17.363657845 0.002055215 -0.049394012 0.607776597 0.792567736
366.325600000 244.512099901 9.809056787 17.408616044 0.004361639 -0.050795555 0.597164485 0.800496949
366.429300000 244.597966356 10.025656231 17.415457482 0.007923416 -0.052444154 0.585361362 0.809035788
366.533000000 244.700328454 10.305285771 17.437739951 0.010862491 -0.051667472 0.571810524 0.818685045
366.636700000 244.848518313 10.528348663 17.477474358 0.012293349 -0.048742338 0.557653165 0.828550545
366.740500000 244.944506226 10.807588502 17.526209926 0.013027086 -0.046068733 0.541653450 0.839237456
366.844100000 245.171804895 11.137706358 17.526614657 0.012495062 -0.043949650 0.523448390 0.850831408
366.948000000 245.323047765 11.373305549 17.548369624 0.011202203 -0.042002876 0.504077612 0.862563638
367.051800000 245.501424897 11.663845342 17.564796978 0.009991558 -0.041204684 0.482928699 0.874632617
367.155600000 245.796321814 12.010459145 17.598142338 0.009977823 -0.039155048 0.460530651 0.886723658
367.259200000 246.078151036 12.266466065 17.671833878 0.011413372 -0.036409533 0.436539748 0.898875481
367.363100000 246.415140062 12.595440201 17.693542748 0.014467615 -0.035589648 0.410829079 0.910902592
367.466900000 246.656310314 12.839680666 17.726778110 0.016765032 -0.035485529 0.383224778 0.922820936
367.570600000 246.940048781 13.110778516 17.767944215 0.018861449 -0.035345738 0.354214186 0.934305750
367.674300000 247.309202945 13.344062827 17.820222988 0.020703410 -0.037629767 0.323599950 0.945218727
367.778100000 247.718884600 13.589320944 17.781881465 0.021921083 -0.038637117 0.292042562 0.955373111
367.881700000 248.166915974 13.815427288 17.798315180 0.024126925 -0.036965583 0.259675911 0.964686404
367.985300000 248.625752947 14.057739181 17.845010381 0.026549980 -0.033838915 0.228167003 0.972671499
368.088900000 249.111337042 14.222435408 17.911784807 0.028917430 -0.031268794 0.197289339 0.979419706
368.192500000 249.632896450 14.386336173 17.975785446 0.030879857 -0.030197622 0.167127000 0.984988885
368.296000000 250.138775111 14.504475252 18.005505181 0.031925814 -0.030710874 0.138571548 0.989361163
368.399600000 250.729866105 14.592720046 18.032619801 0.032363002 -0.031836766 0.110810256 0.992804182
368.503100000 251.309664043 14.697700909 18.049997717 0.033489723 -0.030755307 0.083917022 0.995434821
368.606600000 251.959901459 14.756593246 18.084071560 0.032932899 -0.029124094 0.060014944 0.997228869
368.710100000 252.615384369 14.765877441 18.165787256 0.034628756 -0.028577131 0.039833850 0.998197105
368.813500000 253.251789803 14.806046882 18.216319045 0.035923745 -0.027376649 0.023180487 0.998710503
368.916700000 253.910904785 14.818326498 18.235147812 0.037824430 -0.026329077 0.009964172 0.998887785
369.020000000 254.661654520 14.798962340 18.277023633 0.038749718 -0.025214130 0.000642786 0.998930575
369.123200000 255.376306302 14.797380022 18.305258830 0.040275138 -0.024662959 -0.004787852 0.998872729
369.226300000 256.142253756 14.790351917 18.329069323 0.042590541 -0.024962432 -0.008045707 0.998748311
369.329500000 256.910533324 14.798620614 18.366614517 0.042914306 -0.025221586 -0.009654082 0.998713689
369.432800000 257.673958285 14.765946639 18.409398595 0.044486883 -0.025509713 -0.010444750 0.998629601
369.536000000 258.514118494 14.732885328 18.454144068 0.046572002 -0.025663205 -0.010740213 0.998527464
369.639400000 259.429856818 14.702637344 18.475682840 0.046190214 -0.024663887 -0.010849992 0.998569194
369.742800000 260.299092559 14.719807006 18.489706346 0.046508240 -0.023599447 -0.010407234 0.998584868
369.846100000 261.187060504 14.699352656 18.495925757 0.047168471 -0.022314162 -0.010008856 0.998587521
369.949600000 262.092369529 14.691816090 18.570680372 0.047125626 -0.022824314 -0.009070852 0.998586975
370.053100000 263.007125451 14.676153389 18.616594678 0.046408979 -0.023722542 -0.007444376 0.998613053
370.156600000 263.982244444 14.625629469 18.682895929 0.045965068 -0.027146343 -0.005980811 0.998556217
370.260300000 264.900877826 14.626441183 18.735161510 0.044056931 -0.029213879 -0.004696099 0.998590748
370.363800000 265.886924179 14.653433559 18.867071851 0.041960657 -0.029550765 -0.003776109 0.998675020
370.467400000 266.921059378 14.655778295 18.886197061 0.043569150 -0.026984806 -0.004203960 0.998677063
370.571100000 268.097676364 14.645323435 18.890479157 0.045478592 -0.022453789 -0.004530595 0.998702658
370.674700000 269.134299631 14.652186157 18.914130558 0.045815191 -0.021114421 -0.003653155 0.998720083
370.778300000 270.207312464 14.612526620 19.021423196 0.047654843 -0.024060681 -0.003267189 0.998568688
370.881900000 271.366524835 14.581342130 19.081010652 0.051118443 -0.027570367 -0.002893996 0.998307770
370.985500000 272.470812751 14.584478039 19.154372347 0.048432740 -0.029982654 -0.002695674 0.998372698
371.089300000 273.537576616 14.564361208 19.240514592 0.045767744 -0.029628464 -0.002375828 0.998509801
371.192900000 274.711073706 14.613080958 19.323222806 0.043661451 -0.026639397 -0.002249171 0.998688621
371.296500000 275.896582675 14.628297323 19.338421377 0.045274872 -0.022760429 -0.001055366 0.998714692
371.400300000 277.093517853 14.634557236 19.351296581 0.044473371 -0.020251584 -0.001301109 0.998804435
371.503800000 278.301997896 14.617076587 19.432803032 0.045233460 -0.020467044 -0.001133742 0.998766113
371.607600000 279.460749659 14.576029679 19.525356094 0.044030557 -0.022926271 -0.000562153 0.998766930
371.711200000 280.609287162 14.578023820 19.627596230 0.042484543 -0.025420606 -0.000366829 0.998773609
371.815000000 281.816395198 14.574353201 19.683575389 0.043148615 -0.025931137 0.000718255 0.998731824
371.918600000 283.049940520 14.575029757 19.737906850 0.043977071 -0.024924638 0.000578457 0.998721405
372.022300000 284.288411174 14.614940436 19.773574851 0.043600854 -0.023680695 0.001275726 0.998767522
372.126500000 285.506009679 14.626171206 19.839101674 0.044954566 -0.023712044 0.001795576 0.998705964
372.229500000 286.652301225 14.612204691 19.944831156 0.047294948 -0.025529616 0.002308561 0.998552000
372.333300000 287.870976797 14.569492765 20.048446741 0.047611389 -0.026549847 0.002540490 0.998509793
372.437000000 289.128783561 14.598545236 20.099210652 0.048851825 -0.026839578 0.003096724 0.998440557
372.540700000 290.337785947 14.655198386 20.164968319 0.048357616 -0.026247611 0.003562219 0.998478800
372.644200000 291.575574808 14.693195268 20.221768051 0.049958421 -0.024261552 0.003329533 0.998451024
372.748000000 292.856100126 14.673719918 20.293491829 0.045274030 -0.022749829 0.002863959 0.998711422
372.851600000 294.023492302 14.685748735 20.343256434 0.045435706 -0.022455696 0.002372557 0.998712025
372.955200000 295.238849940 14.663376240 20.414988870 0.045428580 -0.022154663 0.001930058 0.998720026
373.058800000 296.499973161 14.676945275 20.522010260 0.045780248 -0.023696596 0.001097584 0.998669833
373.162500000 297.808881271 14.703164285 20.565581249 0.046705959 -0.025509120 0.000098625 0.998582910
373.266100000 299.063221476 14.720027780 20.641528180 0.047730381 -0.026919990 -0.000438608 0.998497337
373.369800000 300.368950124 14.687769547 20.712599794 0.047630570 -0.026023524 -0.001133744 0.998525322
373.473400000 301.598651700 14.710797991 20.768831817 0.046561928 -0.024866319 -0.000363876 0.998605788
373.577000000 302.924057321 14.715631680 20.823906508 0.043683413 -0.023607580 -0.001305033 0.998765607
373.680800000 304.223915899 14.728419386 20.855152953 0.043396946 -0.021329890 -0.001818131 0.998828531
373.784500000 305.513401781 14.707914191 20.891399389 0.043888953 -0.019839380 -0.001745529 0.998837881
373.888100000 306.729109303 14.718391083 20.989933993 0.042522783 -0.018687082 -0.002450135 0.998917716
373.991800000 307.937973794 14.711897378 21.112499261 0.037962396 -0.020955160 -0.002591734 0.999056065
374.095400000 309.148605508 14.691441358 21.188032560 0.034280277 -0.023544890 -0.002052106 0.999132769
374.199100000 310.349202174 14.725389401 21.275571566 0.031768477 -0.024402413 -0.001745449 0.999195796
374.302700000 311.554396416 14.738386901 21.333088580 0.031263241 -0.024560140 -0.001972553 0.999207445
374.406300000 312.822656515 14.742909991 21.398402747 0.033499418 -0.023520102 -0.001303995 0.999161095
374.510000000 314.177685766 14.713908205 21.443813985 0.035196388 -0.021448791 -0.001061400 0.999149657
374.613600000 315.514413285 14.738662546 21.495997416 0.033757996 -0.021042413 -0.001308893 0.999207637
374.717200000 316.730780713 14.722729377 21.582869159 0.032308073 -0.021921045 -0.000583168 0.999237367
374.820900000 318.017571849 14.731039057 21.633097934 0.030634718 -0.021269216 -0.000077207 0.999304322
374.924700000 319.278680648 14.716580082 21.653337533 0.030718748 -0.020309376 0.000520083 0.999321579
375.028500000 320.499703680 14.711552158 21.718498199 0.031335996 -0.020778284 0.000010133 0.999292909
375.131900000 321.740530172 14.726741986 21.811108897 0.030296957 -0.019193537 0.000616213 0.999356454
375.235600000 323.042482258 14.722501745 21.878357664 0.029105710 -0.021223326 0.000160787 0.999350991
375.339400000 324.373051291 14.760432093 21.969698142 0.027782135 -0.023399254 0.000550174 0.999339945
375.443000000 325.737524202 14.760984644 22.025890938 0.030791393 -0.023215854 0.000913051 0.999255763
375.546600000 326.944663868 14.744975329 22.074446107 0.032499510 -0.021184017 0.000400610 0.999247146
375.650300000 328.146338211 14.749441868 22.156570094 0.033918914 -0.019129897 0.000456631 0.999241385
375.754000000 329.395072275 14.773450043 22.223425065 0.034747911 -0.017879101 0.000037143 0.999236168
375.857700000 330.672751641 14.769360948 22.262941961 0.035986676 -0.017452765 -0.000201485 0.999199840
375.961300000 331.946078762 14.761223858 22.343848199 0.036473939 -0.018585399 -0.000663930 0.999161545
376.065000000 333.172168652 14.760344379 22.426517046 0.034883391 -0.019654829 -0.000168777 0.999198083
376.168600000 334.459824982 14.751366214 22.500174301 0.035383225 -0.020822752 -0.000590127 0.999156690
376.272200000 335.743300695 14.758196026 22.533293778 0.037730210 -0.020515476 -0.000066154 0.999077345
376.375800000 337.013667298 14.737677361 22.556123477 0.041472763 -0.018456657 -0.000518852 0.998969015
376.479400000 338.280870689 14.745059242 22.602737929 0.045915933 -0.017144857 0.000576114 0.998798002
376.583000000 339.489818007 14.768303400 22.700464026 0.047569969 -0.016723014 0.001981843 0.998725944
376.686800000 340.636017847 14.759897977 22.762126592 0.049220545 -0.018633311 0.002046839 0.998612011
376.790400000 341.884650487 14.769683508 22.796053232 0.049789764 -0.019515041 0.002065385 0.998566912
376.894000000 343.072628215 14.773885405 22.844756059 0.052050815 -0.019470446 0.002380183 0.998451776
376.997600000 344.311861804 14.754912197 22.885473064 0.053511932 -0.017945301 0.002769185 0.998402109
377.101200000 345.562621386 14.774157740 22.928527851 0.058075340 -0.015739472 0.003580082 0.998181700
377.204900000 346.721189509 14.781001177 23.012154258 0.060290883 -0.013509288 0.003238157 0.998084176
377.308600000 347.853038386 14.796661712 23.107251880 0.060588258 -0.014262780 0.003743815 0.998053916
377.412300000 348.991577755 14.791631480 23.115863356 0.066350973 -0.015311223 0.003706956 0.997671977
377.515900000 350.143074787 14.849127559 23.163113875 0.064456661 -0.016862040 0.004504666 0.997767868
377.619700000 351.342220826 14.863827690 23.210354725 0.062370538 -0.018496479 0.004933911 0.997869457
377.723300000 352.490896863 14.850892217 23.283554799 0.059812629 -0.017923169 0.003782124 0.998041535
377.827000000 353.515240536 14.846553443 23.371606658 0.061345766 -0.017642673 0.002878860 0.997956485
377.930600000 354.541297426 14.898728917 23.414616606 0.060317337 -0.017188088 0.002615158 0.998027830
378.034400000 355.556811565 14.832226695 23.515897011 0.058560640 -0.017828824 0.000560266 0.998124476
378.138000000 356.572597706 14.837896974 23.564923519 0.060983005 -0.017355227 -0.000053156 0.997987909
378.241600000 357.536541794 14.841458542 23.579698185 0.060907920 -0.018097977 -0.001613371 0.997977998
378.345300000 358.441356418 14.860018476 23.602000263 0.061470514 -0.017538935 -0.003338818 0.997949204
378.449000000 359.419704221 14.813656108 23.637096721 0.063602723 -0.016435358 -0.003883137 0.997832398
378.552600000 360.415347922 14.810224825 23.689015878 0.061664678 -0.016125938 -0.005407344 0.997951994
378.656200000 361.385015164 14.789810309 23.707593810 0.064307559 -0.015149405 -0.006319057 0.997795121
378.760000000 362.324905935 14.732278627 23.736157151 0.064081923 -0.014417761 -0.007304132 0.997813753
378.863500000 363.202176741 14.731909035 23.779308585 0.062548752 -0.013846451 -0.008769408 0.997907324
378.967300000 363.994081858 14.728116382 23.814120619 0.063610510 -0.014958805 -0.009836129 0.997814205
379.071100000 364.763090159 14.725475199 23.906317134 0.059699117 -0.016782012 -0.010545498 0.998019625
379.174700000 365.493659140 14.688293461 23.952504061 0.060327977 -0.018295293 -0.011991786 0.997938883
379.278200000 366.294561418 14.672498951 23.972819613 0.061179449 -0.017556177 -0.012286301 0.997896739
379.382000000 367.135453955 14.669266594 24.002617628 0.059963862 -0.016732413 -0.012728185 0.997979136
379.485700000 367.873220735 14.698038411 24.060534732 0.060789811 -0.015117219 -0.013396984 0.997946186
379.589200000 368.532644652 14.640604651 24.117414815 0.061701850 -0.015751710 -0.012935136 0.997886490
379.692700000 369.196308707 14.677029235 24.130837978 0.060654296 -0.017446831 -0.010026618 0.997955977
379.796500000 369.834503064 14.615721528 24.187039720 0.059734833 -0.018370594 -0.007939917 0.998013642
379.899800000 370.424089930 14.638848684 24.221366440 0.058407662 -0.018516628 -0.005357883 0.998106694
380.003300000 371.015444967 14.660228965 24.245695305 0.057909874 -0.018912946 -0.000673015 0.998142422
380.106900000 371.571154960 14.672367044 24.266063401 0.055121754 -0.018403571 0.005165527 0.998296658
380.210500000 372.107142393 14.673402358 24.283176097 0.055699132 -0.019005900 0.013335280 0.998177616
380.313900000 372.628264153 14.710963340 24.355356965 0.055590867 -0.018929901 0.023666769 0.997993586
380.417300000 373.171036732 14.784865306 24.382929587 0.056261718 -0.020269125 0.037101351 0.997520562
380.520500000 373.683890325 14.807819099 24.401080986 0.056437444 -0.021991187 0.054700454 0.996663967
380.623800000 374.107744357 14.891147518 24.408309851 0.055971031 -0.020809278 0.077733353 0.995184276
380.727000000 374.605802372 15.025158583 24.404655470 0.055292621 -0.020841508 0.103442138 0.992878684
380.830100000 375.051696354 15.185096927 24.485704963 0.054685976 -0.019967384 0.133218765 0.989375312
380.933200000 375.451850159 15.383337859 24.499147606 0.054299092 -0.019500044 0.165504346 0.984520019
381.036500000 375.880504140 15.572622074 24.544704304 0.051468110 -0.018044811 0.199167055 0.978446679
381.140000000 376.337053412 15.865669837 24.563511007 0.048476110 -0.018015773 0.233415791 0.971000807
381.243000000 376.736278291 16.106100979 24.560295214 0.045702444 -0.017333034 0.268112393 0.962146869
381.346400000 377.109777111 16.469224330 24.609453363 0.043136031 -0.017508905 0.302051701 0.952154132
381.449700000 377.434331467 16.773227108 24.647256746 0.042974511 -0.018085929 0.337219715 0.940270682
381.553200000 377.733918107 17.075151334 24.690575356 0.041785763 -0.019126056 0.373419581 0.926523589
381.656400000 378.036653852 17.484990399 24.749130500 0.039045463 -0.020825127 0.409490055 0.911240726
381.759900000 378.291914991 17.938366106 24.777368431 0.036110773 -0.021165414 0.445069536 0.894517269
381.863300000 378.491299383 18.338870890 24.742490792 0.035499351 -0.021249131 0.480825640 0.875839583
381.966800000 378.790569523 18.816103871 24.824588212 0.037738124 -0.021586380 0.516486667 0.855190847
382.070300000 378.957883958 19.275203117 24.895531369 0.039516219 -0.023405155 0.551337814 0.833016976
382.173900000 379.008933784 19.716496673 24.958720422 0.040607396 -0.026847138 0.584632409 0.809836538
382.277500000 379.143154408 20.224372193 25.010306770 0.040074819 -0.031437982 0.615982756 0.786111256
382.381200000 379.258427401 20.725475772 25.047434236 0.040287727 -0.034407848 0.644329951 0.762910161
382.485100000 379.337538243 21.343351492 25.119237018 0.037460996 -0.035675660 0.669454356 0.741049786
382.589100000 379.301679801 21.927553192 25.199308579 0.032145903 -0.035326830 0.690228781 0.722013079
382.693100000 379.253467105 22.420610605 25.232018445 0.026988734 -0.035015203 0.707274942 0.705554888
382.797300000 379.196856105 23.019557715 25.310349723 0.024081322 -0.035798513 0.720735779 0.691865951
382.901400000 379.146841485 23.597380274 25.378733902 0.022529491 -0.038582287 0.730990725 0.680923189
383.005600000 379.087608248 24.231610987 25.454230576 0.020817057 -0.040877109 0.738473684 0.672720098
383.109900000 379.018978438 24.823092178 25.491725352 0.018031162 -0.040103978 0.743117554 0.667714646
383.214100000 378.934108746 25.432848303 25.509982233 0.014693243 -0.039710368 0.746013230 0.664583671
383.318400000 378.855968750 26.124980249 25.561397120 0.013637114 -0.039632856 0.746959828 0.663546744
383.422600000 378.763302197 26.808133851 25.664604201 0.015663668 -0.040441726 0.746920309 0.663497678
383.526700000 378.642252722 27.415211185 25.727677182 0.019642128 -0.043413739 0.747041833 0.663067066
383.630800000 378.586442352 28.101649748 25.737868396 0.023258662 -0.046327747 0.746610236 0.663238969
383.734700000 378.515780570 28.830926135 25.745364673 0.023977064 -0.047208379 0.746353329 0.663440410
383.838800000 378.418519801 29.524732877 25.831247400 0.024471762 -0.043884490 0.745963410 0.664088756
383.942600000 378.348931179 30.279889494 25.902377075 0.024761925 -0.041791754 0.744793648 0.665524393
384.046600000 378.258968248 31.081178590 26.030262441 0.023575212 -0.041987513 0.743485821 0.667015811
384.150400000 378.142944223 31.774989891 26.101617646 0.022660776 -0.042683500 0.741649423 0.669044648
384.254400000 378.068359070 32.655378143 26.146456575 0.020890312 -0.045596261 0.738660457 0.672209271
384.358100000 377.986008025 33.555676167 26.200616849 0.018067105 -0.049361814 0.735345847 0.675650410
384.461900000 377.878296839 34.436216468 26.331170004 0.018753953 -0.047221443 0.731406695 0.680046080
384.565700000 377.829330772 35.251884545 26.379876862 0.015773907 -0.048145324 0.728093514 0.683602989
384.669400000 377.791906093 36.110025550 26.424170945 0.012885031 -0.049185623 0.724546558 0.687347827
384.773200000 377.735296825 36.948723318 26.545738175 0.012561858 -0.049107448 0.720759291 0.691329663
384.876900000 377.677243349 37.895407590 26.622931614 0.012390155 -0.051242937 0.717951286 0.694094084
384.980500000 377.651661461 38.856611587 26.676930761 0.011925737 -0.052118685 0.715315681 0.696753109
385.084100000 377.620037394 39.839747315 26.772137025 0.012164415 -0.049785757 0.713699887 0.698574174
385.187800000 377.567685611 40.852630930 26.849483421 0.011642781 -0.046558026 0.713324160 0.699189129
385.291500000 377.543292161 41.857588895 26.919393347 0.012792032 -0.043678860 0.712909690 0.699777319
385.395100000 377.565139512 42.797804889 26.980586958 0.011013255 -0.044953592 0.712024548 0.700627523
385.498700000 377.574448887 43.723628681 27.130493944 0.011471314 -0.045661673 0.711094988 0.701517882
385.602400000 377.534060205 44.835001457 27.220351603 0.010810129 -0.047842753 0.710667004 0.701816658
385.706000000 377.476371749 45.932298142 27.287393143 0.009980253 -0.050724922 0.709938785 0.702363366
385.809700000 377.418794413 46.929108481 27.386669880 0.011057789 -0.050782942 0.709809536 0.702473658
385.913400000 377.403761569 47.932354570 27.531334979 0.011158510 -0.050471115 0.708916840 0.703395386
386.017000000 377.404806835 49.024584445 27.610658162 0.009776531 -0.051198334 0.708960824 0.703319059
386.120700000 377.424302875 50.086067805 27.702613515 0.009316633 -0.051253940 0.707212109 0.705079617
386.224300000 377.396061379 51.105356549 27.792494952 0.007757953 -0.050897708 0.707021557 0.705315359
386.327900000 377.386355303 52.165463475 27.869227071 0.007733436 -0.050958447 0.706317101 0.706016702
386.431500000 377.400776341 53.257513383 27.952119311 0.006779630 -0.051284595 0.705509709 0.706809718
386.535100000 377.388837310 54.321931999 28.048684896 0.006503724 -0.052585998 0.706153480 0.706073422
386.638700000 377.345142772 55.409472838 28.176012229 0.005408065 -0.054015000 0.706121147 0.706007124
386.742300000 377.348800254 56.518132436 28.244544506 0.002589486 -0.055688039 0.706011955 0.706002306
386.845900000 377.382748402 57.633493465 28.335433964 0.000907592 -0.055012740 0.706328990 0.705742257
386.949600000 377.341478990 58.729676112 28.442336010 0.003211996 -0.052747453 0.706753201 0.705483736
387.053200000 377.292191894 59.735401657 28.557472311 0.004793114 -0.050443596 0.707665486 0.704728337
387.156900000 377.366437249 60.817931175 28.697396751 0.004281364 -0.053336211 0.708046811 0.704135379
387.260500000 377.359784108 61.829167567 28.806291870 0.001917179 -0.058061194 0.708072215 0.703746376
387.364100000 377.284069408 62.925741461 28.896091875 0.005616795 -0.052845273 0.708782241 0.703422749
387.467800000 377.373542869 64.120955058 29.044558961 0.010955656 -0.046036683 0.709358475 0.703257528
387.571400000 377.332281839 65.184971443 29.236012393 0.016017113 -0.040474326 0.710329720 0.702521864
387.675100000 377.226591743 66.341045983 29.277843541 0.014540595 -0.043026397 0.710452914 0.702277692
387.778700000 377.215397474 67.349550669 29.368733782 0.013563089 -0.043965632 0.710023661 0.702673087
387.882500000 377.144412912 68.381054336 29.497712511 0.017559026 -0.038413906 0.710534153 0.702393957
387.986100000 377.104643106 69.460088690 29.606232238 0.018324273 -0.036195645 0.709370366 0.703667379
388.089700000 377.090414835 70.546288683 29.700822300 0.018115447 -0.035367504 0.708188760 0.704904001
388.193400000 377.113596406 71.609028603 29.808724333 0.016774740 -0.036111581 0.707122048 0.705969525
388.297100000 377.092452893 72.699089098 29.977635452 0.016175910 -0.038626707 0.706000209 0.706972434
388.400800000 377.092976173 73.738710901 30.002387150 0.017479802 -0.039494008 0.704867719 0.708022724
388.504400000 377.106739600 74.775396226 30.082097440 0.017319409 -0.039726391 0.703045102 0.709823525
388.608000000 377.094690680 75.791906174 30.189194383 0.017489156 -0.038914911 0.702116694 0.710782602
388.711800000 377.124745837 76.802100740 30.277901159 0.015334152 -0.038143845 0.700281156 0.712682407
388.815400000 377.129177318 77.875046810 30.340082456 0.014768876 -0.036609014 0.699077661 0.713955239
388.919100000 377.085587984 78.903949339 30.430869818 0.014589837 -0.035341743 0.697505784 0.715558369
389.022700000 377.130881721 79.962194921 30.520590336 0.015058617 -0.035546224 0.695489696 0.717498284
389.126400000 377.114066822 80.942416914 30.638338721 0.016862192 -0.036164152 0.694821653 0.718074294
389.230100000 377.118169600 81.857760066 30.708328524 0.018673556 -0.036373426 0.694566849 0.718265386
389.333700000 377.244023465 82.830497117 30.809395395 0.018584050 -0.036337158 0.694267678 0.718558721
389.437300000 377.276714037 83.752200185 30.929422427 0.019395825 -0.036287155 0.693490762 0.719289655
389.541100000 377.298615816 84.668904724 31.016357042 0.019892224 -0.036695149 0.693465369 0.719279882
389.644700000 377.366118955 85.568736531 31.093803094 0.021358234 -0.036050954 0.693603755 0.719136972
389.748400000 377.441624463 86.471468117 31.122309844 0.021678584 -0.034980879 0.692876426 0.719880987
389.852000000 377.439827148 87.294346217 31.214385021 0.023837670 -0.034046862 0.693949304 0.718823303
389.955500000 377.449643635 88.153680508 31.307933957 0.025329034 -0.032963654 0.695548759 0.717275234
390.059100000 377.470791686 88.999744017 31.383807773 0.025008904 -0.033010226 0.697903729 0.714993193
390.162700000 377.512892985 89.861120279 31.445377469 0.025004061 -0.032278503 0.701800465 0.711202504
390.266100000 377.459195684 90.787267896 31.544304574 0.025358989 -0.031567151 0.706125714 0.706927799
390.369700000 377.490791850 91.627424212 31.601786019 0.023349772 -0.034034406 0.710024148 0.702966683
390.473200000 377.499333291 92.488655661 31.716791535 0.024942586 -0.036495360 0.713821764 0.698930930
390.576900000 377.439642132 93.398643214 31.816124929 0.026282316 -0.039029433 0.718698364 0.693728048
390.680500000 377.357496213 94.239327439 31.873038769 0.024721883 -0.042532336 0.722415661 0.689706780
390.784200000 377.360531372 95.150552455 31.949776313 0.024718982 -0.044630491 0.724633542 0.687243277
390.887900000 377.239939529 96.061694459 32.068845608 0.023358771 -0.045347026 0.727322129 0.684397936
390.991600000 377.122700630 96.914233721 32.165593838 0.023229942 -0.045351194 0.728507570 0.683140073
391.095500000 377.134155537 97.854471625 32.224294656 0.022218418 -0.047514551 0.728641955 0.682883306
391.199200000 376.985534666 98.747204109 32.235354215 0.022411742 -0.050057949 0.728461033 0.682888307
391.302700000 376.984457382 99.598819116 32.380455682 0.022594739 -0.049355694 0.727628956 0.683819857
391.406400000 376.915542713 100.460643615 32.489945959 0.020876830 -0.048664057 0.726776314 0.684830020
391.510100000 376.773251928 101.393465679 32.600439015 0.017114334 -0.046245618 0.726407931 0.685492494
391.614100000 376.776352984 102.371907442 32.579570882 0.013245577 -0.042289241 0.725531629 0.686760534
391.717500000 376.747527070 103.317714552 32.692682329 0.008353614 -0.040887830 0.724066058 0.688466953
391.821400000 376.628552190 104.314826123 32.780264535 0.008640209 -0.044622883 0.721460659 0.690962128
391.925000000 376.580030882 105.297179884 32.878507509 0.010628401 -0.048983342 0.718544589 0.693672360
392.028700000 376.557858233 106.331200417 32.951713119 0.011308184 -0.049240737 0.716688399 0.695561078
392.132500000 376.543479852 107.411851167 32.963667154 0.009841024 -0.046162306 0.714667314 0.697870208
392.236100000 376.493346857 108.461967696 33.094177908 0.009341178 -0.043244534 0.712872620 0.699896621
392.340100000 376.470002157 109.463761603 33.224103260 0.011513470 -0.045253076 0.711497220 0.701135725
392.443300000 376.399703547 110.503673027 33.361375278 0.014807435 -0.048778201 0.710269855 0.702081306
392.547100000 376.396238006 111.637549319 33.415041967 0.013582568 -0.050229781 0.708611952 0.703677188
392.650700000 376.398305378 112.721821016 33.436595357 0.010544728 -0.049054882 0.707249509 0.705181224
392.754400000 376.329687251 113.815279207 33.530379917 0.010171001 -0.051053098 0.705421435 0.706873915
392.858100000 376.366086197 114.909878407 33.734143797 0.015312267 -0.052855585 0.703623564 0.708438918
392.961900000 376.349102193 116.069899656 33.901260411 0.020233490 -0.055170414 0.701150039 0.710588104
393.065500000 376.360153998 117.225447327 34.002306425 0.020622892 -0.052428804 0.699114567 0.712786601
393.169300000 376.437117785 118.497359354 34.129834746 0.019730507 -0.044897852 0.697332924 0.715067607
393.272900000 376.391375749 119.643663519 34.112908097 0.015258475 -0.044113696 0.695302641 0.717199692
393.376500000 376.494401079 120.861800747 34.224761990 0.015900717 -0.043729723 0.692706158 0.719717345
393.480100000 376.558821182 122.170196377 34.381399049 0.014579080 -0.046136609 0.690173476 0.722024540
393.583600000 376.568412239 123.390159000 34.448156249 0.016296199 -0.045480523 0.690695267 0.721530321
393.687200000 376.631776330 124.374634163 34.604898795 0.017480927 -0.044775207 0.690118782 0.722098100
393.790800000 376.669953113 125.480878798 34.780694362 0.017175816 -0.043197295 0.689460134 0.722830346
393.894400000 376.690202850 126.705030033 34.876288536 0.016001332 -0.042397169 0.689235254 0.723119079
393.997900000 376.721756359 127.923177135 34.954739398 0.015987081 -0.043667855 0.690852577 0.721498613
394.101500000 376.828812957 129.133989600 35.092648476 0.021001894 -0.042783796 0.692234621 0.720097005
394.205000000 376.906784460 130.259306393 35.203341664 0.024144520 -0.043052530 0.693566392 0.718699647
394.308500000 377.026734007 131.472558736 35.353824713 0.027284740 -0.039642658 0.695460865 0.716950618
394.412100000 377.007282253 132.648370917 35.450176526 0.021581381 -0.041569349 0.698589572 0.713987985
394.515600000 377.031720407 133.938247561 35.611337030 0.020113979 -0.041494779 0.699919121 0.712731951
394.619200000 377.028300369 135.004068328 35.712747229 0.021506916 -0.040396563 0.702485559 0.710225042
394.722800000 376.955686283 136.134655023 35.846012987 0.021638843 -0.042661342 0.703468854 0.709114477
394.826500000 376.962537045 137.333307744 35.948764549 0.020796097 -0.045546067 0.703763725 0.708667550
394.930200000 376.916102070 138.457492199 36.061344316 0.020075573 -0.045751410 0.704871681 0.707573101
395.033900000 377.005755905 139.664198646 36.145679111 0.016628009 -0.044018455 0.706301808 0.706345270
395.137500000 376.982266475 140.756237083 36.259454289 0.012527869 -0.043660798 0.706953390 0.705800037
395.241100000 377.007595427 141.860894858 36.418395092 0.014519523 -0.039949938 0.707887490 0.705045025
395.344800000 376.993970018 142.919195172 36.528361034 0.015662074 -0.040417682 0.707541428 0.705341221
395.448400000 376.957222576 144.011278834 36.679129366 0.017522995 -0.043644460 0.708100489 0.704543685
395.552000000 376.939966103 145.184113098 36.774387889 0.016451796 -0.045782192 0.707087047 0.705451088
395.655800000 376.927335905 146.348010491 36.851190859 0.017512597 -0.042370626 0.707589663 0.705134674
395.760100000 376.918289226 147.544788650 36.900026234 0.016338806 -0.040931021 0.708579855 0.704252997
395.863100000 376.898201494 148.695530085 37.018956027 0.015362944 -0.039148962 0.709557568 0.703391354
395.966800000 376.902476262 149.788810350 37.161910877 0.013221842 -0.040557792 0.710404814 0.702499288
396.070400000 376.899241819 150.909062258 37.240007663 0.011408981 -0.042327615 0.711403469 0.701415221
396.174100000 376.884670036 151.942646498 37.310594142 0.009813824 -0.044796725 0.711447757 0.701241065
396.277700000 376.777722190 153.088536846 37.467964875 0.009896414 -0.046719183 0.712209013 0.700341131
396.381200000 376.741445050 154.165228974 37.557959150 0.010987044 -0.048098621 0.713426716 0.698990793
396.484900000 376.798818546 155.298500075 37.676405911 0.013283019 -0.046410406 0.713992142 0.698487549
396.588600000 376.728159529 156.327356273 37.720039139 0.012877665 -0.044054951 0.714485062 0.698143555
396.692200000 376.671953104 157.539164032 37.803371088 0.008071960 -0.045642344 0.715312646 0.697265687
396.795900000 376.637452912 158.721255676 37.932572614 0.004474407 -0.047040117 0.715631482 0.696877887
396.899500000 376.605460317 159.767468456 38.058013787 0.004694133 -0.047034513 0.715167032 0.697353452
397.003300000 376.482699527 160.858262009 38.134278772 0.007726068 -0.046190370 0.715564297 0.696975247
397.107000000 376.438900797 161.973161888 38.225166580 0.006389240 -0.047911002 0.715714435 0.696718423
397.210500000 376.420468948 163.074443270 38.324026566 0.005653600 -0.047827040 0.715393577 0.697059998
397.314300000 376.390197222 164.112480936 38.446727629 0.006726376 -0.047913284 0.715743709 0.696685020
397.417900000 376.339845017 165.213587887 38.502866030 0.008733492 -0.050655042 0.715992651 0.696212839
397.521500000 376.316671131 166.216005897 38.616129021 0.011418357 -0.049897412 0.716100394 0.696117874
397.625200000 376.276780398 167.342292554 38.683335457 0.011570140 -0.047813204 0.716444305 0.695907743
397.728800000 376.304848899 168.408636669 38.777911440 0.009677538 -0.046723387 0.716295308 0.696163990
397.832500000 376.244995967 169.483818261 38.896139532 0.010873666 -0.047927638 0.715078055 0.697314907
397.936100000 376.217167943 170.453301487 38.986950355 0.013740662 -0.048358275 0.714125349 0.698210324
398.039800000 376.196643691 171.572066874 39.118350810 0.014189410 -0.049967013 0.712426741 0.699821475
398.143400000 376.131362186 172.627294769 39.270611782 0.013644931 -0.050449112 0.711240219 0.701003605
398.247200000 376.081408713 173.673890011 39.356566810 0.011140647 -0.049404707 0.710196196 0.702179766
398.350800000 376.060198420 174.764704407 39.468941704 0.012911799 -0.048561643 0.708387242 0.704033073
398.454400000 376.136463458 175.919648211 39.575614956 0.014329305 -0.048239466 0.706632437 0.705789079
398.558100000 376.143042912 177.005222456 39.665313896 0.015968279 -0.047745733 0.706068949 0.706351186
398.661600000 376.102259490 178.136071725 39.815801860 0.017896297 -0.048306582 0.703813745 0.708514226
398.765200000 376.104307880 179.126747058 39.882527381 0.020250700 -0.047158645 0.702082227 0.710243985
398.868900000 376.061575653 180.181438813 40.002736598 0.020283737 -0.044526642 0.701394520 0.711091890
398.972600000 376.054192205 181.218822849 40.073536949 0.020774359 -0.040069401 0.700417455 0.712304891
399.076100000 376.121866144 182.280968762 40.118842934 0.020426449 -0.038983239 0.699309792 0.713462600
399.179800000 376.133459645 183.416681739 40.196705831 0.021991576 -0.037854687 0.698667851 0.714105473
399.283400000 376.158176807 184.530810237 40.321346465 0.021259870 -0.038856019 0.698486329 0.714251409
399.387100000 376.245480313 185.615096145 40.450939484 0.020027497 -0.040600408 0.697594815 0.715060822
399.490700000 376.249544644 186.734320123 40.518201377 0.017051901 -0.041715010 0.696143797 0.716486500
399.594400000 376.195155232 187.801507663 40.569012084 0.016407716 -0.043825941 0.694759750 0.717717886
399.698000000 376.254318944 188.901933559 40.690423583 0.014742805 -0.045513806 0.693114777 0.719237825
399.801600000 376.220620876 190.163298852 40.802393361 0.013550210 -0.046177951 0.692715561 0.719603460
399.905400000 376.305583998 191.384580449 40.883865231 0.014728118 -0.046485274 0.691980913 0.720267046
400.009000000 376.365113366 192.494993376 40.954200122 0.014886331 -0.046019439 0.690500552 0.721712960
400.112600000 376.423627288 193.584559374 41.032307502 0.015373478 -0.044262570 0.689259529 0.722997775
400.216200000 376.434400128 194.713981422 41.149126102 0.013563475 -0.044988107 0.688396362 0.723811129
400.319800000 376.475017637 195.852234464 41.227316853 0.014214564 -0.044192780 0.687257477 0.724929034
400.423500000 376.541719336 196.967874053 41.351614973 0.014891387 -0.044005519 0.686758599 0.725399468
400.527200000 376.579878374 198.114729901 41.495566283 0.015515017 -0.042905963 0.686252655 0.725930890
400.630800000 376.661916398 199.194469547 41.587215383 0.014903223 -0.042509515 0.685382926 0.726788195
400.734400000 376.738273605 200.357349921 41.669959360 0.015623860 -0.041299458 0.684760209 0.727429519
400.838000000 376.770500198 201.523398342 41.797088901 0.017181531 -0.040322104 0.684337425 0.727846970
400.941700000 376.853069233 202.614273461 41.891704477 0.016936639 -0.040299383 0.684345722 0.727846167
401.045300000 376.919237518 203.736124494 42.025226366 0.017375687 -0.039966773 0.684172014 0.728017443
401.149000000 376.953852136 204.828453780 42.107367683 0.017346287 -0.040989716 0.683289610 0.728789584
401.252700000 377.040580144 205.924127963 42.213938068 0.017580746 -0.042399040 0.682195366 0.729727840
401.356400000 377.037146859 207.119622280 42.322224010 0.016205885 -0.043150053 0.680895192 0.730928984
401.460100000 377.070697859 208.262416004 42.367163363 0.014765919 -0.044031183 0.679389616 0.732306611
401.563700000 377.225349800 209.451802206 42.527703523 0.014720385 -0.042136704 0.678070077 0.733640770
401.667400000 377.340517330 210.512753694 42.605685714 0.013625475 -0.042241213 0.676568430 0.735040942
401.771100000 377.387437751 211.475710106 42.752272864 0.012226422 -0.041528094 0.673768486 0.737673342
401.874700000 377.495887521 212.534111071 42.850971229 0.012705027 -0.041175932 0.671619666 0.739641906
401.978400000 377.649050928 213.655471594 42.985561067 0.013479007 -0.042199291 0.668198942 0.742662582
402.082100000 377.720114823 214.678343342 43.054525906 0.013078908 -0.042924903 0.665393776 0.745142615
402.185800000 377.804829680 215.628284839 43.156250145 0.012563122 -0.043169395 0.663801730 0.746555982
402.289400000 377.953151309 216.665759048 43.276070444 0.012822968 -0.043008205 0.662147106 0.748028793
402.393000000 378.072280005 217.606613061 43.391639754 0.014177471 -0.041794621 0.661746488 0.748427548
402.496600000 378.167746423 218.687527912 43.479384495 0.015121466 -0.040838217 0.660663905 0.749417631
402.600300000 378.289890177 219.650797339 43.553018123 0.015554875 -0.038435654 0.660583374 0.749606798
402.703900000 378.419351213 220.553280645 43.615172245 0.015711595 -0.036890838 0.659220809 0.750879576
402.807500000 378.523910630 221.426626800 43.739806505 0.016335232 -0.039292484 0.658677975 0.751220731
402.911100000 378.638841060 222.290596139 43.810087589 0.017319860 -0.043452874 0.657580724 0.751930490
403.014800000 378.765260186 223.207964160 43.933169802 0.017675187 -0.043173876 0.656462245 0.752914952
403.118400000 378.863031818 224.084039081 43.990850311 0.017717063 -0.040188579 0.655116085 0.754250554
403.222200000 379.038122716 224.936902698 44.054162785 0.016616178 -0.036586928 0.652629948 0.756610501
403.325900000 379.135761489 225.779067524 44.163788428 0.011972767 -0.038545683 0.648753352 0.759927610
403.429500000 379.226502822 226.569243107 44.243156924 0.011398350 -0.038475460 0.645376827 0.762809588
403.533300000 379.397089075 227.307242477 44.345107889 0.009638152 -0.041287762 0.641474513 0.765971850
403.637000000 379.501802988 227.991228827 44.383940909 0.010243242 -0.041942081 0.636733477 0.769874287
403.740900000 379.694045509 228.706567000 44.418924108 0.011412410 -0.044827845 0.630505916 0.774804822
403.844600000 379.859275146 229.488828711 44.495107170 0.016453772 -0.046266648 0.623751141 0.780078961
403.948200000 379.985323578 230.102068061 44.605604366 0.021491820 -0.045340527 0.617850282 0.784693168
404.052000000 380.173395212 230.728969702 44.671412041 0.021534329 -0.043113056 0.611786382 0.789553646
404.155700000 380.382878348 231.346595354 44.720044500 0.021196766 -0.039137682 0.605925883 0.794274992
404.259400000 380.531418814 231.936469355 44.780201847 0.021837683 -0.036360188 0.601733023 0.797570324
404.363000000 380.691876892 232.520556488 44.825627295 0.023823704 -0.033008062 0.598081430 0.800400839
404.466600000 380.863592360 233.081910683 44.914733768 0.027956295 -0.031310122 0.594388928 0.803081518
404.570200000 381.074124220 233.618943400 44.986666849 0.030490639 -0.030855232 0.591944789 0.804810315
404.673700000 381.249059437 234.111440719 45.043241498 0.030025039 -0.033250080 0.591521945 0.805043302
404.777300000 381.473333611 234.608478261 45.090418653 0.029073535 -0.034787398 0.591470452 0.805051098
404.880800000 381.602090557 235.113415111 45.165900953 0.028731007 -0.034045242 0.592801798 0.804115339
404.984400000 381.757921773 235.627303460 45.206937815 0.029286851 -0.032227563 0.595198124 0.802398191
405.088000000 381.898396550 236.072291409 45.255804755 0.028577913 -0.031790686 0.597772863 0.800524990
405.191500000 382.011492011 236.502229768 45.303843306 0.025454020 -0.035370882 0.601152084 0.797945590
405.295100000 382.119175815 236.960609274 45.396203696 0.025020367 -0.034496674 0.605687137 0.794560918
405.398800000 382.193061565 237.380922611 45.427007960 0.026258220 -0.034283173 0.610354068 0.790950746
405.502200000 382.236570170 237.814741078 45.478878346 0.028536803 -0.034054371 0.615669320 0.786751066
405.605800000 382.314065700 238.245897108 45.540836836 0.030455415 -0.033991672 0.622982300 0.780903379
405.709300000 382.341580652 238.612258479 45.564813784 0.029308926 -0.035870339 0.630913477 0.774469167
405.812800000 382.381568144 238.968973685 45.583813209 0.028567611 -0.035803856 0.640617593 0.766492710
405.916400000 382.484588048 239.358237943 45.639432005 0.024984154 -0.037409332 0.649398872 0.759116223
406.020100000 382.439018976 239.790017554 45.706727723 0.023767931 -0.037184319 0.658034584 0.751693354
406.123700000 382.453501717 240.262299171 45.749039635 0.022400355 -0.037564849 0.665142794 0.745434215
406.227400000 382.569111185 240.678586249 45.770084846 0.020404997 -0.038817936 0.671824183 0.739411300
406.331000000 382.566019082 241.023409053 45.814448288 0.022203623 -0.038862556 0.678416663 0.733312711
406.434800000 382.588592184 241.352814230 45.861206438 0.020366336 -0.038865705 0.683940440 0.728217099
406.538400000 382.608472015 241.751267075 45.928507723 0.018293552 -0.040539772 0.689217016 0.723188619
406.642200000 382.627462502 242.129075608 45.927882718 0.016608126 -0.043079366 0.693346124 0.719124114
406.746000000 382.519758058 242.503724366 45.980587014 0.015835893 -0.046227587 0.695511715 0.716851232
406.849700000 382.548938765 242.985474259 46.005010798 0.014581764 -0.046753236 0.695206183 0.717140063
406.953500000 382.562064777 243.458142073 46.092371824 0.016075249 -0.046266447 0.693430593 0.718856741
407.057300000 382.566988891 243.867275100 46.190809073 0.016792658 -0.044924277 0.692360436 0.719956140
407.161100000 382.596755160 244.226372701 46.219456526 0.016510387 -0.044224129 0.691568081 0.720767107
407.264700000 382.609549550 244.641008722 46.208909460 0.015680206 -0.045864497 0.690434748 0.721768965
407.368500000 382.587039774 245.051879692 46.269442447 0.013810343 -0.048451627 0.688215374 0.723755009
407.472200000 382.614420733 245.480219880 46.309861590 0.013100473 -0.049696789 0.685392556 0.726357798
407.575800000 382.668202216 245.934373954 46.397141924 0.014901742 -0.049249516 0.682322590 0.729238168
407.679500000 382.692785380 246.370670238 46.441572754 0.014853361 -0.048369757 0.678092073 0.733233172
407.783200000 382.725548639 246.848195140 46.496422073 0.014331786 -0.048490030 0.672948833 0.737958797
407.887000000 382.772961389 247.271986111 46.553622878 0.013355997 -0.047738230 0.667558262 0.742905542
407.990500000 382.860437426 247.639327259 46.544957841 0.010992229 -0.046804454 0.662554769 0.747468857
408.094200000 382.940852905 248.061289574 46.607368742 0.010761312 -0.046387028 0.657964036 0.751542258
408.197900000 383.030262786 248.484326948 46.702360734 0.012154465 -0.046379877 0.653169991 0.755691828
408.301500000 383.131501720 248.905636794 46.721344013 0.013569957 -0.047019235 0.649429790 0.758845173
408.405200000 383.172507453 249.285903894 46.759543914 0.013649602 -0.047825034 0.646293229 0.761466688
408.508800000 383.219221973 249.633487279 46.794395885 0.014191161 -0.047714334 0.642874029 0.764352626
408.612300000 383.238312131 249.983752428 46.799319007 0.014506876 -0.048936616 0.639452784 0.767134210
408.716000000 383.323789730 250.342433833 46.796490621 0.014413899 -0.050270537 0.636724562 0.769315894
408.819500000 383.388982467 250.694664774 46.847108166 0.017163102 -0.049959456 0.634545566 0.771078080
408.923000000 383.396759591 251.014376761 46.911909249 0.019005174 -0.049253851 0.634544269 0.771081339
409.026700000 383.473392300 251.313295386 46.909537234 0.018962814 -0.048221684 0.635101389 0.770688852
409.130100000 383.561963706 251.639846654 46.909478062 0.018056196 -0.048133810 0.636397572 0.769646179
409.233500000 383.636483194 251.967395802 46.963159280 0.018169625 -0.049050945 0.639355405 0.767130064
409.337000000 383.690007319 252.295272455 47.042057621 0.017762539 -0.049291331 0.643940536 0.763279400
409.440400000 383.748236669 252.596665784 47.112525832 0.018445670 -0.049423791 0.650962778 0.757274394
409.543700000 383.797350601 252.924338541 47.153808125 0.018239651 -0.048783642 0.659279399 0.750092092
409.647200000 383.879859278 253.223655078 47.099656859 0.016983881 -0.048778374 0.668100066 0.742276579
409.750600000 383.798062752 253.508902162 47.091788127 0.017305943 -0.049550558 0.678749389 0.732491989
409.854100000 383.768267746 253.875516995 47.095814320 0.016919357 -0.051530653 0.690764791 0.721042530
409.957300000 383.777106029 254.297516395 47.126838409 0.015644687 -0.052871633 0.702608798 0.709436897
410.060800000 383.758812939 254.647394590 47.205125326 0.013997773 -0.054488930 0.716217988 0.695605357
410.164100000 383.751240629 254.983606653 47.250825645 0.012030749 -0.053733145 0.730820867 0.680344671
410.267500000 383.763013307 255.352924062 47.333468300 0.011590465 -0.053414880 0.745157253 0.664645154
410.370900000 383.708074927 255.663504834 47.308880280 0.010089257 -0.052965037 0.760902103 0.646622689
410.474300000 383.637047369 256.055559520 47.333782169 0.008314206 -0.053807145 0.777011449 0.627127477
410.577600000 383.486856272 256.401991287 47.346584094 0.006339973 -0.054423773 0.792210502 0.607783167
410.681100000 383.344866588 256.843075618 47.323840255 0.004988473 -0.053181133 0.808097034 0.586622592
410.784500000 383.129605033 257.360981634 47.397728540 0.005794371 -0.054854732 0.823520176 0.564598888
410.888000000 382.905282007 257.728625626 47.465367329 0.007131282 -0.056582873 0.838639995 0.541692240
410.991500000 382.688794072 258.128181072 47.465667128 0.006906023 -0.054786047 0.854228946 0.516956191
411.095000000 382.450517095 258.581058998 47.486740507 0.005893044 -0.051740902 0.870104297 0.490108828
411.198500000 382.125265114 258.929188692 47.525516764 0.003815581 -0.049805764 0.884897265 0.463100052
411.301900000 381.798719626 259.365612092 47.525221307 0.001785955 -0.050368613 0.898626776 0.435809282
411.405600000 381.405677256 259.775601079 47.598106360 -0.000000050 -0.050877708 0.911755584 0.407569889
411.509100000 381.040728303 260.077953464 47.612759114 -0.001836971 -0.049532502 0.924453109 0.378060320
411.612700000 380.632468730 260.444535217 47.634921286 -0.003395197 -0.047341311 0.935832067 0.349235759
411.716400000 380.116142941 260.804155107 47.628102336 -0.005618782 -0.047597839 0.945950134 0.320751024
411.820000000 379.606168031 261.094896193 47.631401435 -0.007348516 -0.046126921 0.954703050 0.293871389
411.923800000 379.046830408 261.495068317 47.643575241 -0.010235645 -0.045596169 0.961870410 0.269483832
412.027600000 378.404424712 261.847596354 47.638548285 -0.012527039 -0.047908902 0.967872696 0.246516235
412.131500000 377.708826206 262.156987623 47.697276009 -0.014302049 -0.048945546 0.973074737 0.224778428
412.235200000 377.014794346 262.434075249 47.687174379 -0.016776849 -0.049032788 0.977236498 0.205725908
412.339100000 376.329426479 262.687616024 47.644931821 -0.018115217 -0.047345672 0.980950187 0.187528552
412.442800000 375.728931061 262.894238436 47.663149469 -0.018288487 -0.047719243 0.983717301 0.172304022
412.546700000 375.086335664 263.137458197 47.620635361 -0.016821996 -0.045862821 0.986215431 0.158090942
412.650400000 374.385951154 263.326414882 47.679744044 -0.014414279 -0.044699294 0.988379033 0.144572092
412.754200000 373.575479867 263.575277517 47.697455263 -0.013625044 -0.045524491 0.990128977 0.131857829
412.858000000 372.749553138 263.827524315 47.599222863 -0.013971178 -0.040588385 0.992032728 0.118441783
412.961800000 371.905652949 264.029612123 47.608444811 -0.016674969 -0.037816617 0.993451858 0.106514103
413.065500000 370.936834180 264.189432208 47.614724699 -0.020089354 -0.039757470 0.994514745 0.094637120
413.169300000 369.966434676 264.363791620 47.567825330 -0.020888837 -0.040884964 0.995308472 0.085165266
413.273100000 369.030988972 264.406823447 47.519805487 -0.020242856 -0.042920635 0.995912081 0.076858139
413.377000000 368.176330923 264.541194385 47.420032419 -0.017165512 -0.038365924 0.996357248 0.074199972
413.480900000 367.264009906 264.629846641 47.388290033 -0.016187020 -0.038406355 0.996456634 0.073055518
413.584700000 366.331621709 264.762870986 47.411391683 -0.016551671 -0.037821689 0.996439739 0.073507876
413.688600000 365.351799368 264.951269688 47.379964698 -0.017982146 -0.036225256 0.996461960 0.073674523
413.792400000 364.258754806 265.151066311 47.339971418 -0.017972487 -0.036625637 0.996506672 0.072869780
413.896100000 363.293298171 265.324872554 47.301328495 -0.018215491 -0.035460641 0.996616563 0.071876039
413.999700000 362.283086890 265.463774029 47.264711363 -0.018454629 -0.034782195 0.996687547 0.071158693
414.103400000 361.250903866 265.576763197 47.237232786 -0.019169087 -0.035192312 0.996705922 0.070507817
414.207100000 360.120466170 265.762962667 47.148587588 -0.020236542 -0.036236160 0.996668431 0.070210127
414.310700000 358.953671253 265.932945373 47.103368430 -0.021601384 -0.038356019 0.996547289 0.070396704
414.414300000 357.852002531 266.049240234 47.096308371 -0.022449660 -0.041793248 0.996427823 0.069863656
414.517800000 356.743354592 266.179746612 47.100258235 -0.022322338 -0.044875283 0.996377315 0.068703488
414.621400000 355.629066491 266.354597592 47.013296909 -0.020864692 -0.040767704 0.996692580 0.067130918
414.725000000 354.470407666 266.481730712 47.011628359 -0.020674296 -0.043476497 0.996705407 0.065274035
414.828600000 353.390376215 266.621053682 47.024978422 -0.021048828 -0.047082491 0.996618554 0.063965960
414.932100000 352.224364201 266.811160685 46.933618180 -0.022197368 -0.033936262 0.997249600 0.062039045
415.035700000 351.034723124 266.964426627 46.829176508 -0.024229656 -0.034039637 0.997235958 0.061438344
415.139400000 349.849074688 267.052291164 46.782661764 -0.027907630 -0.035731875 0.997148978 0.060318431
415.243000000 348.759419298 267.181231772 46.784158610 -0.030778804 -0.038690646 0.997041363 0.058857616
415.346600000 347.592068544 267.361224673 46.765980187 -0.029061423 -0.037254327 0.997277440 0.056614991
415.450200000 346.351992153 267.456054883 46.712885686 -0.022261767 -0.036306652 0.997646025 0.053746167
415.553800000 345.201392588 267.587673198 46.656302551 -0.016219501 -0.036037676 0.997858221 0.052126612
415.657400000 344.116571859 267.639029120 46.621072761 -0.015112046 -0.037545396 0.997824133 0.052047762
415.761200000 342.885547826 267.786310789 46.585979770 -0.020965503 -0.037518201 0.997753828 0.051382204
415.864800000 341.621793099 267.937766912 46.598707310 -0.027365290 -0.042969271 0.997462282 0.049737095
415.968400000 340.361210883 268.026531568 46.482131996 -0.028887654 -0.045387574 0.997456999 0.046744065
416.072000000 339.190254132 268.122751944 46.447048808 -0.028043865 -0.048254045 0.997440317 0.044697909
416.175600000 338.085634242 268.187755968 46.428451934 -0.027127750 -0.049046284 0.997532677 0.042274161
416.279200000 336.961353739 268.296665878 46.280799106 -0.027332282 -0.040959803 0.998015890 0.039236764
416.382900000 335.785194193 268.389358007 46.207033550 -0.028199795 -0.036951195 0.998248905 0.036585590
416.486500000 334.579689412 268.462576746 46.177086437 -0.028535031 -0.038355468 0.998284106 0.033814988
416.590000000 333.345761238 268.550420693 46.130332899 -0.029424080 -0.037718966 0.998394827 0.030319492
416.693600000 332.163439341 268.604042780 46.044685525 -0.029995992 -0.032372331 0.998630340 0.028101883
416.797200000 330.985160675 268.689615627 46.016648492 -0.029922558 -0.033052926 0.998675848 0.025665049
416.900800000 329.849595752 268.786762856 45.963888696 -0.029896431 -0.031239860 0.998783713 0.023693252
417.004500000 328.666488639 268.777268023 45.936255309 -0.030019522 -0.030244835 0.998881848 0.020472699
417.108100000 327.563302864 268.785949628 45.855724834 -0.031242207 -0.030812867 0.998877681 0.017828914
417.211700000 326.431643439 268.916758720 45.764456049 -0.030641804 -0.029400762 0.998963213 0.016406553
417.315300000 325.368825327 268.989663527 45.779500766 -0.028788778 -0.028029088 0.999095242 0.013938205
417.418900000 324.287132199 269.016151913 45.698949094 -0.029031753 -0.027619222 0.999124519 0.012022102
417.522500000 323.110157720 268.999624898 45.630088826 -0.029904071 -0.024905819 0.999203456 0.008826104
417.626100000 321.942600111 269.020458730 45.544329186 -0.029424311 -0.021951174 0.999307695 0.006040379
417.729800000 320.794449969 269.033178085 45.515363426 -0.028719114 -0.023461607 0.999301914 0.004522222
417.833300000 319.663293071 269.043297098 45.389859430 -0.030018487 -0.018823192 0.999369858 0.002113074
417.937100000 318.457619871 268.967610791 45.303207549 -0.031177552 -0.015446711 0.999394429 0.000366684
418.040700000 317.265709756 268.952202421 45.250060407 -0.030958662 -0.014819812 0.999409234 -0.001765361
418.144300000 316.156955158 268.959159663 45.232316862 -0.030331233 -0.017626694 0.999377368 -0.003767260
418.247900000 315.011299579 268.961950813 45.257637634 -0.029671679 -0.020630356 0.999332352 -0.005369360
418.351500000 313.860399588 268.971750351 45.188386625 -0.029037847 -0.021142180 0.999333823 -0.006459299
418.455200000 312.772964865 268.899469004 45.100321026 -0.029223804 -0.020488720 0.999330884 -0.007997931
418.558800000 311.591801798 268.896815457 45.032138801 -0.028531545 -0.017428895 0.999399225 -0.009130934
418.662400000 310.420718200 268.845836780 45.022815651 -0.028433681 -0.018787993 0.999367375 -0.010167905
418.766000000 309.283928173 268.815692825 44.990951345 -0.028376671 -0.020694948 0.999296164 -0.013178058
418.869600000 308.120342938 268.779653585 44.893597452 -0.029008149 -0.021784202 0.999233192 -0.014731075
418.973200000 306.999514353 268.769247261 44.817433420 -0.029436630 -0.023923003 0.999135236 -0.017028090
419.076900000 305.846189819 268.694508909 44.724140554 -0.029835210 -0.022991539 0.999119597 -0.018473776
419.180500000 304.673591299 268.632673201 44.649668585 -0.029362108 -0.022541764 0.999103387 -0.020546462
419.284100000 303.510356317 268.602097478 44.583388940 -0.028755184 -0.022142955 0.999110194 -0.021486026
419.387700000 302.279233313 268.521942368 44.470450804 -0.028890512 -0.021028524 0.999097708 -0.022954501
419.491300000 301.136856009 268.507632263 44.478850252 -0.029327397 -0.022402521 0.998999248 -0.025269216
419.594900000 299.994111285 268.452641623 44.396699536 -0.030492123 -0.020307064 0.998971875 -0.026702943
419.698600000 298.899683582 268.379380207 44.365209283 -0.030925460 -0.019634547 0.998927438 -0.028320901
419.802000000 297.835329185 268.302882127 44.332525044 -0.031249391 -0.019011931 0.998906954 -0.029101872
419.905700000 296.578057353 268.170499162 44.261896131 -0.031097818 -0.018708063 0.998838109 -0.031707493
420.009300000 295.460723642 268.151946299 44.175711941 -0.030409263 -0.016411429 0.998855451 -0.033071600
420.112900000 294.265603335 268.072096748 44.056902642 -0.030574223 -0.010403557 0.998905525 -0.033833929
420.216500000 292.984600202 268.001949973 43.949824183 -0.030562777 -0.009600058 0.998849314 -0.035690372
420.320100000 291.821063974 267.870351862 43.864740375 -0.030184159 -0.009990209 0.998787910 -0.037574247
420.423700000 290.694651306 267.762335844 43.810059641 -0.031212125 -0.012284838 0.998628138 -0.040208551
420.527400000 289.555075331 267.685156802 43.768044491 -0.031931851 -0.012661906 0.998554578 -0.041337497
420.631000000 288.308208687 267.582627410 43.696976230 -0.031069726 -0.015067278 0.998470399 -0.043179986
420.734500000 287.058770451 267.455006236 43.646390017 -0.030550474 -0.013128764 0.998398856 -0.045760564
420.838100000 285.923451419 267.312396477 43.587533999 -0.031098947 -0.008913891 0.998274021 -0.049014046
420.941700000 284.696498244 267.229921529 43.519321373 -0.033218811 -0.014728500 0.998067249 -0.050411783
421.045200000 283.473346375 267.104467540 43.449593711 -0.033587195 -0.011413320 0.997934118 -0.053564280
421.148800000 282.221249596 266.965632079 43.347487670 -0.034533594 -0.011365341 0.997758984 -0.056171790
421.252400000 281.075271449 266.833236916 43.297802862 -0.034517936 -0.013147302 0.997613884 -0.058328367
421.356000000 279.876436261 266.711054900 43.264329988 -0.033507591 -0.015687412 0.997420400 -0.061511722
421.459700000 278.626467681 266.478690454 43.139648533 -0.033236230 -0.014674639 0.997275847 -0.064194178
421.563200000 277.374985181 266.352035768 43.122617826 -0.032533051 -0.014935910 0.997114950 -0.066935011
421.666700000 276.139573942 266.190915869 42.965320337 -0.033560806 -0.010262951 0.996940123 -0.069847948
421.770400000 274.809047502 265.983689166 42.907683387 -0.034709733 -0.010090067 0.996751016 -0.071978027
421.874100000 273.486213729 265.822703665 42.787942566 -0.035967848 -0.009959381 0.996504237 -0.074742421
421.977700000 272.251802303 265.631508500 42.683116803 -0.036775442 -0.010498036 0.996342080 -0.076418704
422.081400000 271.044242497 265.423828532 42.628071123 -0.037124872 -0.011671962 0.996115701 -0.078987458
422.184900000 269.904671396 265.136553071 42.585027279 -0.036823022 -0.011331256 0.995888217 -0.081989794
422.288600000 268.686836375 264.914301294 42.533397295 -0.036024106 -0.011963376 0.995763407 -0.083751883
422.392200000 267.544263195 264.766626835 42.423066035 -0.036332628 -0.009985249 0.995560187 -0.086256300
422.495800000 266.320027706 264.534562895 42.333514819 -0.036213467 -0.005045318 0.995292512 -0.089754912
422.600100000 265.019853703 264.273789484 42.277124364 -0.036667287 -0.009138963 0.995023365 -0.092198111
422.703100000 263.769072881 264.047397870 42.207187981 -0.037846407 -0.007585602 0.994712029 -0.095173987
422.806600000 262.590603123 263.754879888 42.103004979 -0.039672174 -0.003862933 0.994435427 -0.097516034
422.910300000 261.426433965 263.529268031 42.012385145 -0.039226724 -0.001621748 0.994269737 -0.099430001
423.013900000 260.250153967 263.332661267 41.971129754 -0.036496593 -0.004757323 0.994214118 -0.100914095
423.117500000 258.993554878 263.089734277 41.921802792 -0.034673678 -0.004447856 0.994118480 -0.102500733
423.221100000 257.756130523 262.843210884 41.785352037 -0.034089567 -0.002154757 0.993958208 -0.104308863
423.324700000 256.546822813 262.488603873 41.693104149 -0.035895429 0.000071214 0.993865027 -0.104612724
423.428300000 255.334577755 262.227136120 41.750476236 -0.037368922 -0.012283442 0.993540489 -0.106442366
423.532100000 254.141583498 261.906906396 41.645836505 -0.037990568 -0.011211762 0.993325152 -0.108333540
423.635700000 252.951696128 261.642694722 41.547694300 -0.037681104 -0.009124179 0.993157178 -0.110162171
423.739300000 251.799159165 261.435064696 41.443224395 -0.037369568 -0.007760086 0.993082189 -0.111045316
423.842900000 250.641024296 261.181327955 41.369194765 -0.036934517 -0.009815760 0.992845723 -0.113123216
423.946500000 249.421658005 260.897492074 41.215180537 -0.036373312 -0.006272510 0.992536798 -0.116225392
424.050200000 248.178673307 260.579753180 41.158799810 -0.035949136 -0.004498646 0.992245843 -0.118893266
424.153800000 246.880355699 260.309731563 41.109330171 -0.035123247 -0.006125764 0.991874340 -0.122123408
424.257400000 245.535146617 259.997771693 41.044156561 -0.035849037 -0.006848336 0.991601049 -0.124077822
424.361200000 244.314038428 259.607157720 40.918998753 -0.038249582 -0.007763076 0.991351796 -0.125292936
424.464700000 243.135046495 259.339973007 40.813749629 -0.041565428 -0.006431798 0.990939035 -0.127556956
424.568200000 241.945394823 259.027714730 40.726722882 -0.042227496 -0.001368399 0.990700267 -0.129336567
424.671900000 240.703974813 258.668478754 40.667491477 -0.040218312 -0.001516673 0.990529228 -0.131270845
424.775500000 239.569869691 258.378076544 40.634640682 -0.038543930 -0.002290642 0.990318153 -0.133338196
424.879100000 238.382804956 258.053823977 40.510291722 -0.036981490 -0.000936769 0.989966787 -0.136371746
424.982800000 237.238404447 257.734940091 40.432187492 -0.036727570 -0.001648370 0.989802211 -0.137622495
425.086300000 236.045494404 257.395587429 40.372329335 -0.037507364 -0.007615697 0.989843509 -0.136912474
425.189900000 234.887027297 257.004169644 40.291738620 -0.038392302 -0.009980275 0.989736438 -0.137288776
425.293500000 233.702980815 256.668574655 40.190886782 -0.038731105 -0.009588693 0.989428415 -0.139425139
425.397200000 232.486043550 256.381901939 40.143659559 -0.037911286 -0.009849268 0.989341274 -0.140248247
425.500900000 231.301671433 256.013136964 40.062212941 -0.037291246 -0.010531362 0.989106875 -0.142007192
425.604500000 230.121983383 255.632527337 39.950106614 -0.037135951 -0.007233414 0.988963658 -0.143246231
425.708100000 228.921620419 255.275557989 39.825451179 -0.038958675 -0.002174703 0.988807790 -0.144002244
425.811700000 227.686289541 254.881217964 39.766653930 -0.039723931 -0.008477632 0.988662999 -0.144553152
425.915400000 226.536950623 254.586701029 39.690131140 -0.039788394 -0.006633579 0.988444465 -0.146117824
426.019000000 225.423034744 254.219523962 39.552574802 -0.038133923 -0.006751276 0.988194263 -0.148230642
426.122600000 224.320382254 253.849125804 39.476724678 -0.037487741 -0.007310804 0.987984259 -0.149760894
426.226200000 223.174022713 253.443860846 39.427057719 -0.036789843 -0.008463889 0.987833811 -0.150861634
426.329700000 222.041354364 253.093723949 39.352664914 -0.037221136 -0.009221276 0.987608431 -0.152181283
426.433300000 220.810170590 252.703271268 39.240419802 -0.038496256 -0.011361085 0.987107649 -0.154943386
426.536900000 219.567168274 252.268945173 39.168139025 -0.038256679 -0.012438859 0.986726870 -0.157327004
426.640400000 218.443988811 251.951127983 39.075972215 -0.039016528 -0.013078207 0.986498076 -0.158518825
426.744000000 217.400121605 251.577996609 39.012571277 -0.038169229 -0.014123526 0.986327165 -0.159694583
426.847600000 216.277554216 251.094479274 38.952044976 -0.036990427 -0.015655791 0.985920709 -0.162317469
426.951400000 215.156261519 250.767258430 38.866031138 -0.036010409 -0.015711342 0.985662884 -0.164088642
427.055000000 214.006121739 250.401903484 38.756290766 -0.035988025 -0.018876406 0.985158516 -0.166767029
427.158600000 212.850132475 249.996402989 38.670429070 -0.036982308 -0.020906687 0.984743706 -0.168745526
427.262200000 211.759109139 249.585068958 38.579003303 -0.038797473 -0.021355197 0.984114430 -0.171922947
427.365900000 210.565231926 249.149959598 38.539780925 -0.039972586 -0.022832622 0.983510718 -0.174892913
427.469500000 209.428705560 248.617078200 38.450394783 -0.040969925 -0.023291127 0.982919625 -0.177898846
427.573100000 208.254048638 248.170205717 38.356704251 -0.040229396 -0.020394986 0.982581846 -0.180273559
427.676900000 207.141699800 247.782196544 38.242986804 -0.040578544 -0.016731974 0.982418369 -0.181459558
427.780400000 206.028500024 247.330620469 38.111309811 -0.041380928 -0.014650374 0.982000732 -0.183705058
427.884000000 204.960574574 246.930769940 38.012875215 -0.041693452 -0.012312711 0.981762716 -0.185073018
427.987700000 203.778703514 246.469635056 37.953126456 -0.041457170 -0.011862801 0.981304919 -0.187566608
428.091400000 202.608693127 245.992113244 37.822618586 -0.040645482 -0.012679264 0.981058161 -0.188976365
428.195000000 201.492698827 245.526833750 37.660911025 -0.042619107 -0.011368168 0.980825989 -0.189828228
428.298600000 200.384627349 245.065018589 37.533633190 -0.043980787 -0.011855481 0.980469129 -0.191325444
428.402300000 199.412337077 244.593567107 37.462976242 -0.044274865 -0.010747341 0.980243727 -0.192474585
428.505900000 198.310946775 244.148473212 37.339750850 -0.045029283 -0.008554249 0.979830986 -0.194500458
428.609500000 197.237158100 243.705610423 37.315223912 -0.044934629 -0.008665312 0.979392037 -0.196715605
428.713100000 196.142250348 243.191264223 37.226083712 -0.045318474 -0.008139416 0.978919981 -0.198986576
428.816700000 195.045117771 242.753500883 37.117465141 -0.046076263 -0.007620308 0.978607774 -0.200364001
428.920200000 193.940374722 242.270686114 37.020126099 -0.045474650 -0.005738288 0.978247513 -0.202313941
429.023800000 192.885528952 241.804141182 36.956806676 -0.044062474 -0.006491462 0.977762404 -0.204931794
429.127400000 191.758412896 241.369782362 36.855106012 -0.043198781 -0.006840983 0.977416516 -0.206746269
429.231100000 190.657912314 240.888822990 36.758327556 -0.044213250 -0.006697723 0.977006603 -0.208466849
429.334700000 189.601484896 240.322401563 36.622324222 -0.044614055 -0.006311200 0.976569032 -0.210434502
429.438300000 188.473971346 239.771604296 36.509643121 -0.044486994 -0.005892009 0.976234840 -0.212018230
429.541900000 187.341858911 239.231883120 36.431070351 -0.043751767 -0.006618742 0.975682820 -0.214674196
429.645400000 186.212325122 238.723784098 36.335579380 -0.042778716 -0.004079811 0.975268162 -0.216807169
429.749000000 185.163197588 238.183875221 36.233901496 -0.042480027 -0.000676818 0.975001011 -0.218100934
429.852600000 184.029085478 237.627549380 36.091711155 -0.042148887 0.001524759 0.974657536 -0.219690314
429.956300000 182.951375673 237.157635585 35.937010472 -0.044150139 0.006561811 0.974031997 -0.221967061
430.059900000 181.826773222 236.601815524 35.945688286 -0.043363522 0.000782366 0.973403849 -0.224953193
430.163500000 180.819371375 236.114726651 35.907187738 -0.042788777 -0.001240155 0.972827672 -0.227538794
430.267100000 179.751846577 235.593074337 35.860173159 -0.041189780 -0.004590102 0.972310459 -0.229988488
430.370700000 178.632354607 235.057066419 35.708792408 -0.041037427 -0.004588603 0.971901700 -0.231736834
430.474400000 177.498565581 234.480023695 35.651734203 -0.042260638 -0.006834522 0.971312479 -0.233921775
430.578100000 176.464743498 233.938416991 35.522735252 -0.043828627 -0.006497134 0.970680920 -0.236252810
430.681700000 175.433483231 233.378239136 35.450943115 -0.044367957 -0.006988670 0.970236234 -0.237958595
430.785400000 174.300469352 232.751655176 35.369102049 -0.043559225 -0.007823333 0.969831428 -0.239725657
430.889000000 173.265590581 232.167785709 35.237360279 -0.043049529 -0.009199774 0.969421491 -0.241420949
430.992800000 172.138194922 231.538562692 35.108902351 -0.043339705 -0.009619367 0.968792337 -0.243865833
431.096400000 171.021092601 230.949918390 35.024190442 -0.044119050 -0.008236285 0.968204311 -0.246101779
431.200000000 169.975803034 230.347155468 34.905087310 -0.044813762 -0.005529246 0.967716510 -0.247963527
431.303700000 168.921010505 229.794749011 34.752269533 -0.046249488 0.000069405 0.967302000 -0.249374861
431.407400000 167.830401895 229.172363447 34.634978277 -0.047020429 -0.002038593 0.966722203 -0.251461936
431.511000000 166.862176006 228.575055575 34.551859712 -0.047575744 -0.004076536 0.966380695 -0.252642598
431.614600000 165.788445455 227.958749624 34.532276900 -0.045546535 -0.012032783 0.965916779 -0.254529961
431.718200000 164.719209178 227.347040271 34.441948965 -0.045035681 -0.014256305 0.965468972 -0.256199550
431.821800000 163.701457250 226.755249049 34.362615611 -0.045920935 -0.014739698 0.964819626 -0.258451346
431.925400000 162.656683621 226.176230109 34.285040353 -0.044270466 -0.013894157 0.964109392 -0.261419507
432.029000000 161.610611694 225.603217698 34.184091901 -0.041321908 -0.016226980 0.964011678 -0.262127202
432.132700000 160.646596133 224.965458894 34.086048315 -0.040697739 -0.014290485 0.963708272 -0.263449887
432.236300000 159.608004666 224.275679937 33.964940057 -0.042263267 -0.013220083 0.963120311 -0.265402169
432.339900000 158.495050499 223.609734541 33.898949560 -0.043778749 -0.014994891 0.962683040 -0.266645719
432.443500000 157.463302685 223.009071757 33.810245314 -0.044339651 -0.012739153 0.962237365 -0.268274043
432.547000000 156.445094149 222.392591685 33.704744267 -0.043847447 -0.012297764 0.961476626 -0.271088296
432.650600000 155.447719327 221.774122251 33.632016498 -0.042861861 -0.014256409 0.960629422 -0.274136333
432.754200000 154.459345945 221.173900666 33.516603999 -0.043571575 -0.014542931 0.959988510 -0.276246416
432.857700000 153.395685921 220.514193333 33.438063318 -0.046128619 -0.015011121 0.959076238 -0.278961621
432.961300000 152.403815039 219.929672229 33.310512816 -0.046584287 -0.014454961 0.958436985 -0.281104082
433.065000000 151.369783985 219.225622913 33.183311014 -0.048004942 -0.009611449 0.957753237 -0.283393512
433.168600000 150.380787947 218.502595889 33.042140009 -0.048141263 -0.005918472 0.956947050 -0.286181295
433.272200000 149.356065134 217.812587894 32.894480649 -0.049908556 -0.002999940 0.956309834 -0.288047978
433.375800000 148.349370497 217.212008785 32.769203919 -0.051630437 -0.002111433 0.955454280 -0.290580384
433.479400000 147.380516099 216.515714825 32.675513358 -0.051981716 -0.002350095 0.954552159 -0.293466444
433.583000000 146.335287241 215.817773207 32.553968549 -0.050935816 -0.003330206 0.954133829 -0.294996760
433.686600000 145.371702537 215.101977550 32.493576438 -0.048782268 -0.004926786 0.953861053 -0.296218007
433.790400000 144.380813964 214.389091673 32.442175143 -0.047319115 -0.006428631 0.953238658 -0.298421909
433.894000000 143.397324223 213.730807000 32.285840872 -0.049321498 -0.000348983 0.952580606 -0.300262314
433.997600000 142.416895174 213.035315186 32.123181831 -0.049938811 0.001642673 0.951892499 -0.302331090
434.101200000 141.376041750 212.299026632 32.068196384 -0.049771005 0.000120999 0.951286216 -0.304265292
434.204800000 140.350141014 211.548845402 31.927724114 -0.051447896 0.002685205 0.950793229 -0.305512913
434.308600000 139.324376852 210.876350653 31.800681653 -0.052025784 0.003669486 0.950230278 -0.307151871
434.412200000 138.296237127 210.166228682 31.760745598 -0.050338792 -0.001374347 0.949226759 -0.310536112
434.515800000 137.335243375 209.417344346 31.701367917 -0.047699175 -0.003670040 0.948821465 -0.312168459
434.619500000 136.331027973 208.617843705 31.622173170 -0.045787942 -0.006607044 0.948356803 -0.313813933
434.723200000 135.403311359 207.935044608 31.497870638 -0.044819925 -0.006517516 0.948108296 -0.314705187
434.826900000 134.410000867 207.120337692 31.375129171 -0.045802130 -0.005147211 0.947312012 -0.316978901
434.930500000 133.379314065 206.273353085 31.260365715 -0.045073511 -0.004551162 0.946920110 -0.318260854
435.034200000 132.449547137 205.588330492 31.178231870 -0.045156550 -0.006656625 0.946015569 -0.320891133
435.137800000 131.508249611 204.807602547 31.118514511 -0.044057676 -0.011954850 0.944958858 -0.323988825
435.241500000 130.447386724 204.074434177 31.055146565 -0.044548303 -0.014005125 0.944054016 -0.326467947
435.345100000 129.383705082 203.265054964 30.895118916 -0.046291932 -0.008638450 0.943349776 -0.328441219
435.448800000 128.499305036 202.429988834 30.751845456 -0.046403898 -0.006625381 0.942711405 -0.330299849
435.552500000 127.580764143 201.651635997 30.698441703 -0.046696131 -0.008840613 0.941621836 -0.333301113
435.656100000 126.528780675 200.784467572 30.556263837 -0.048283135 -0.006490458 0.941005137 -0.334867056
435.759700000 125.429091466 199.924122474 30.439066962 -0.047640940 -0.006651851 0.940469534 -0.336456758
435.863400000 124.476315697 199.203283338 30.362185688 -0.045706936 -0.007435922 0.939859044 -0.338408865
435.967100000 123.576618226 198.387964496 30.237606636 -0.044933645 -0.008320334 0.939218458 -0.340265231
436.070700000 122.604435046 197.565212649 30.153627856 -0.046189671 -0.008143144 0.938195013 -0.342914452
436.174300000 121.605687430 196.745355959 30.051941392 -0.048930385 -0.007150487 0.937022821 -0.345749795
436.277800000 120.562215363 195.864253612 29.856701607 -0.049423983 -0.007271707 0.936487168 -0.347125591
436.381400000 119.599970287 194.970182607 29.757127212 -0.047947451 -0.007969057 0.935842821 -0.349049781
436.485000000 118.667524028 194.100922907 29.639026557 -0.046609399 -0.010004177 0.935283875 -0.350673000
436.588600000 117.742793337 193.254337463 29.537308726 -0.046303693 -0.009558501 0.934740468 -0.352171635
436.692400000 116.869076761 192.453311488 29.400792874 -0.046244544 -0.010239013 0.934294861 -0.353340796
436.796000000 115.832290787 191.589948220 29.297990643 -0.045108666 -0.010385831 0.933920341 -0.354471633
436.899600000 114.835848772 190.683757610 29.187804482 -0.046041102 -0.010780460 0.933499268 -0.355447767
437.003200000 113.818309458 189.758641548 29.089652602 -0.047184905 -0.009630652 0.933129621 -0.356300360
437.107000000 112.830134419 188.900323554 28.990526093 -0.048173615 -0.009722685 0.932811959 -0.356996668
437.210600000 111.933233337 187.999937853 28.826765261 -0.049152079 -0.006979878 0.932523474 -0.357680479
437.314200000 111.086958895 187.169047054 28.711573808 -0.048282295 -0.007815719 0.932317515 -0.358317996
437.417900000 110.086448727 186.259287843 28.596407663 -0.046630230 -0.007933901 0.932338679 -0.358479097
437.521500000 109.111836137 185.342702442 28.506473863 -0.044664145 -0.013578413 0.931974585 -0.359505375
437.625300000 108.097738016 184.405401517 28.343277354 -0.047714489 -0.012097101 0.931649013 -0.360009867
437.728900000 107.122359486 183.521423361 28.198546239 -0.050184776 -0.012394078 0.931326821 -0.360497195
437.832600000 106.195840924 182.618232198 28.090523083 -0.050354584 -0.013397190 0.931221277 -0.360710221
437.936200000 105.182098402 181.775239548 27.896354222 -0.049950901 -0.013945311 0.931527230 -0.359954797
438.040000000 104.178248280 180.881187821 27.746316716 -0.050974112 -0.009838507 0.931787538 -0.359272636
438.143600000 103.234782081 180.026815362 27.708637309 -0.049090233 -0.010474264 0.932517245 -0.357619947
438.247200000 102.270459837 179.212958011 27.561640880 -0.050222510 -0.005231157 0.932739329 -0.356998150
438.350700000 101.205429117 178.307090974 27.428535537 -0.052863270 -0.002494338 0.933118039 -0.355654297
438.454300000 100.139360893 177.370134797 27.311142230 -0.054087070 -0.001042118 0.933382782 -0.354781743
438.558000000 99.138025328 176.398057222 27.228232958 -0.053613660 0.002734051 0.933713673 -0.353972990
438.661600000 98.240425865 175.502767570 27.089796687 -0.054263298 0.003083682 0.933905725 -0.353363951
438.765200000 97.254470713 174.753353882 26.983873823 -0.054633312 0.002113116 0.934277468 -0.352329886
438.868800000 96.280938967 173.924148936 26.887541301 -0.053502858 -0.002268822 0.934524886 -0.351845895
438.972400000 95.324756637 173.049563622 26.752978873 -0.051688675 -0.002277610 0.934858112 -0.351231269
439.076000000 94.331601380 172.159971429 26.619997773 -0.051012954 -0.001177904 0.935131948 -0.350605949
439.179700000 93.350701255 171.354227549 26.504559053 -0.050600025 -0.001643901 0.935294224 -0.350230851
439.283400000 92.328095065 170.541005067 26.418280936 -0.049306584 -0.001941644 0.935314777 -0.350358901
439.387000000 91.338710951 169.714866296 26.319781306 -0.048825289 0.000325940 0.935584811 -0.349709945
439.490700000 90.415200973 168.833116356 26.210588810 -0.048532827 0.000142946 0.935361070 -0.350348703
439.594300000 89.403439341 167.910604219 26.104651268 -0.050994542 0.002667315 0.935321161 -0.350095369
439.698000000 88.429094546 167.007051726 25.993473761 -0.052573003 0.003026353 0.935107366 -0.350429928
439.801600000 87.486312516 166.182140032 25.878856755 -0.052933915 0.004639095 0.934743508 -0.351327558
439.905300000 86.495925739 165.379591821 25.725275971 -0.053184648 0.006562534 0.934746632 -0.351250709
440.008900000 85.579172462 164.531003415 25.616879416 -0.052118574 0.004673316 0.934363543 -0.352457918
440.112600000 84.566353849 163.668660036 25.452001333 -0.054321792 0.007076620 0.934331621 -0.352169684
440.216200000 83.573859541 162.718599825 25.308129018 -0.056249027 0.009184657 0.934331065 -0.351819768
440.319800000 82.575366146 161.769932408 25.199485499 -0.057639846 0.011949875 0.934279800 -0.351647698
440.423400000 81.545449211 160.870701189 25.075860698 -0.055796128 0.008103778 0.934068114 -0.352615766
440.527000000 80.563226171 160.052545687 25.022237337 -0.054881151 0.006858446 0.933894354 -0.353245463
440.630700000 79.635774849 159.208280091 24.945469410 -0.053446675 0.004831575 0.934206747 -0.352672458
440.734200000 78.671553450 158.363575409 24.833357321 -0.053245829 0.004900430 0.934356968 -0.352303737
440.837900000 77.716214832 157.499352996 24.670779092 -0.054733575 0.006148435 0.934491446 -0.351698975
440.941500000 76.782285034 156.642328507 24.511071309 -0.056220055 0.009151121 0.934300483 -0.351906480
441.045100000 75.763604521 155.785448374 24.437667595 -0.053894565 0.006047718 0.934480236 -0.351860042
441.148700000 74.821787271 154.926826721 24.331879161 -0.053212879 0.005460002 0.934618800 -0.351605285
441.252200000 73.837210095 154.053182227 24.290888919 -0.050252604 0.002264761 0.934530786 -0.352309178
441.355800000 72.834722227 153.137189713 24.121621657 -0.050755705 0.004800422 0.934540814 -0.352185010
441.459400000 71.824887890 152.264589263 23.997069523 -0.052099108 0.006905730 0.934603163 -0.351788178
441.563000000 70.918293610 151.367864336 23.899441028 -0.052940964 0.006081906 0.934701391 -0.351416526
441.666700000 69.951973661 150.505402010 23.808302158 -0.053588277 0.003748672 0.934843818 -0.350971907
441.770300000 68.980004740 149.703077313 23.692206917 -0.053631819 0.001666719 0.934894156 -0.350847213
441.873900000 67.893356871 148.814327720 23.507535876 -0.055155216 0.002285827 0.935113383 -0.350022339
441.977500000 66.904757494 147.988268587 23.372284576 -0.055944632 0.000965539 0.935328695 -0.349327209
442.081100000 66.011788806 147.128720084 23.296589070 -0.054795448 0.000667182 0.935423894 -0.349255139
442.184700000 65.028461147 146.275150550 23.170293962 -0.053881083 0.001187366 0.935230580 -0.349913105
442.288300000 64.041236368 145.387602737 23.025036477 -0.053496820 0.001605014 0.935061245 -0.350422576
442.392000000 63.048073920 144.554317513 22.883918602 -0.052979393 0.002330623 0.935324153 -0.349794912
442.495800000 62.099027819 143.602257127 22.788487923 -0.052469714 0.001822862 0.935747131 -0.348741900
442.599200000 61.035130494 142.758278471 22.648373501 -0.053046640 0.000801599 0.935631708 -0.348968077
442.702700000 60.057302344 141.916517213 22.537531141 -0.053986646 0.000533883 0.935421537 -0.349387613
442.806300000 59.100954207 141.098834061 22.411842326 -0.055134830 0.000133702 0.935258746 -0.349644405
442.909900000 58.194362819 140.311321803 22.308625169 -0.055075446 0.000944359 0.935458895 -0.349116683
443.013500000 57.284046740 139.443536114 22.222550813 -0.053224136 0.001668284 0.935717222 -0.348708600
443.117100000 56.311754959 138.578466046 22.083473593 -0.053388104 0.003081923 0.935917255 -0.348136618
443.220800000 55.423391563 137.751877063 21.955995383 -0.053205995 0.004388451 0.936024375 -0.347862376
443.324400000 54.446539558 136.916112492 21.853132631 -0.053039643 0.005255411 0.936016724 -0.347896348
443.428000000 53.397647402 136.057342144 21.770687229 -0.054170035 0.005090242 0.935659707 -0.348684112
443.531600000 52.355774423 135.191210541 21.573352787 -0.056716870 0.003861724 0.935161325 -0.349630633
443.635300000 51.324699738 134.293578861 21.422173790 -0.058274330 0.003115054 0.935198208 -0.349283138
443.739000000 50.367266792 133.461692094 21.360685826 -0.059102426 0.002711546 0.935508291 -0.348315644
443.842600000 49.375966041 132.582210376 21.271934380 -0.058631337 0.003974651 0.935372709 -0.348746990
443.946200000 48.385282337 131.744203531 21.200452221 -0.057018489 0.004108065 0.935355216 -0.349059644
444.049900000 47.407415850 130.916637102 21.016523686 -0.057291432 0.004297372 0.935113445 -0.349659934
444.153400000 46.470434327 130.100297962 20.888285427 -0.058978967 0.005018195 0.935206683 -0.349119978
444.257000000 45.423287344 129.171395733 20.750506887 -0.060028918 0.004059730 0.934912261 -0.349741493
444.360800000 44.473599141 128.349516827 20.628430694 -0.060473430 0.005648965 0.934777637 -0.350002604
444.464400000 43.553653595 127.548265485 20.541019973 -0.058794818 0.007298833 0.935174845 -0.349196084
444.568000000 42.642663240 126.703805381 20.443320167 -0.056192655 0.009729479 0.935518644 -0.348643929
444.671600000 41.639722348 125.751134740 20.311325086 -0.054785887 0.008521129 0.935138633 -0.349916611
444.775400000 40.601464288 124.826698779 20.142618863 -0.056637821 0.007540247 0.935076328 -0.349810752
444.879000000 39.693815567 123.936758430 20.047450171 -0.057035946 0.004295356 0.934817047 -0.350493281
444.982600000 38.663875622 123.119023592 19.968599740 -0.057580073 0.004690143 0.935047967 -0.349782557
445.086200000 37.639321536 122.207790590 19.812393089 -0.057190563 0.010117090 0.935108913 -0.349568598
445.189800000 36.619979175 121.331417842 19.697158094 -0.056108312 0.010321605 0.935401530 -0.348954581
445.293600000 35.633357879 120.519329181 19.601208934 -0.055585994 0.008131176 0.935363419 -0.349198161
445.397200000 34.665951769 119.745615496 19.486508685 -0.055262680 0.006239038 0.935525890 -0.348853006
445.500800000 33.718309529 118.868096365 19.344706947 -0.055933813 0.004231151 0.935547425 -0.348718399
445.604400000 32.742848743 117.921757169 19.178147709 -0.058824141 0.003896441 0.935438342 -0.348539303
445.708000000 31.716594492 117.024017945 19.087450712 -0.058098852 0.000938894 0.935523492 -0.348452920
445.811700000 30.687652699 116.136041379 19.007059733 -0.055298578 -0.000881692 0.935367438 -0.349326560
445.915400000 29.715088840 115.306512745 18.858731051 -0.055038896 0.000794476 0.935518466 -0.348963161
446.018900000 28.727064849 114.495330004 18.727320875 -0.054907578 0.000274569 0.935904786 -0.347947288
446.122600000 27.794049082 113.580467937 18.611353721 -0.055300634 -0.000575012 0.935715161 -0.348394384
446.226300000 26.785004654 112.711000022 18.541732470 -0.055804397 -0.001953680 0.935364261 -0.349250270
446.329700000 25.781509553 111.818211117 18.376829280 -0.056160458 -0.002349368 0.935274543 -0.349430984
446.433500000 24.805205058 110.918343330 18.184871119 -0.057487941 0.002257724 0.934947930 -0.350089144
446.537100000 23.845924365 109.993284260 18.043105635 -0.057844455 0.002259308 0.934812675 -0.350391463
446.640700000 22.924581140 109.178522455 17.972347021 -0.056636507 0.000680607 0.935386011 -0.349062821
446.744300000 21.929308227 108.351405881 17.848893115 -0.056928842 0.000622342 0.935174108 -0.349582761
446.847900000 20.949698350 107.430602235 17.668781832 -0.058033824 0.001759411 0.935089662 -0.349623088
446.951500000 19.920024908 106.585247373 17.529955546 -0.058384923 0.001227339 0.935139138 -0.349434524
447.055300000 18.972454143 105.733489279 17.445351478 -0.058893528 -0.000279834 0.934972400 -0.349797205
447.158900000 17.973420477 104.876079013 17.328829457 -0.057680174 -0.003796904 0.935323474 -0.349039511
447.262500000 16.996482883 103.999266522 17.136945102 -0.057637791 -0.005367064 0.935017735 -0.349844129
447.366100000 16.099984555 103.139086952 17.025801607 -0.058124069 -0.005098896 0.935196315 -0.349289917
447.469900000 15.114755794 102.353460327 16.918353422 -0.057880886 -0.006527237 0.935289819 -0.349056088
447.573500000 14.103044133 101.452003776 16.757701408 -0.058796585 -0.004099526 0.935231114 -0.349097293
447.677100000 13.130263176 100.536748707 16.652668680 -0.058407044 -0.004260112 0.935162508 -0.349344461
447.780700000 12.163256656 99.725175948 16.546792685 -0.057759723 -0.002303831 0.935193583 -0.349387277
447.884300000 11.123208444 98.859396109 16.440816968 -0.057294477 -0.003722502 0.935691989 -0.348114905
447.987900000 10.261364969 98.140422075 16.293473169 -0.057578982 -0.001431907 0.936107156 -0.346966862
448.091700000 9.286978167 97.278356768 16.196356786 -0.057115411 -0.003522626 0.936316024 -0.346464606
448.195300000 8.297313095 96.384408207 16.025253725 -0.060335510 -0.001429628 0.936623459 -0.345100100
448.298900000 7.314244927 95.513136791 15.873918760 -0.061048335 -0.000217440 0.936754790 -0.344620830
448.402500000 6.319603376 94.633621518 15.729504445 -0.060743509 0.001475336 0.936910476 -0.344248179
448.506200000 5.407839778 93.872977114 15.653341463 -0.057576525 0.001079048 0.937356570 -0.343578871
448.609800000 4.437325525 93.086332794 15.502897547 -0.055725835 0.001063115 0.937515771 -0.343449676
448.713400000 3.419312527 92.260879245 15.427897904 -0.055147081 0.000002946 0.937540892 -0.343476165
448.817000000 2.440894874 91.457906453 15.288821100 -0.057611521 0.001110188 0.937672961 -0.342708476
448.920600000 1.543303881 90.641203129 15.142213377 -0.058915507 0.002415915 0.937713836 -0.342368061
449.024300000 0.637863551 89.872363512 15.060794575 -0.057982797 0.000377043 0.937851081 -0.342159616
449.127800000 -0.357601662 89.052788631 14.955522782 -0.058704596 -0.001074112 0.937945649 -0.341775623
449.231600000 -1.310075124 88.271906012 14.812780368 -0.059734825 -0.000677292 0.938236682 -0.340797916
449.335200000 -2.238012609 87.551963113 14.659404809 -0.059835455 -0.000030760 0.938073880 -0.341228828
449.438800000 -3.131212296 86.766944736 14.534552793 -0.060636410 0.001731949 0.938578912 -0.339690818
449.542400000 -4.082325350 85.930446611 14.405900486 -0.060415979 0.002680424 0.938837245 -0.339009369
449.646000000 -5.045878221 85.090127327 14.288332494 -0.061475421 0.001592907 0.938218811 -0.340534430
449.749800000 -5.930300393 84.351821596 14.150086231 -0.062547515 -0.000196102 0.937783344 -0.341540876
449.853400000 -6.761019299 83.594895709 14.041901626 -0.062872917 -0.000171642 0.937522569 -0.342196434
449.957000000 -7.581423063 82.907110173 13.944481904 -0.062357031 -0.001747218 0.937609353 -0.342048608
450.060600000 -8.403736639 82.182617135 13.852923355 -0.060388202 -0.001231718 0.937318682 -0.343198829
450.164400000 -9.157749414 81.447738152 13.757830465 -0.057282440 -0.003884200 0.937074335 -0.344376722
450.268000000 -10.018875088 80.727557790 13.576133214 -0.058944133 -0.000015655 0.936765330 -0.344958410
450.371600000 -10.886964924 80.053903955 13.459973244 -0.061732726 0.005052464 0.936581458 -0.344932914
450.475200000 -11.643474203 79.323313776 13.365877907 -0.064303647 0.011163515 0.936137828 -0.345523347
450.578800000 -12.486675183 78.606486296 13.201800660 -0.064920833 0.013962414 0.935909537 -0.345924378
450.682600000 -13.302527660 77.983198060 13.108191676 -0.064527613 0.012740274 0.935818936 -0.346290039
450.786200000 -14.052586640 77.321510378 13.063740087 -0.063425191 0.010360921 0.935425570 -0.347633283
450.889900000 -14.807320661 76.650285196 13.029396790 -0.061685921 0.008068551 0.934915790 -0.349374029
450.993500000 -15.560509365 76.025507271 12.947043750 -0.060606706 0.004298081 0.934583771 -0.350516089
451.097200000 -16.272559279 75.395430645 12.824320490 -0.062141638 0.002982356 0.933880615 -0.352131394
451.200800000 -16.929940061 74.846496917 12.740745661 -0.062535442 0.000038926 0.932978991 -0.354456654
451.304400000 -17.531953422 74.198213207 12.627396661 -0.062460622 -0.003145435 0.931423574 -0.358523224
451.408100000 -18.071439923 73.662230812 12.597044489 -0.059252268 -0.005704029 0.930552365 -0.361287874
451.511600000 -18.673059918 73.126929034 12.535719294 -0.058902270 -0.005850949 0.929194817 -0.364819519
451.615200000 -19.313721967 72.484988017 12.441160018 -0.058477498 -0.005483937 0.927636381 -0.368837435
451.718800000 -19.981085115 71.867883938 12.372778292 -0.056948235 -0.007109088 0.924951029 -0.375728563
451.822700000 -20.598480333 71.278344834 12.303256558 -0.057564063 -0.006913970 0.921459129 -0.384124523
451.926000000 -21.168644295 70.664747949 12.242994506 -0.057249511 -0.008970486 0.917432340 -0.393649497
452.029600000 -21.702699702 70.048920136 12.127009546 -0.057006695 -0.007843252 0.913093992 -0.403668283
452.133100000 -22.181886798 69.454743995 12.014334445 -0.057348006 -0.007065495 0.907830461 -0.415337380
452.236600000 -22.580349782 68.841320836 12.011068184 -0.055664143 -0.010553831 0.902750139 -0.426417995
452.340200000 -23.089225418 68.222737624 11.923592335 -0.057041816 -0.008987760 0.896750602 -0.438752560
452.443700000 -23.598007406 67.525537505 11.850885217 -0.057675925 -0.007385328 0.889305250 -0.453602377
452.547200000 -24.005627306 66.983000390 11.803080959 -0.058072637 -0.008134224 0.880748274 -0.469940295
452.650700000 -24.304236661 66.311679323 11.701818313 -0.055111058 -0.008650713 0.871177144 -0.487789218
452.754200000 -24.589265452 65.647483952 11.601272508 0.056186258 0.006789967 -0.860315094 0.506611232
452.857800000 -24.890204599 65.027155250 11.588482088 0.055221439 0.009175378 -0.848453879 0.526300694
452.961300000 -25.172884631 64.365657788 11.474274038 0.055019197 0.009578858 -0.835936516 0.545977357
453.064900000 -25.467038365 63.654612387 11.393803442 0.053842513 0.010690090 -0.822670443 0.565862216
453.168400000 -25.633632479 62.980506358 11.301077532 0.054302567 0.007848714 -0.808643665 0.585734626
453.272000000 -25.717926355 62.333613032 11.233462413 0.054761742 0.006950201 -0.793401873 0.606189998
453.375500000 -25.856554596 61.745736535 11.187436035 0.055490489 0.007181822 -0.777906436 0.625884018
453.479200000 -25.964515034 61.007832263 11.119667638 0.056735129 0.006399297 -0.760492710 0.646831517
453.582800000 -26.013603583 60.313385926 11.107975494 0.055406364 0.005818230 -0.742905922 0.667073515
453.686500000 -26.028961961 59.668308778 11.083938099 0.054587966 0.003273047 -0.724950020 0.686627198
453.790300000 -26.007272779 58.966977308 11.003440028 0.053531377 0.002031550 -0.706755432 0.705426838
453.894200000 -25.892504736 58.309807407 10.926419363 0.051686543 -0.001646118 -0.687463673 0.724375241
453.997800000 -25.755924780 57.654137705 10.922191300 0.051518894 -0.001732034 -0.667232995 0.743063210
454.101600000 -25.585449140 56.976999622 10.867093935 0.050205390 -0.001990184 -0.647652165 0.760277667
454.205100000 -25.407518746 56.353004995 10.843742840 0.048787612 -0.000944549 -0.628432823 0.776331800
454.308900000 -25.256934792 55.719488907 10.800458642 0.048168988 -0.000475513 -0.609117577 0.791615626
454.412600000 -25.145466661 55.088181642 10.770471908 0.047108185 -0.001122285 -0.589765673 0.806198493
454.516300000 -24.918700999 54.541371120 10.736508505 0.044340174 -0.001590063 -0.573172018 0.818233010
454.620200000 -24.686348656 53.866888403 10.697737541 0.040170920 -0.003211530 -0.558497011 0.828527049
454.724100000 -24.406883260 53.377879400 10.713578162 0.037491946 -0.003443180 -0.547698628 0.835828159
454.827900000 -24.074966466 52.786431700 10.730091457 0.034805099 -0.004096500 -0.540595230 0.840552569
454.931900000 -23.710107116 52.145112628 10.747088183 0.034697411 -0.005867032 -0.536057363 0.843447788
455.036200000 -23.480611200 51.587464631 10.712814145 0.034460207 -0.005817972 -0.532835682 0.845496766
455.139900000 -23.203878960 51.018643135 10.662292713 0.034534087 -0.005739521 -0.531319787 0.846447717
455.243800000 -22.901950207 50.450507386 10.657839894 0.036189047 -0.005388210 -0.530991291 0.846587012
455.347600000 -22.668743138 49.831388488 10.617723313 0.037161687 -0.005437370 -0.530123281 0.847088396
455.451500000 -22.369464089 49.222130492 10.626115428 0.037558562 -0.005296865 -0.530258610 0.846987074
455.555300000 -22.072377627 48.700814838 10.630731219 0.039192449 -0.006449784 -0.531405292 0.846186013
455.659000000 -21.814323643 48.158494378 10.623847220 0.040664790 -0.006795275 -0.532952994 0.845139814
455.762700000 -21.578172057 47.540861815 10.604605230 0.040864880 -0.006978978 -0.536215919 0.843062182
455.866500000 -21.383526621 47.046717740 10.564400189 0.041667850 -0.006843955 -0.538618594 0.841490915
455.970300000 -21.179809221 46.486020568 10.567295148 0.044057501 -0.008078272 -0.541605931 0.839438321
456.073800000 -20.936095292 46.040117396 10.545849693 0.044927114 -0.008200636 -0.544586293 0.837460491
456.177400000 -20.733689266 45.586866650 10.536127466 0.045393179 -0.008942065 -0.547507105 0.835521076
456.281100000 -20.548603959 45.026030692 10.491860435 0.045535226 -0.009904805 -0.550317123 0.833654306
456.384700000 -20.343559848 44.516648493 10.465057100 0.045948626 -0.010313159 -0.553275210 0.831666342
456.488200000 -20.159397309 44.045860518 10.460087392 0.046263616 -0.010712654 -0.555554187 0.830123161
456.591800000 -19.931507612 43.590105547 10.456332112 0.048163579 -0.011447439 -0.558639905 0.827931569
456.695400000 -19.716884628 43.118259789 10.462988563 0.049730720 -0.010872986 -0.561335241 0.826021417
456.799000000 -19.572780430 42.663512070 10.433146123 0.050633130 -0.010828031 -0.563971073 0.824169685
456.902800000 -19.425851415 42.252938044 10.423593751 0.050103072 -0.009487663 -0.566495017 0.822485904
457.006200000 -19.244347262 41.858182432 10.395122527 0.050381192 -0.009047612 -0.568149823 0.821331635
457.110000000 -19.072690819 41.512181124 10.369481905 0.050117818 -0.008675760 -0.570478824 0.819735839
457.213600000 -19.007221844 41.134657908 10.373075564 0.051343736 -0.008637118 -0.572550636 0.818214513
457.317200000 -18.950656665 40.844668284 10.384084075 0.052306500 -0.009124005 -0.574544790 0.816749084
457.420800000 -18.715405153 40.527923286 10.378523923 0.053063154 -0.009770370 -0.576332036 0.815432539
457.524400000 -18.583903833 40.241265819 10.327340946 0.052520473 -0.009683986 -0.577824221 0.814412052
457.628200000 -18.493277678 39.947302338 10.330824311 0.052429811 -0.009714152 -0.578548643 0.813903077
457.731800000 -18.422323130 39.679277472 10.340448674 0.051937147 -0.010393297 -0.579327282 0.813372247
457.835400000 -18.376515101 39.406316652 10.317867828 0.050986775 -0.012425042 -0.579709750 0.813131338
457.939000000 -18.336720986 39.199520988 10.325242339 0.050764385 -0.014052740 -0.579662707 0.813152288
458.042500000 -18.266429619 38.980089945 10.368577292 0.051853638 -0.014872980 -0.578461074 0.813924309
458.146100000 -18.118352141 38.740884935 10.343163095 0.052003636 -0.015142483 -0.576773609 0.815106454
458.249600000 -17.995383356 38.534704066 10.320528442 0.051699276 -0.015319954 -0.573602829 0.817356885
458.353100000 -17.906892743 38.268741523 10.328164326 0.050562400 -0.015310680 -0.568988293 0.820646909
458.456600000 -17.834719665 38.030222078 10.297067384 0.048874519 -0.016872828 -0.564185676 0.824027373
458.560100000 -17.761994612 37.851177822 10.319213037 0.048221202 -0.018307487 -0.557930351 0.828283330
458.663600000 -17.661905170 37.623425122 10.337598521 0.047592163 -0.019117071 -0.551260632 0.832755209
458.767100000 -17.507943134 37.398431961 10.334020704 0.047974528 -0.019498760 -0.543223151 0.837989768
458.870700000 -17.353602682 37.191767705 10.328884747 0.047062350 -0.021064839 -0.534503235 0.843592140
458.974200000 -17.282062795 37.008089573 10.343142636 0.046789232 -0.021619126 -0.525013729 0.849531615
459.077700000 -17.166082805 36.828564878 10.345336726 0.045675756 -0.023838415 -0.514882476 0.855711103
459.181300000 -16.992964877 36.594528456 10.321226618 0.045659768 -0.025933287 -0.504062785 0.862069231
459.284800000 -16.861951850 36.391909878 10.323348208 0.045336395 -0.027228288 -0.492657004 0.868615167
459.388300000 -16.696233729 36.155200253 10.346990947 0.044254087 -0.027093185 -0.480365320 0.875532235
459.491800000 -16.475305155 35.879986367 10.364522708 0.043583164 -0.025170888 -0.467269865 0.882681034
459.595400000 -16.253925597 35.637289813 10.356053715 0.043905868 -0.023350054 -0.453438350 0.889899271
459.698900000 -16.074337260 35.343086897 10.378426651 0.045056265 -0.022975172 -0.439506206 0.896814568
459.802400000 -15.856216522 35.039671488 10.378987186 0.046399411 -0.022240280 -0.425293765 0.903591544
459.906000000 -15.634077611 34.790786064 10.382091792 0.045431116 -0.022937990 -0.410803005 0.910302561
460.009600000 -15.324950406 34.538330025 10.371099667 0.045358951 -0.022683713 -0.395459638 0.917082161
460.113100000 -15.041735930 34.311062118 10.378929388 0.045008448 -0.022359699 -0.380132403 0.923565720
460.216500000 -14.757922765 34.030335140 10.363870647 0.046137632 -0.023598918 -0.364321794 0.929830114
460.320100000 -14.437832968 33.783967010 10.358466128 0.047053740 -0.025974410 -0.347405663 0.936173371
460.423700000 -14.091280340 33.499293101 10.405506300 0.047774859 -0.028129245 -0.329963198 0.942364365
460.527300000 -13.682791693 33.237138805 10.413888597 0.048061056 -0.028242839 -0.312091484 0.948415195
460.630900000 -13.272957317 32.955653253 10.413159045 0.047716760 -0.027283184 -0.294098968 0.954193133
460.734500000 -12.836527255 32.721453362 10.418321791 0.047304068 -0.026901640 -0.275516593 0.959754778
460.838100000 -12.406934423 32.439476980 10.436259835 0.047992762 -0.027043229 -0.257024233 0.964833614
460.941700000 -11.899504909 32.220628028 10.426447165 0.050497058 -0.027308532 -0.238346767 0.969481877
461.045200000 -11.403586938 32.011815233 10.452288521 0.054592503 -0.027700044 -0.218724821 0.973864374
461.148900000 -10.860915715 31.767149410 10.450692357 0.056010251 -0.029377288 -0.198901115 0.977976571
461.252500000 -10.313961699 31.529663183 10.506367874 0.055703728 -0.031052770 -0.179248094 0.981734659
461.356100000 -9.719242207 31.280286839 10.530563780 0.055469556 -0.032497226 -0.159826048 0.985049589
461.459900000 -9.141443550 31.134229843 10.574731532 0.054727399 -0.033995700 -0.141676473 0.987814244
461.563500000 -8.497127467 30.980370639 10.600129810 0.053889168 -0.035153098 -0.126153757 0.989921940
461.667300000 -7.827391350 30.806272041 10.652886862 0.055540026 -0.035725414 -0.112570343 0.991446881
461.771100000 -7.108857985 30.698626512 10.683285494 0.056157585 -0.036057507 -0.100134731 0.992733206
461.874900000 -6.396391470 30.599798999 10.736429027 0.054568534 -0.037378814 -0.088132419 0.993910346
461.978500000 -5.642074437 30.477244088 10.795433740 0.053565568 -0.037630720 -0.077647257 0.994829414
462.082400000 -4.879821945 30.370680852 10.854103795 0.052810223 -0.036782559 -0.068199903 0.995593741
462.186100000 -4.159239570 30.253955316 10.896048206 0.051901192 -0.036040648 -0.061166708 0.996125480
462.289900000 -3.351837176 30.170246103 10.925035066 0.051229517 -0.035344012 -0.056484511 0.996461659
462.393700000 -2.530718576 30.126128554 11.016834236 0.049064253 -0.035995650 -0.053569403 0.996708248
462.497500000 -1.749965054 30.042670611 11.101131440 0.047335718 -0.037421625 -0.053216721 0.996758212
462.601200000 -0.881637429 29.918429283 11.159207048 0.047775399 -0.037553773 -0.053556785 0.996714049
462.705000000 0.021492910 29.887895433 11.211178843 0.051861323 -0.036736790 -0.052901343 0.996575265
462.808600000 0.933089387 29.786736801 11.242076585 0.052206321 -0.036216440 -0.051929265 0.996627423
462.912300000 1.841781861 29.644300491 11.330407670 0.049660962 -0.037656929 -0.051403816 0.996731354
463.015900000 2.678093126 29.570556467 11.434633463 0.047836030 -0.038985564 -0.051948632 0.996741280
463.119700000 3.624517903 29.575807736 11.551944532 0.044874977 -0.039509904 -0.051375865 0.996888020
463.223300000 4.626965036 29.494702674 11.547967792 0.046586821 -0.038487383 -0.050450681 0.996896744
463.327000000 5.563253491 29.306746037 11.630406786 0.046536270 -0.037367915 -0.049459712 0.996991350
463.430700000 6.474413208 29.226435884 11.694336068 0.045215164 -0.036948865 -0.049203773 0.997080418
463.534200000 7.433098352 29.195532182 11.759629825 0.047874917 -0.037025824 -0.048595963 0.996983206
463.637800000 8.358677377 29.105047047 11.874489165 0.047870353 -0.037919250 -0.046016730 0.997072224
463.741400000 9.295830786 28.988865479 11.954878371 0.049700075 -0.038248792 -0.043588441 0.997079225
463.845100000 10.343708373 28.891911769 12.017035879 0.050018530 -0.037395791 -0.041264125 0.997194551
463.948700000 11.381465362 28.811347416 12.066534393 0.051450723 -0.035712825 -0.038762655 0.997283748
464.052300000 12.421736785 28.693323441 12.139961345 0.049982572 -0.034198615 -0.038117712 0.997436332
464.156000000 13.351684759 28.610058284 12.144465531 0.049730303 -0.032899863 -0.037257949 0.997525108
464.259700000 14.380726176 28.548527064 12.254884436 0.049261104 -0.034467841 -0.036256088 0.997532359
464.363300000 15.476679908 28.492537577 12.367308678 0.047365032 -0.036523991 -0.034488114 0.997613714
464.467100000 16.521193783 28.456908254 12.463437854 0.047485219 -0.037844472 -0.034226624 0.997567786
464.570700000 17.660334024 28.343142466 12.520091741 0.046614412 -0.035591311 -0.033756083 0.997707814
464.674300000 18.769374262 28.274010675 12.570663661 0.046812468 -0.032872535 -0.032935192 0.997819253
464.778000000 19.834980728 28.188732646 12.644113320 0.047420627 -0.032197667 -0.031999288 0.997842994
464.881600000 20.888904069 28.092903930 12.723862867 0.047532890 -0.033933869 -0.031482364 0.997796561
464.985300000 21.966101222 28.005790886 12.789030537 0.047797023 -0.035423174 -0.031619950 0.997727830
465.088900000 23.061352290 28.024934753 12.916901846 0.048798491 -0.036232958 -0.030998016 0.997669787
465.192600000 24.129089563 27.913912139 13.002364614 0.044057577 -0.035712825 -0.031436329 0.997895426
465.296200000 25.243017550 27.866844416 13.078156841 0.044154051 -0.034412967 -0.032016109 0.997918402
465.399900000 26.369217397 27.751188109 13.157286516 0.043787349 -0.034048699 -0.033350474 0.997903352
465.503700000 27.504497201 27.703992837 13.232592157 0.043944778 -0.032358732 -0.034636690 0.997908848
465.607200000 28.603339739 27.644844174 13.291441047 0.043004856 -0.030466042 -0.034932755 0.997999051
465.710800000 29.721612158 27.563877969 13.361420585 0.043547217 -0.029684848 -0.035436831 0.997981303
465.814400000 30.825227510 27.587374642 13.469386979 0.042043735 -0.031208628 -0.036341788 0.997966743
465.918000000 31.902577485 27.450652681 13.559016688 0.039648690 -0.032514104 -0.038031552 0.997960127
466.021700000 33.033813676 27.362047740 13.612908915 0.038858389 -0.032475861 -0.039163621 0.997948673
466.125300000 34.188000541 27.254850451 13.705302823 0.040078360 -0.031912784 -0.040051403 0.997883352
466.229000000 35.314277029 27.213221207 13.777232636 0.044458417 -0.031814990 -0.040650540 0.997676696
466.332600000 36.451405858 27.142156984 13.884682884 0.042695978 -0.033373804 -0.041443593 0.997670121
466.436100000 37.639159548 26.972844910 13.964851808 0.039360581 -0.035874764 -0.042008392 0.997696868
466.539700000 38.751266686 26.938467617 14.051861587 0.038056998 -0.035645805 -0.041924111 0.997759195
466.643400000 39.833545824 26.827994396 14.115505039 0.041044276 -0.033931772 -0.041800680 0.997705721
466.747000000 40.988452458 26.718531487 14.179202655 0.043730490 -0.033122050 -0.042151327 0.997604050
466.850600000 42.130413698 26.610335506 14.317827355 0.044914506 -0.033730530 -0.041945479 0.997539731
466.954200000 43.241964747 26.495622999 14.357494568 0.044802258 -0.033723570 -0.042681247 0.997513804
467.057800000 44.402611169 26.393064085 14.475550827 0.042988110 -0.032708485 -0.042517844 0.997634407
467.161400000 45.601966108 26.295963549 14.484166307 0.043478214 -0.030490950 -0.042192735 0.997697209
467.265000000 46.775318997 26.210392935 14.602479475 0.036996642 -0.028263459 -0.043579820 0.997964541
467.368700000 47.871616002 26.152059874 14.697008433 0.038793771 -0.031010664 -0.043575629 0.997814886
467.472300000 49.070013945 26.032717115 14.782576275 0.037604260 -0.034709137 -0.043261502 0.997752293
467.576000000 50.281442360 25.855101724 14.840482392 0.035601770 -0.036725654 -0.043761903 0.997731746
467.679600000 51.495500786 25.783858281 14.896372705 0.035375601 -0.035978964 -0.043742939 0.997767827
467.783200000 52.686284837 25.677322705 14.996744379 0.037767454 -0.035210690 -0.043434127 0.997721055
467.887000000 53.820579471 25.612176036 15.082392939 0.040047434 -0.034041090 -0.043073973 0.997688348
467.990600000 55.124870521 25.486620506 15.182994956 0.039580018 -0.033902187 -0.042601173 0.997732030
468.094200000 56.291115286 25.344516023 15.239635671 0.041501896 -0.032926180 -0.042917667 0.997673059
468.198000000 57.416607482 25.340051072 15.312560571 0.042919041 -0.031373871 -0.042652036 0.997674516
468.301600000 58.585427658 25.191051575 15.363559909 0.042785182 -0.029210965 -0.042958828 0.997732773
468.405200000 59.795553027 25.100120309 15.450936617 0.039646830 -0.030909719 -0.043139543 0.997803437
468.508800000 60.908403109 24.976822133 15.582875825 0.037499346 -0.035338261 -0.043354826 0.997730106
468.612400000 62.147226783 24.914905557 15.685973880 0.035865086 -0.037021329 -0.043171955 0.997737089
468.715900000 63.344663777 24.804293629 15.806372352 0.036441714 -0.037973039 -0.043111772 0.997683028
468.819600000 64.511375191 24.715896595 15.910039888 0.039157696 -0.039112346 -0.043782441 0.997506891
468.923200000 65.658470494 24.647194049 16.067182673 0.044582446 -0.039999193 -0.042816681 0.997285918
469.026800000 66.795318192 24.525280172 16.150962174 0.048472775 -0.038408782 -0.042301492 0.997188919
469.130400000 67.988244588 24.423859146 16.229716835 0.051920457 -0.035117700 -0.042590390 0.997124401
469.234100000 69.260255731 24.320972807 16.357903915 0.050470176 -0.032756214 -0.042086977 0.997300596
469.337700000 70.573276259 24.256866199 16.384455033 0.048388810 -0.031221155 -0.042377953 0.997440661
469.441500000 71.647094127 24.130201736 16.484764277 0.048505200 -0.030904610 -0.043162568 0.997411221
469.545100000 72.753799242 24.044941512 16.578022486 0.048345845 -0.030963814 -0.043035075 0.997422630
469.648800000 73.875286136 23.921030559 16.648832752 0.045779601 -0.033981284 -0.044090981 0.997399361
469.752500000 75.013844215 23.851288093 16.738654267 0.044505318 -0.036172287 -0.045102641 0.997334745
469.856200000 76.179470502 23.802974992 16.842205779 0.044499905 -0.036295282 -0.045246114 0.997324020
469.959800000 77.309421978 23.649257415 16.918333209 0.046220648 -0.034236784 -0.044615780 0.997346944
470.063400000 78.406119769 23.496507669 16.965498305 0.048494549 -0.031632387 -0.045450401 0.997287287
470.167000000 79.506660104 23.364833278 17.058384660 0.050019123 -0.029524816 -0.045516026 0.997273615
470.270600000 80.619040584 23.294781179 17.134626984 0.051950209 -0.030082213 -0.046052308 0.997133602
470.374300000 81.668077574 23.193048477 17.194531041 0.053686058 -0.031099494 -0.046451251 0.996991931
470.477900000 82.779361211 23.051390264 17.294486444 0.055151505 -0.032703996 -0.047239960 0.996823528
470.581600000 83.933842636 22.965563992 17.407190396 0.054450165 -0.034450802 -0.047749784 0.996778952
